{"mae_rna_gpm": 0.7712109275730621, "evs_rna_gpm": -0.09824991015072526, "evs_sispi_gpm": -0.21779550013348925, "mse_sispi_gpm": 3.090376349428208, "med_ae_sispi_gpm": 0.0, "med_ae_rna_gpm": 0.488, "msle_sispi_gpm": 0.209860950395715, "mae_sispi_gpm": 0.39095171537484114, "msle_rna_gpm": 0.27828268329080275, "corrcoef_rna_gpm": [1.0, 0.022059096484909845, 0.022059096484909845, 1.0], "mse_rna_gpm": 2.7864341664548924, "r2_rna_gpm": -0.11903161504094895, "r2_sispi_gpm": -0.24109475795899193, "corrcoef_sispi_gpm": [0.9999999999999999, 0.012449404420623662, 0.012449404420623662, 1.0]}