{"mae_rna_gpm": 0.12849682337992377, "evs_rna_gpm": -0.8469895967885805, "evs_sispi_gpm": 0.04270648971252944, "mse_sispi_gpm": 0.0003267141041931385, "med_ae_sispi_gpm": 0.0, "med_ae_rna_gpm": 0.131, "msle_sispi_gpm": 0.0002457247718611219, "mae_sispi_gpm": 0.001789072426937738, "msle_rna_gpm": 0.014761540482926624, "corrcoef_rna_gpm": [0.9999999999999999, -0.22672865631554395, -0.22672865631554392, 1.0], "mse_rna_gpm": 0.0167473913595934, "r2_rna_gpm": -48.30017427563527, "r2_sispi_gpm": 0.0382345567028749, "corrcoef_sispi_gpm": [0.9999999999999999, 0.20708859143467773, 0.20708859143467773, 1.0]}