{"mae_rna_gpm": 0.5603659466327827, "evs_rna_gpm": 0.011129571677212291, "evs_sispi_gpm": 0.12426394770393989, "mse_sispi_gpm": 1.703542675984752, "med_ae_sispi_gpm": 0.0, "med_ae_rna_gpm": 0.335, "msle_sispi_gpm": 0.147500697943316, "mae_sispi_gpm": 0.30218043202033035, "msle_rna_gpm": 0.18703030134020718, "corrcoef_rna_gpm": [1.0, 0.13744441023816537, 0.1374444102381654, 1.0], "mse_rna_gpm": 1.8817546454891996, "r2_rna_gpm": 0.009828218005216827, "r2_sispi_gpm": 0.10360264488919801, "corrcoef_sispi_gpm": [0.9999999999999999, 0.3715718857060243, 0.37157188570602423, 1.0]}