{"mae_sispi_gpm": 0.46615374841169005, "r2_sispi_gpm": -1.2130511871332739, "corrcoef_rna_gpm": [1.0, 0.04712257875224896, 0.04712257875224897, 0.9999999999999999], "r2_rna_gpm": -0.04903396222813239, "med_ae_rna_gpm": 0.283, "evs_sispi_gpm": -1.2120314356655815, "mae_rna_gpm": 0.5514027954256672, "med_ae_sispi_gpm": 0.0, "mse_sispi_gpm": 5.207916494282084, "corrcoef_sispi_gpm": [1.0, 0.12491207806791112, 0.12491207806791112, 0.9999999999999999], "evs_rna_gpm": -0.046338311176833846, "mse_rna_gpm": 2.4686646683608635, "msle_rna_gpm": 0.1883330795719544, "msle_sispi_gpm": 0.2172072798783592}