{"mae_sispi_gpm": 0.06563786531130876, "r2_sispi_gpm": -1.9164344410917074, "corrcoef_rna_gpm": [1.0, -0.12146946284827514, -0.12146946284827514, 1.0], "r2_rna_gpm": -1.6367663228969502, "med_ae_rna_gpm": 0.582, "evs_sispi_gpm": -1.9141037782265489, "mae_rna_gpm": 0.6003176620076238, "med_ae_sispi_gpm": 0.0, "mse_sispi_gpm": 0.5311989440914867, "corrcoef_sispi_gpm": [1.0, 0.3897920343215137, 0.3897920343215137, 1.0], "evs_rna_gpm": -0.020376709561944706, "mse_rna_gpm": 0.48026023379923755, "msle_rna_gpm": 0.21676296775179338, "msle_sispi_gpm": 0.022564802884585882}