{"mae_sispi_gpm": 0.0901092757306226, "r2_sispi_gpm": 0.002118012364207944, "corrcoef_rna_gpm": [1.0, 0.042883264585540676, 0.04288326458554068, 1.0], "r2_rna_gpm": -0.3182065002676926, "med_ae_rna_gpm": 0.553, "evs_sispi_gpm": 0.008790052386011826, "mae_rna_gpm": 0.6066518424396441, "med_ae_sispi_gpm": 0.0, "mse_sispi_gpm": 0.6975826861499365, "corrcoef_sispi_gpm": [1.0, 0.09711072433171393, 0.09711072433171394, 1.0], "evs_rna_gpm": 0.00010714211482631963, "mse_rna_gpm": 0.9215098005082591, "msle_rna_gpm": 0.21368514595512628, "msle_sispi_gpm": 0.044319539245402245}