{"mae_sispi_gpm": 0.2364269377382465, "r2_sispi_gpm": -0.13907179721689622, "corrcoef_rna_gpm": [1.0, 0.18151669012477012, 0.18151669012477012, 0.9999999999999998], "r2_rna_gpm": -2.1598592841722692, "med_ae_rna_gpm": 0.397, "evs_sispi_gpm": -0.12376011698469447, "mae_rna_gpm": 0.6282198221092757, "med_ae_sispi_gpm": 0.0, "mse_sispi_gpm": 1.3934999695044474, "corrcoef_sispi_gpm": [1.0, 0.32273956658956626, 0.32273956658956626, 0.9999999999999998], "evs_rna_gpm": -2.0788412697105487, "mse_rna_gpm": 3.865659589580687, "msle_rna_gpm": 0.20568869385559793, "msle_sispi_gpm": 0.11399850942876713}