{"mae_sispi_gpm": 0.16637738246505718, "r2_sispi_gpm": 0.03593911974423458, "corrcoef_rna_gpm": [1.0, 0.15307334709300283, 0.15307334709300283, 0.9999999999999999], "r2_rna_gpm": -0.05054991531893149, "med_ae_rna_gpm": 0.52, "evs_sispi_gpm": 0.04106653776467273, "mae_rna_gpm": 0.6501715374841168, "med_ae_sispi_gpm": 0.0, "mse_sispi_gpm": 2.477680405336721, "corrcoef_sispi_gpm": [1.0, 0.21154063995364414, 0.2115406399536441, 0.9999999999999999], "evs_rna_gpm": 0.0015963679565726974, "mse_rna_gpm": 2.69996116772554, "msle_rna_gpm": 0.22171847662202054, "msle_sispi_gpm": 0.0634195226510932}