{"mae_rna_gpm": 0.17301522842639588, "evs_rna_gpm": -1.0565618280153797, "evs_sispi_gpm": -23.18178196746239, "mse_sispi_gpm": 0.002895380710659899, "med_ae_sispi_gpm": 0.0, "med_ae_rna_gpm": 0.174, "msle_sispi_gpm": 0.0018379197395735356, "mae_sispi_gpm": 0.006791878172588833, "msle_rna_gpm": 0.02561192282172478, "corrcoef_rna_gpm": [0.9999999999999999, 0.0013506287194019763, 0.0013506287194019763, 1.0], "mse_rna_gpm": 0.030167700507614206, "r2_rna_gpm": -253.30141597341395, "r2_sispi_gpm": -23.406878950455067, "corrcoef_sispi_gpm": [1.0, -0.008517934729095096, -0.008517934729095098, 1.0]}