{"mae_rna_gpm": 0.4012249047013977, "evs_rna_gpm": 0.05640960450246346, "evs_sispi_gpm": -1.2250022978589117, "mse_sispi_gpm": 2.5378636378653114, "med_ae_sispi_gpm": 0.0, "med_ae_rna_gpm": 0.231, "msle_sispi_gpm": 0.12970011459991995, "mae_sispi_gpm": 0.2900088945362135, "msle_rna_gpm": 0.1227474107448765, "corrcoef_rna_gpm": [1.0, 0.23752427713720503, 0.23752427713720506, 1.0], "mse_rna_gpm": 1.071668261753494, "r2_rna_gpm": 0.05465734047458548, "r2_sispi_gpm": -1.238706553655772, "corrcoef_sispi_gpm": [1.0, 0.12532431242855332, 0.12532431242855332, 1.0]}