{"mae_rna_gpm": 0.42739135959339264, "evs_rna_gpm": -4.994470420006999, "evs_sispi_gpm": 0.032673849184786, "mse_sispi_gpm": 0.001300269377382465, "med_ae_sispi_gpm": 0.0, "med_ae_rna_gpm": 0.422, "msle_sispi_gpm": 0.0008402822541387361, "mae_sispi_gpm": 0.0038754764930114356, "msle_rna_gpm": 0.12714023011448233, "corrcoef_rna_gpm": [1.0, 0.2052432023184887, 0.2052432023184887, 1.0], "mse_rna_gpm": 0.19018445362134684, "r2_rna_gpm": -141.14518613854472, "r2_sispi_gpm": 0.028169605038975476, "corrcoef_sispi_gpm": [1.0, 0.21150478033344516, 0.21150478033344516, 1.0]}