{"mae_sispi_gpm": 0.4600495552731893, "r2_sispi_gpm": -0.5684382692044285, "corrcoef_rna_gpm": [1.0, -0.18991834911663283, -0.18991834911663283, 1.0], "r2_rna_gpm": -0.01871303483633313, "med_ae_rna_gpm": 0.301, "evs_sispi_gpm": -0.5604488951005995, "mae_rna_gpm": 0.5742287166454891, "med_ae_sispi_gpm": 0.0, "mse_sispi_gpm": 4.7136973532401525, "corrcoef_sispi_gpm": [1.0, 0.07743259095599184, 0.07743259095599184, 1.0], "evs_rna_gpm": -0.01733689277376005, "mse_rna_gpm": 3.0615836340533664, "msle_rna_gpm": 0.21050619322064834, "msle_sispi_gpm": 0.22144034772116442}