{"mae_rna_gpm": 0.6617318932655654, "evs_rna_gpm": -0.004825831927788737, "evs_sispi_gpm": -0.8209894189883631, "mse_sispi_gpm": 2.6959318068614997, "med_ae_sispi_gpm": 0.0, "med_ae_rna_gpm": 0.547, "msle_sispi_gpm": 0.14519740307447285, "mae_sispi_gpm": 0.2957357052096569, "msle_rna_gpm": 0.23010753901537412, "corrcoef_rna_gpm": [1.0, -0.03948837519371316, -0.03948837519371316, 1.0], "mse_rna_gpm": 1.5736608881829737, "r2_rna_gpm": -0.06993367018156693, "r2_sispi_gpm": -0.8329668318852967, "corrcoef_sispi_gpm": [1.0, 0.07379484430239254, 0.07379484430239254, 1.0]}