{"mae_rna_gpm": 0.5782922490470139, "evs_rna_gpm": 0.01791458474075558, "evs_sispi_gpm": 0.008790052386011826, "mse_sispi_gpm": 0.6975826861499365, "med_ae_sispi_gpm": 0.0, "med_ae_rna_gpm": 0.515, "msle_sispi_gpm": 0.044319539245402245, "mae_sispi_gpm": 0.0901092757306226, "msle_rna_gpm": 0.1970231344874729, "corrcoef_rna_gpm": [1.0, 0.18595828661010097, 0.18595828661010097, 1.0], "mse_rna_gpm": 0.8839535501905972, "r2_rna_gpm": -0.26448282498272313, "r2_sispi_gpm": 0.002118012364207944, "corrcoef_sispi_gpm": [1.0, 0.09711072433171393, 0.09711072433171394, 1.0]}