{"mae_rna_gpm": 65.27627954256671, "evs_rna_gpm": -243.2158619015332, "evs_sispi_gpm": -0.46481490495389943, "mse_sispi_gpm": 1.6159219021601015, "med_ae_sispi_gpm": 0.0, "med_ae_rna_gpm": 69.858, "msle_sispi_gpm": 0.11260414165365198, "mae_sispi_gpm": 0.2550864040660737, "msle_rna_gpm": 16.7833524350701, "corrcoef_rna_gpm": [1.0, -0.3623675391725699, -0.36236753917256986, 1.0], "mse_rna_gpm": 4506.975557679796, "r2_rna_gpm": -4091.614790152329, "r2_sispi_gpm": -0.4673578305172983, "corrcoef_sispi_gpm": [0.9999999999999998, 0.2464395389878973, 0.24643953898789725, 1.0]}