{"mae_rna_gpm": 0.020236040609137054, "evs_rna_gpm": -0.000678698450010895, "evs_sispi_gpm": -0.9333431238390371, "mse_sispi_gpm": 0.0015489314720812187, "med_ae_sispi_gpm": 0.0, "med_ae_rna_gpm": 0.019, "msle_sispi_gpm": 0.0010291673442051209, "mae_sispi_gpm": 0.004104060913705584, "msle_rna_gpm": 0.0008121774985235498, "corrcoef_rna_gpm": [0.9999999999999999, 0.004712742271771595, 0.004712742271771595, 0.9999999999999999], "mse_rna_gpm": 0.0011015253807106602, "r2_rna_gpm": -0.375629556869002, "r2_sispi_gpm": -0.9343684238894787, "corrcoef_sispi_gpm": [1.0, -0.00520585160741406, -0.00520585160741406, 0.9999999999999999]}