{"mae_sispi_gpm": 0.39456543837357055, "r2_sispi_gpm": -0.07601481003859512, "corrcoef_rna_gpm": [0.9999999999999999, 0.16304902223603532, 0.16304902223603532, 1.0], "r2_rna_gpm": 0.025120299481057318, "med_ae_rna_gpm": 0.323, "evs_sispi_gpm": -0.04636067813871203, "mae_rna_gpm": 0.6121143583227446, "med_ae_sispi_gpm": 0.0, "mse_sispi_gpm": 3.5140444078780178, "corrcoef_sispi_gpm": [1.0, 0.09577403112332522, 0.09577403112332523, 1.0], "evs_rna_gpm": 0.025185249958363354, "mse_rna_gpm": 3.1837578144853875, "msle_rna_gpm": 0.20398204397482378, "msle_sispi_gpm": 0.19995450704313558}