{"mae_sispi_gpm": 0.018093908629441623, "r2_sispi_gpm": -1759.6118914334188, "corrcoef_rna_gpm": [1.0, -0.00800349096370138, -0.00800349096370138, 0.9999999999999998], "r2_rna_gpm": -7462.461313731036, "med_ae_rna_gpm": 0.391, "evs_sispi_gpm": -1744.442538560614, "mae_rna_gpm": 0.39117766497461937, "med_ae_sispi_gpm": 0.0, "mse_sispi_gpm": 0.03610345431472082, "corrcoef_sispi_gpm": [1.0, -0.004765375440222016, -0.004765375440222016, 0.9999999999999998], "evs_rna_gpm": -0.32850312568717843, "mse_rna_gpm": 0.15304720812182743, "msle_rna_gpm": 0.10898458265126394, "msle_sispi_gpm": 0.009204495550450942}