{"mae_rna_gpm": 1.9381791613722992, "evs_rna_gpm": -254691.38053481252, "evs_sispi_gpm": -35.12853851484161, "mse_sispi_gpm": 0.0012164853875476494, "med_ae_sispi_gpm": 0.0, "med_ae_rna_gpm": 1.787, "msle_sispi_gpm": 0.000661014177760031, "mae_sispi_gpm": 0.0027776365946632782, "msle_rna_gpm": 1.0844280282934209, "corrcoef_rna_gpm": [1.0, 0.09883595427968193, 0.09883595427968193, 1.0], "mse_rna_gpm": 12.297198639135958, "r2_rna_gpm": -366715.70927041495, "r2_sispi_gpm": -35.27700351015589, "corrcoef_sispi_gpm": [1.0, 0.3876939300334721, 0.387693930033472, 1.0]}