{"mse_sispi_gpm": 17.057198298666663, "mse_rna_gpm": 1.8956335386666663, "evs_rna_gpm": 0.48179211695312896, "r2_rna_gpm": 0.4627400854760221, "evs_sispi_gpm": -3.6882669784188664, "mae_rna_gpm": 0.25927199999999995, "msle_rna_gpm": 0.09182140467270437, "mae_sispi_gpm": 1.4540906666666666, "corrcoef_rna_gpm": [1.0, 0.7554605907637855, 0.7554605907637855, 0.9999999999999999], "msle_sispi_gpm": 0.7905089628207664, "r2_sispi_gpm": -3.8343462557673407, "med_ae_rna_gpm": 0.0, "corrcoef_sispi_gpm": [0.9999999999999999, -0.05848343913511602, -0.058483439135116014, 0.9999999999999999], "med_ae_sispi_gpm": 0.0}