{"mae_rna_gpm": 0.4210190597204574, "evs_rna_gpm": -0.011013509598204463, "evs_sispi_gpm": -0.013395746824945709, "mse_sispi_gpm": 1.8690180533672172, "med_ae_sispi_gpm": 0.0, "med_ae_rna_gpm": 0.237, "msle_sispi_gpm": 0.1223479146350239, "mae_sispi_gpm": 0.24007369758576877, "msle_rna_gpm": 0.13349510390267874, "corrcoef_rna_gpm": [1.0, 0.036034501280933384, 0.036034501280933384, 1.0], "mse_rna_gpm": 1.8237305412960605, "r2_rna_gpm": -0.011776612624237348, "r2_sispi_gpm": -0.03690140190641422, "corrcoef_sispi_gpm": [1.0, 0.03668633170531088, 0.03668633170531088, 1.0]}