{"mae_sispi_gpm": 0.08157687420584497, "r2_sispi_gpm": 0.03465172104970626, "corrcoef_rna_gpm": [NaN, NaN, NaN, 1.0], "r2_rna_gpm": -0.14167798672881227, "med_ae_rna_gpm": 0.399, "evs_sispi_gpm": 0.039813910657991, "mae_rna_gpm": 0.4561080050825922, "med_ae_sispi_gpm": 0.0, "mse_sispi_gpm": 0.7022327890724269, "corrcoef_sispi_gpm": [1.0, 0.2067385318173683, 0.20673853181736826, 1.0], "evs_rna_gpm": 0.0, "mse_rna_gpm": 0.8305020419313849, "msle_rna_gpm": 0.13695370300396206, "msle_sispi_gpm": 0.03694316530602025}