{"mae_sispi_gpm": 0.20007623888182974, "r2_sispi_gpm": -0.008287564575436779, "corrcoef_rna_gpm": [1.0, -0.07173968706894268, -0.07173968706894268, 0.9999999999999998], "r2_rna_gpm": -0.006034739996489513, "med_ae_rna_gpm": 0.35, "evs_sispi_gpm": -0.0006942850003093248, "mae_rna_gpm": 0.5246543837357053, "med_ae_sispi_gpm": 0.0, "mse_sispi_gpm": 4.293915273189327, "corrcoef_sispi_gpm": [0.9999999999999998, 0.03434950690756995, 0.03434950690756995, 0.9999999999999998], "evs_rna_gpm": -0.0004482356248702857, "mse_rna_gpm": 4.284321345616263, "msle_rna_gpm": 0.15639864739017184, "msle_sispi_gpm": 0.08979415153670318}