{"mae_sispi_gpm": 0.4563951715374841, "r2_sispi_gpm": -0.1707709240596591, "corrcoef_rna_gpm": [1.0, 0.05719851104473848, 0.057198511044738484, 1.0], "r2_rna_gpm": -0.3803648043883687, "med_ae_rna_gpm": 0.454, "evs_sispi_gpm": -0.14542365513481625, "mae_rna_gpm": 0.8099250317662008, "med_ae_sispi_gpm": 0.0, "mse_sispi_gpm": 4.370603447268107, "corrcoef_sispi_gpm": [1.0, 0.07900609377540399, 0.07900609377540399, 1.0], "evs_rna_gpm": -0.3772169728112722, "mse_rna_gpm": 5.153038095298602, "msle_rna_gpm": 0.284538616604793, "msle_sispi_gpm": 0.22952150979298255}