{"mae_sispi_gpm": 0.0027776365946632782, "r2_sispi_gpm": -35.27700351015589, "corrcoef_rna_gpm": [1.0, 0.329900395062584, 0.329900395062584, 1.0], "r2_rna_gpm": -5771.000185464729, "med_ae_rna_gpm": 0.245, "evs_sispi_gpm": -35.12853851484161, "mae_rna_gpm": 0.28506226175349436, "med_ae_sispi_gpm": 0.0, "mse_sispi_gpm": 0.0012164853875476494, "corrcoef_sispi_gpm": [1.0, 0.3876939300334721, 0.387693930033472, 1.0], "evs_rna_gpm": -3347.718144651702, "mse_rna_gpm": 0.19355385514612453, "msle_rna_gpm": 0.07291928998231703, "msle_sispi_gpm": 0.000661014177760031}