{"mae_rna_gpm": 0.7552579415501905, "evs_rna_gpm": -0.5451988778929784, "evs_sispi_gpm": -0.09191991910644015, "mse_sispi_gpm": 8.544673537484117, "med_ae_sispi_gpm": 0.0, "med_ae_rna_gpm": 0.231, "msle_sispi_gpm": 0.2196387702570599, "mae_sispi_gpm": 0.4920711562897077, "msle_rna_gpm": 0.23971878860533466, "corrcoef_rna_gpm": [1.0, 0.0866825980031466, 0.0866825980031466, 0.9999999999999999], "mse_rna_gpm": 12.030805021601017, "r2_rna_gpm": -0.5460688751551686, "r2_sispi_gpm": -0.09806898050020729, "corrcoef_sispi_gpm": [1.0, 0.11634102733291425, 0.11634102733291427, 0.9999999999999999]}