{"mae_sispi_gpm": 0.3195069885641677, "r2_sispi_gpm": -0.06346785751352324, "corrcoef_rna_gpm": [1.0, 0.14981111967310623, 0.14981111967310623, 1.0], "r2_rna_gpm": 0.018596744409691723, "med_ae_rna_gpm": 0.229, "evs_sispi_gpm": -0.04515410460650138, "mae_rna_gpm": 0.4800749682337992, "med_ae_sispi_gpm": 0.0, "mse_sispi_gpm": 2.5484776493011436, "corrcoef_sispi_gpm": [1.0, 0.1779370920313147, 0.17793709203131466, 1.0], "evs_rna_gpm": 0.018606335493475457, "mse_rna_gpm": 2.351819327827192, "msle_rna_gpm": 0.15993789358692292, "msle_sispi_gpm": 0.1514047980033345}