{"mae_sispi_gpm": 0.015040609137055839, "r2_sispi_gpm": -0.3182828222980405, "corrcoef_rna_gpm": [0.9999999999999998, -0.010067954178732415, -0.010067954178732415, 0.9999999999999999], "r2_rna_gpm": -6.547547196085739, "med_ae_rna_gpm": 0.304, "evs_sispi_gpm": -0.3181629775680641, "mae_rna_gpm": 0.3139416243654822, "med_ae_sispi_gpm": 0.0, "mse_sispi_gpm": 0.018575355329949243, "corrcoef_sispi_gpm": [1.0, -0.006437901136219788, -0.006437901136219788, 0.9999999999999999], "evs_rna_gpm": -0.09191880353133808, "mse_rna_gpm": 0.10634923604060915, "msle_rna_gpm": 0.07506894083640996, "msle_sispi_gpm": 0.006932368266958242}