{"mae_rna_gpm": 0.622730622617535, "evs_rna_gpm": 0.013012070826635136, "evs_sispi_gpm": -0.11111304545009659, "mse_sispi_gpm": 4.666712536213468, "med_ae_sispi_gpm": 0.0, "med_ae_rna_gpm": 0.269, "msle_sispi_gpm": 0.22611406982584262, "mae_sispi_gpm": 0.4625514612452351, "msle_rna_gpm": 0.21430669305493422, "corrcoef_rna_gpm": [1.0, 0.1526553611265618, 0.15265536112656178, 1.0], "mse_rna_gpm": 4.099646385006354, "r2_rna_gpm": 0.0124197426941276, "r2_sispi_gpm": -0.1241830964109103, "corrcoef_sispi_gpm": [1.0, 0.17229479747882023, 0.17229479747882026, 1.0]}