{"mae_sispi_gpm": 0.006791878172588833, "r2_sispi_gpm": -23.406878950455067, "corrcoef_rna_gpm": [1.0, -0.01425339561480418, -0.01425339561480418, 1.0], "r2_rna_gpm": -2483.3768031451614, "med_ae_rna_gpm": 0.54, "evs_sispi_gpm": -23.18178196746239, "mae_rna_gpm": 0.542492385786802, "med_ae_sispi_gpm": 0.0, "mse_sispi_gpm": 0.002895380710659899, "corrcoef_sispi_gpm": [1.0, -0.008517934729095096, -0.008517934729095098, 1.0], "evs_rna_gpm": -2.564743586958883, "mse_rna_gpm": 0.2947208730964467, "msle_rna_gpm": 0.18780394214804155, "msle_sispi_gpm": 0.0018379197395735356}