{"mae_rna_gpm": 0.7013519695044473, "evs_rna_gpm": -5.029355708319194e-05, "evs_sispi_gpm": -0.1419502557022374, "mse_sispi_gpm": 4.229180274459975, "med_ae_sispi_gpm": 0.0, "med_ae_rna_gpm": 0.521, "msle_sispi_gpm": 0.16113637491752517, "mae_sispi_gpm": 0.34075730622617534, "msle_rna_gpm": 0.2368794117422138, "corrcoef_rna_gpm": [0.9999999999999999, -0.06922095427421622, -0.06922095427421622, 1.0], "mse_rna_gpm": 3.718902038119441, "r2_rna_gpm": -0.014115538603303834, "r2_sispi_gpm": -0.153264428028125, "corrcoef_sispi_gpm": [1.0, 0.07221598794877766, 0.07221598794877765, 1.0]}