{"mae_rna_gpm": 0.40680432020330365, "evs_rna_gpm": -0.00019439078670546728, "evs_sispi_gpm": 0.008790052386011826, "mse_sispi_gpm": 0.6975826861499365, "med_ae_sispi_gpm": 0.0, "med_ae_rna_gpm": 0.346, "msle_sispi_gpm": 0.044319539245402245, "mae_sispi_gpm": 0.0901092757306226, "msle_rna_gpm": 0.11614679960809265, "corrcoef_rna_gpm": [0.9999999999999999, -0.08952965745454135, -0.08952965745454135, 1.0], "mse_rna_gpm": 0.7691994523506985, "r2_rna_gpm": -0.10032874043421769, "r2_sispi_gpm": 0.002118012364207944, "corrcoef_sispi_gpm": [1.0, 0.09711072433171393, 0.09711072433171394, 1.0]}