{"mae_rna_gpm": 0.9259517153748413, "evs_rna_gpm": -0.02157068431100373, "evs_sispi_gpm": -1.9141037782265489, "mse_sispi_gpm": 0.5311989440914867, "med_ae_sispi_gpm": 0.0, "med_ae_rna_gpm": 0.916, "msle_sispi_gpm": 0.022564802884585882, "mae_sispi_gpm": 0.06563786531130876, "msle_rna_gpm": 0.4218022376698125, "corrcoef_rna_gpm": [1.0, -0.04577772753981006, -0.04577772753981007, 1.0], "mse_rna_gpm": 0.9529728589580686, "r2_rna_gpm": -4.232094111264413, "r2_sispi_gpm": -1.9164344410917074, "corrcoef_sispi_gpm": [1.0, 0.3897920343215137, 0.3897920343215137, 1.0]}