{"mae_sispi_gpm": 0.22793265565438375, "r2_sispi_gpm": 0.044399346312056776, "corrcoef_rna_gpm": [1.0, 0.20528315478700487, 0.20528315478700487, 1.0], "r2_rna_gpm": 0.0300058497351976, "med_ae_rna_gpm": 0.232, "evs_sispi_gpm": 0.06362499762737561, "mae_rna_gpm": 0.41111308767471416, "med_ae_sispi_gpm": 0.0, "mse_sispi_gpm": 1.3605084256670903, "corrcoef_sispi_gpm": [0.9999999999999999, 0.2688321370060715, 0.2688321370060715, 1.0], "evs_rna_gpm": 0.03245222103688428, "mse_rna_gpm": 1.3810007445997456, "msle_rna_gpm": 0.12270472793637828, "msle_sispi_gpm": 0.10777154868175977}