{"mae_rna_gpm": 0.00023096446700507614, "evs_rna_gpm": -0.00018000188483702217, "evs_sispi_gpm": -1744.442538560614, "mse_sispi_gpm": 0.03610345431472082, "med_ae_sispi_gpm": 0.0, "med_ae_rna_gpm": 0.0, "msle_sispi_gpm": 0.009204495550450942, "mae_sispi_gpm": 0.018093908629441623, "msle_rna_gpm": 1.8851762259723145e-05, "corrcoef_rna_gpm": [1.0, -0.0025445292620865185, -0.0025445292620865185, 0.9999999999999998], "mse_rna_gpm": 2.0560913705583755e-05, "r2_rna_gpm": -0.002668300191625006, "r2_sispi_gpm": -1759.6118914334188, "corrcoef_sispi_gpm": [1.0, -0.004765375440222016, -0.004765375440222016, 0.9999999999999998]}