{"evs_sispi_gpm": -0.2131203524077565, "corrcoef_rna_gpm": [1.0, 0.784380224565906, 0.784380224565906, 0.9999999999999999], "mse_sispi_gpm": 14.854526754666665, "med_ae_rna_gpm": 0.0, "mse_rna_gpm": 10.008009023999998, "msle_sispi_gpm": 0.6242068477307752, "corrcoef_sispi_gpm": [1.0, 0.32700671949680427, 0.32700671949680427, 0.9999999999999999], "mae_rna_gpm": 0.9701653333333332, "r2_rna_gpm": 0.18266153627206538, "r2_sispi_gpm": -0.21314599616659535, "msle_rna_gpm": 0.3604807217491129, "mae_sispi_gpm": 1.52508, "med_ae_sispi_gpm": 0.0, "evs_rna_gpm": 0.2595295666272136}