{"mae_rna_gpm": 0.5920889453621347, "evs_rna_gpm": 0.03651646446979706, "evs_sispi_gpm": -0.4874176587641088, "mse_sispi_gpm": 4.939867529860229, "med_ae_sispi_gpm": 0.0, "med_ae_rna_gpm": 0.274, "msle_sispi_gpm": 0.22501623898048276, "mae_sispi_gpm": 0.4882414231257941, "msle_rna_gpm": 0.19618464094395258, "corrcoef_rna_gpm": [1.0, 0.1925877433075402, 0.1925877433075402, 1.0], "mse_rna_gpm": 3.1812621321473946, "r2_rna_gpm": 0.036148785101107084, "r2_sispi_gpm": -0.4966692848040897, "corrcoef_sispi_gpm": [1.0, 0.11037096993064892, 0.11037096993064892, 1.0]}