{"mae_rna_gpm": 0.9379733163913593, "evs_rna_gpm": -0.0048091332946296195, "evs_sispi_gpm": 0.04106653776467273, "mse_sispi_gpm": 2.477680405336721, "med_ae_sispi_gpm": 0.0, "med_ae_rna_gpm": 0.818, "msle_sispi_gpm": 0.0634195226510932, "mae_sispi_gpm": 0.16637738246505718, "msle_rna_gpm": 0.39245066045630184, "corrcoef_rna_gpm": [1.0, -0.12337165369630812, -0.12337165369630813, 0.9999999999999999], "mse_rna_gpm": 3.0205231067344345, "r2_rna_gpm": -0.17527997510862847, "r2_sispi_gpm": 0.03593911974423458, "corrcoef_sispi_gpm": [1.0, 0.21154063995364414, 0.2115406399536441, 0.9999999999999999]}