{"mae_sispi_gpm": 0.0901092757306226, "r2_sispi_gpm": 0.002118012364207944, "corrcoef_rna_gpm": [1.0, 0.06502411923321906, 0.06502411923321906, 1.0], "r2_rna_gpm": -0.17192510638685898, "med_ae_rna_gpm": 0.428, "evs_sispi_gpm": 0.008790052386011826, "mae_rna_gpm": 0.4858322744599746, "med_ae_sispi_gpm": 0.0, "mse_sispi_gpm": 0.6975826861499365, "corrcoef_sispi_gpm": [1.0, 0.09711072433171393, 0.09711072433171394, 1.0], "evs_rna_gpm": 2.444303517834534e-05, "mse_rna_gpm": 0.8192498449809402, "msle_rna_gpm": 0.15151743561639294, "msle_sispi_gpm": 0.044319539245402245}