{"mae_sispi_gpm": 0.35287166454892, "r2_sispi_gpm": -1.079618597010036, "corrcoef_rna_gpm": [1.0, 0.09770769848561527, 0.09770769848561527, 1.0], "r2_rna_gpm": -0.021181625671028437, "med_ae_rna_gpm": 0.314, "evs_sispi_gpm": -1.0723747507294976, "mae_rna_gpm": 0.5188678526048285, "med_ae_sispi_gpm": 0.0, "mse_sispi_gpm": 2.656175466327827, "corrcoef_sispi_gpm": [1.0, 0.06173856048981786, 0.06173856048981786, 1.0], "evs_rna_gpm": -0.008861527875633879, "mse_rna_gpm": 1.3042956937738246, "msle_rna_gpm": 0.17303145768064881, "msle_sispi_gpm": 0.178011073854575}