{"mae_sispi_gpm": 0.0029491740787801783, "r2_sispi_gpm": -0.02689406443054554, "corrcoef_rna_gpm": [1.0, -0.03381391051494665, -0.03381391051494665, 1.0], "r2_rna_gpm": -202.44248179823418, "med_ae_rna_gpm": 0.403, "evs_sispi_gpm": -0.02090713426107227, "mae_rna_gpm": 0.4005247776365948, "med_ae_sispi_gpm": 0.0, "mse_sispi_gpm": 0.0008145171537484115, "corrcoef_sispi_gpm": [1.0, 0.03358157778466294, 0.03358157778466295, 1.0], "evs_rna_gpm": -0.6664646044021123, "mse_rna_gpm": 0.1613675616264295, "msle_rna_gpm": 0.11368292961258324, "msle_sispi_gpm": 0.0005719261146479861}