{"mae_sispi_gpm": 0.0029491740787801783, "r2_sispi_gpm": -0.02689406443054554, "corrcoef_rna_gpm": [1.0, -0.05648613073132204, -0.05648613073132205, 1.0], "r2_rna_gpm": -136590.61534944654, "med_ae_rna_gpm": 10.501, "evs_sispi_gpm": -0.02090713426107227, "mae_rna_gpm": 10.351387547649301, "med_ae_sispi_gpm": 0.0, "mse_sispi_gpm": 0.0008145171537484115, "corrcoef_sispi_gpm": [1.0, 0.03358157778466294, 0.03358157778466295, 1.0], "evs_rna_gpm": -1500.8194112376057, "mse_rna_gpm": 108.34244506226175, "msle_rna_gpm": 5.874935867307383, "msle_sispi_gpm": 0.0005719261146479861}