{"mae_rna_gpm": 0.28978172588832485, "evs_rna_gpm": -0.12492756141532224, "evs_sispi_gpm": -23.18178196746239, "mse_sispi_gpm": 0.002895380710659899, "med_ae_sispi_gpm": 0.0, "med_ae_rna_gpm": 0.29, "msle_sispi_gpm": 0.0018379197395735356, "mae_sispi_gpm": 0.006791878172588833, "msle_rna_gpm": 0.06479980766325012, "corrcoef_rna_gpm": [1.0, -0.011897815540007134, -0.011897815540007132, 1.0], "mse_rna_gpm": 0.08410689847715734, "r2_rna_gpm": -707.9868639631619, "r2_sispi_gpm": -23.406878950455067, "corrcoef_sispi_gpm": [1.0, -0.008517934729095096, -0.008517934729095098, 1.0]}