{"mae_sispi_gpm": 0.3143761118170267, "r2_sispi_gpm": -0.12917644171916653, "corrcoef_rna_gpm": [1.0, 0.18733966044594147, 0.18733966044594144, 1.0], "r2_rna_gpm": 0.01977619594229163, "med_ae_rna_gpm": 0.36, "evs_sispi_gpm": -0.10701658517988233, "mae_rna_gpm": 0.5742172808132148, "med_ae_sispi_gpm": 0.0, "mse_sispi_gpm": 1.9161202795425667, "corrcoef_sispi_gpm": [1.0, 0.20488414852728987, 0.2048841485272899, 1.0], "evs_rna_gpm": 0.029895120198094705, "mse_rna_gpm": 1.6633598081321477, "msle_rna_gpm": 0.19132992541719637, "msle_sispi_gpm": 0.164543789698461}