{"mae_sispi_gpm": 0.49979542566709023, "r2_sispi_gpm": -0.4978633797152272, "corrcoef_rna_gpm": [0.9999999999999999, 0.2805790768107396, 0.2805790768107396, 0.9999999999999999], "r2_rna_gpm": 0.07497170421955623, "med_ae_rna_gpm": 0.321, "evs_sispi_gpm": -0.4917765502276634, "mae_rna_gpm": 0.6148208386277002, "med_ae_sispi_gpm": 0.0, "mse_sispi_gpm": 4.988064590851334, "corrcoef_sispi_gpm": [1.0, 0.24839069605402064, 0.24839069605402062, 0.9999999999999999], "evs_rna_gpm": 0.07538548729169092, "mse_rna_gpm": 3.0804551003811946, "msle_rna_gpm": 0.20190292389407472, "msle_sispi_gpm": 0.21895748139679697}