{"mae_rna_gpm": 0.4948881829733164, "evs_rna_gpm": 0.000426001793302655, "evs_sispi_gpm": 0.039813910657991, "mse_sispi_gpm": 0.7022327890724269, "med_ae_sispi_gpm": 0.0, "med_ae_rna_gpm": 0.439, "msle_sispi_gpm": 0.03694316530602025, "mae_sispi_gpm": 0.08157687420584497, "msle_rna_gpm": 0.15509433081144755, "corrcoef_rna_gpm": [1.0, 0.1310775536243051, 0.13107755362430512, 1.0], "mse_rna_gpm": 0.8575683951715375, "r2_rna_gpm": -0.17888567330288252, "r2_sispi_gpm": 0.03465172104970626, "corrcoef_sispi_gpm": [1.0, 0.2067385318173683, 0.20673853181736826, 1.0]}