{"mae_sispi_gpm": 0.3493621346886912, "r2_sispi_gpm": -2.65458072480116, "corrcoef_rna_gpm": [1.0, -0.13352742635439319, -0.13352742635439319, 1.0], "r2_rna_gpm": -0.02633662305697393, "med_ae_rna_gpm": 0.294, "evs_sispi_gpm": -2.654576650421274, "mae_rna_gpm": 0.4495196950444726, "med_ae_sispi_gpm": 0.0, "mse_sispi_gpm": 3.137922371029225, "corrcoef_sispi_gpm": [1.0, 0.18384184088640282, 0.18384184088640285, 1.0], "evs_rna_gpm": -0.02096093848266989, "mse_rna_gpm": 0.8812405285895807, "msle_rna_gpm": 0.15019969583570997, "msle_sispi_gpm": 0.1541107872581019}