{"mae_rna_gpm": 0.5401613722998729, "evs_rna_gpm": 0.00013696059119150394, "evs_sispi_gpm": -1.9141037782265489, "mse_sispi_gpm": 0.5311989440914867, "med_ae_sispi_gpm": 0.0, "med_ae_rna_gpm": 0.521, "msle_sispi_gpm": 0.022564802884585882, "mae_sispi_gpm": 0.06563786531130876, "msle_rna_gpm": 0.1826583375135897, "corrcoef_rna_gpm": [0.9999999999999998, 0.41107399203426537, 0.4110739920342654, 1.0], "mse_rna_gpm": 0.41546528462515897, "r2_rna_gpm": -1.2810234821364768, "r2_sispi_gpm": -1.9164344410917074, "corrcoef_sispi_gpm": [1.0, 0.3897920343215137, 0.3897920343215137, 1.0]}