{"mae_sispi_gpm": 0.446571791613723, "r2_sispi_gpm": -0.5380584913966537, "corrcoef_rna_gpm": [1.0, 0.027003250964488617, 0.027003250964488617, 1.0], "r2_rna_gpm": -1.9809919287245603, "med_ae_rna_gpm": 0.35, "evs_sispi_gpm": -0.5320992174891028, "mae_rna_gpm": 0.8902261753494282, "med_ae_sispi_gpm": 0.0, "mse_sispi_gpm": 8.151349379923762, "corrcoef_sispi_gpm": [1.0, 0.0897574559872607, 0.0897574559872607, 1.0], "evs_rna_gpm": -1.9648686464783998, "mse_rna_gpm": 15.798558277001268, "msle_rna_gpm": 0.284817380760876, "msle_sispi_gpm": 0.19464766650613521}