{"mae_rna_gpm": 0.8902261753494282, "evs_rna_gpm": -1.9648686464783998, "evs_sispi_gpm": -0.5320992174891028, "mse_sispi_gpm": 8.151349379923762, "med_ae_sispi_gpm": 0.0, "med_ae_rna_gpm": 0.35, "msle_sispi_gpm": 0.19464766650613521, "mae_sispi_gpm": 0.446571791613723, "msle_rna_gpm": 0.284817380760876, "corrcoef_rna_gpm": [1.0, 0.027003250964488617, 0.027003250964488617, 1.0], "mse_rna_gpm": 15.798558277001268, "r2_rna_gpm": -1.9809919287245603, "r2_sispi_gpm": -0.5380584913966537, "corrcoef_sispi_gpm": [1.0, 0.0897574559872607, 0.0897574559872607, 1.0]}