{"mae_sispi_gpm": 0.3792350698856417, "r2_sispi_gpm": -0.6077889658547531, "corrcoef_rna_gpm": [1.0, 0.07658159796400721, 0.07658159796400721, 1.0], "r2_rna_gpm": -0.027734176609325978, "med_ae_rna_gpm": 0.284, "evs_sispi_gpm": -0.6020941354246232, "mae_rna_gpm": 0.5405400254129605, "med_ae_sispi_gpm": 0.0, "mse_sispi_gpm": 5.42083329606099, "corrcoef_sispi_gpm": [1.0, 0.018798742155839713, 0.018798742155839713, 1.0], "evs_rna_gpm": -0.0259763646106681, "mse_rna_gpm": 3.4651162325285902, "msle_rna_gpm": 0.1751892290242128, "msle_sispi_gpm": 0.1749676924525143}