{"mae_sispi_gpm": 0.08157687420584497, "r2_sispi_gpm": 0.03465172104970626, "corrcoef_rna_gpm": [1.0, 0.267296632811326, 0.267296632811326, 1.0], "r2_rna_gpm": -0.1884652217538827, "med_ae_rna_gpm": 0.453, "evs_sispi_gpm": 0.039813910657991, "mae_rna_gpm": 0.5087217280813215, "med_ae_sispi_gpm": 0.0, "mse_sispi_gpm": 0.7022327890724269, "corrcoef_sispi_gpm": [1.0, 0.2067385318173683, 0.20673853181736826, 1.0], "evs_rna_gpm": 0.006439466939540894, "mse_rna_gpm": 0.8645369402795428, "msle_rna_gpm": 0.16121968811176504, "msle_sispi_gpm": 0.03694316530602025}