{"mae_rna_gpm": 1.0701499364675984, "evs_rna_gpm": 0.0001723936953609284, "evs_sispi_gpm": -0.4421487076177004, "mse_sispi_gpm": 3.779033510800508, "med_ae_sispi_gpm": 0.0, "med_ae_rna_gpm": 0.918, "msle_sispi_gpm": 0.19286686595198388, "mae_sispi_gpm": 0.3882045743329098, "msle_rna_gpm": 0.4474659775358881, "corrcoef_rna_gpm": [1.0, 0.050180943889098245, 0.050180943889098245, 1.0], "mse_rna_gpm": 2.94005893519695, "r2_rna_gpm": -0.13457075925644557, "r2_sispi_gpm": -0.45833162331396093, "corrcoef_sispi_gpm": [1.0, 0.08060337158489168, 0.0806033715848917, 1.0]}