{"mae_sispi_gpm": 0.002209656925031766, "r2_sispi_gpm": -0.0017058461158767635, "corrcoef_rna_gpm": [0.9999999999999999, 0.12128510444340057, 0.12128510444340057, 0.9999999999999998], "r2_rna_gpm": -2427.415898501033, "med_ae_rna_gpm": 0.839, "evs_sispi_gpm": 0.003934879248258971, "mae_rna_gpm": 0.8813926302414233, "med_ae_sispi_gpm": 0.0, "mse_sispi_gpm": 0.0003864739517153748, "corrcoef_sispi_gpm": [1.0, 0.09828267023488675, 0.09828267023488675, 0.9999999999999998], "evs_rna_gpm": -413.88262721819876, "mse_rna_gpm": 0.9369212452350699, "msle_rna_gpm": 0.4035212581494717, "msle_sispi_gpm": 0.0002994880268348079}