{"mae_rna_gpm": 0.5582223634053367, "evs_rna_gpm": 0.09346412998258935, "evs_sispi_gpm": -0.37260249834557513, "mse_sispi_gpm": 5.192702005082592, "med_ae_sispi_gpm": 0.0, "med_ae_rna_gpm": 0.288, "msle_sispi_gpm": 0.17290930447128466, "mae_sispi_gpm": 0.41767725540025413, "msle_rna_gpm": 0.16989888799379108, "corrcoef_rna_gpm": [1.0, 0.31576788348244766, 0.31576788348244766, 1.0], "mse_rna_gpm": 3.4173580114358324, "r2_rna_gpm": 0.09323161206391395, "r2_sispi_gpm": -0.37784159880950674, "corrcoef_sispi_gpm": [1.0, 0.25788415226621875, 0.25788415226621875, 1.0]}