{"mae_sispi_gpm": 0.0901092757306226, "r2_sispi_gpm": 0.002118012364207944, "corrcoef_rna_gpm": [NaN, NaN, NaN, 1.0], "r2_rna_gpm": -0.09060993401810524, "med_ae_rna_gpm": 0.333, "evs_sispi_gpm": 0.008790052386011826, "mae_rna_gpm": 0.39438500635324025, "med_ae_sispi_gpm": 0.0, "mse_sispi_gpm": 0.6975826861499365, "corrcoef_sispi_gpm": [1.0, 0.09711072433171393, 0.09711072433171394, 1.0], "evs_rna_gpm": 0.0, "mse_rna_gpm": 0.7624053913595933, "msle_rna_gpm": 0.11102278556800267, "msle_sispi_gpm": 0.044319539245402245}