{"mae_rna_gpm": 0.31131130876747143, "evs_rna_gpm": 0.000202040194180797, "evs_sispi_gpm": 0.003934879248258971, "mse_sispi_gpm": 0.0003864739517153748, "med_ae_sispi_gpm": 0.0, "med_ae_rna_gpm": 0.313, "msle_sispi_gpm": 0.0002994880268348079, "mae_sispi_gpm": 0.002209656925031766, "msle_rna_gpm": 0.07349613807269771, "corrcoef_rna_gpm": [1.0, 0.016068067018284057, 0.016068067018284057, 0.9999999999999998], "mse_rna_gpm": 0.09714704955527317, "r2_rna_gpm": -250.79644589370295, "r2_sispi_gpm": -0.0017058461158767635, "corrcoef_sispi_gpm": [1.0, 0.09828267023488675, 0.09828267023488675, 0.9999999999999998]}