{"mae_rna_gpm": 0.08483756345177663, "evs_rna_gpm": -0.00026650607693623485, "evs_sispi_gpm": -0.005876317691719146, "mse_sispi_gpm": 0.013666172588832487, "med_ae_sispi_gpm": 0.0, "med_ae_rna_gpm": 0.078, "msle_sispi_gpm": 0.004611281584402039, "mae_sispi_gpm": 0.009208121827411167, "msle_rna_gpm": 0.009390934713632103, "corrcoef_rna_gpm": [1.0, 0.0077602516283258515, 0.007760251628325852, 1.0], "mse_rna_gpm": 0.018340071065989845, "r2_rna_gpm": -0.355458732183187, "r2_sispi_gpm": -0.010025146816722064, "corrcoef_sispi_gpm": [1.0, -0.007627744616977156, -0.007627744616977155, 1.0]}