{"mae_sispi_gpm": 0.5348119440914867, "r2_sispi_gpm": -0.6717232669614426, "corrcoef_rna_gpm": [1.0, 0.036020260452631014, 0.036020260452631014, 1.0], "r2_rna_gpm": -0.00248056960353904, "med_ae_rna_gpm": 0.267, "evs_sispi_gpm": -0.6667767031124434, "mae_rna_gpm": 0.5823036848792884, "med_ae_sispi_gpm": 0.0, "mse_sispi_gpm": 6.060638128335452, "corrcoef_sispi_gpm": [0.9999999999999999, 0.05466778205800663, 0.05466778205800664, 1.0], "evs_rna_gpm": -0.0006915514699215031, "mse_rna_gpm": 3.634376623888183, "msle_rna_gpm": 0.20239167136749628, "msle_sispi_gpm": 0.24816591193749798}