{"mae_sispi_gpm": 0.44360609911054644, "r2_sispi_gpm": -1.3033580706171, "corrcoef_rna_gpm": [0.9999999999999999, 0.18113874168509417, 0.18113874168509417, 1.0], "r2_rna_gpm": -0.17164852090836114, "med_ae_rna_gpm": 0.271, "evs_sispi_gpm": -1.3010633354448218, "mae_rna_gpm": 0.5561054637865311, "med_ae_sispi_gpm": 0.0, "mse_sispi_gpm": 4.7246585133418035, "corrcoef_sispi_gpm": [1.0, 0.11133455421657869, 0.11133455421657869, 1.0], "evs_rna_gpm": -0.1674464793319621, "mse_rna_gpm": 2.4032907560355783, "msle_rna_gpm": 0.1823140924929158, "msle_sispi_gpm": 0.21041600873270502}