{"mae_rna_gpm": 0.6094345616264295, "evs_rna_gpm": -0.21113905847277548, "evs_sispi_gpm": -0.6091844659988359, "mse_sispi_gpm": 5.465448288437103, "med_ae_sispi_gpm": 0.0, "med_ae_rna_gpm": 0.261, "msle_sispi_gpm": 0.2358763611601005, "mae_sispi_gpm": 0.4976048284625159, "msle_rna_gpm": 0.21113080809843204, "corrcoef_rna_gpm": [1.0, 0.07703400368805473, 0.07703400368805474, 1.0], "mse_rna_gpm": 4.0841540088945365, "r2_rna_gpm": -0.21169301753687053, "r2_sispi_gpm": -0.621497503371716, "corrcoef_sispi_gpm": [1.0, 0.08185765157974631, 0.08185765157974632, 1.0]}