{"mae_sispi_gpm": 0.4649212198221093, "r2_sispi_gpm": -0.553529014761809, "corrcoef_rna_gpm": [1.0, 0.2071613589334321, 0.20716135893343213, 0.9999999999999999], "r2_rna_gpm": 0.04047527303931131, "med_ae_rna_gpm": 0.288, "evs_sispi_gpm": -0.5494379159129161, "mae_rna_gpm": 0.5810965692503176, "med_ae_sispi_gpm": 0.0, "mse_sispi_gpm": 4.898236893265565, "corrcoef_sispi_gpm": [1.0, 0.22902790784916913, 0.22902790784916913, 0.9999999999999999], "evs_rna_gpm": 0.040501885202020915, "mse_rna_gpm": 3.0253567026683608, "msle_rna_gpm": 0.18865740188154914, "msle_sispi_gpm": 0.22160748000109828}