{"mae_sispi_gpm": 0.4174980940279543, "r2_sispi_gpm": -0.6171366342855753, "corrcoef_rna_gpm": [0.9999999999999998, 0.04228406464309841, 0.04228406464309841, 1.0], "r2_rna_gpm": 0.00014393135081403052, "med_ae_rna_gpm": 0.319, "evs_sispi_gpm": -0.6076630182235478, "mae_rna_gpm": 0.567861499364676, "med_ae_sispi_gpm": 0.0, "mse_sispi_gpm": 4.638408590851334, "corrcoef_sispi_gpm": [1.0, 0.053450178925476446, 0.05345017892547645, 1.0], "evs_rna_gpm": 0.00023680584590690668, "mse_rna_gpm": 2.8678720648030485, "msle_rna_gpm": 0.18666296679786168, "msle_sispi_gpm": 0.1968694719997095}