{"mae_rna_gpm": 0.8074243964421854, "evs_rna_gpm": -4.647332950702028, "evs_sispi_gpm": -0.22402323305743987, "mse_sispi_gpm": 2.9202760355781447, "med_ae_sispi_gpm": 0.0, "med_ae_rna_gpm": 0.367, "msle_sispi_gpm": 0.20466817709225463, "mae_sispi_gpm": 0.4175527318932656, "msle_rna_gpm": 0.26074190790897644, "corrcoef_rna_gpm": [1.0, 0.06369009794551679, 0.06369009794551679, 1.0], "mse_rna_gpm": 13.306005810673446, "r2_rna_gpm": -4.662363610235003, "r2_sispi_gpm": -0.24272189498330898, "corrcoef_sispi_gpm": [1.0, 0.14929572212207595, 0.14929572212207595, 1.0]}