{"mae_sispi_gpm": 0.08157687420584497, "r2_sispi_gpm": 0.03465172104970626, "corrcoef_rna_gpm": [1.0, -0.18183185200990737, -0.18183185200990737, 1.0], "r2_rna_gpm": -0.1443747274919609, "med_ae_rna_gpm": 0.402, "evs_sispi_gpm": 0.039813910657991, "mae_rna_gpm": 0.45901397712833547, "med_ae_sispi_gpm": 0.0, "mse_sispi_gpm": 0.7022327890724269, "corrcoef_sispi_gpm": [1.0, 0.2067385318173683, 0.20673853181736826, 1.0], "evs_rna_gpm": -4.7774262906363774e-05, "mse_rna_gpm": 0.8324637585768742, "msle_rna_gpm": 0.13828678238183786, "msle_sispi_gpm": 0.03694316530602025}