{"mae_sispi_gpm": 0.16637738246505718, "r2_sispi_gpm": 0.03593911974423458, "corrcoef_rna_gpm": [1.0, 0.28311935305023234, 0.28311935305023234, 0.9999999999999999], "r2_rna_gpm": -0.07815780354049218, "med_ae_rna_gpm": 0.614, "evs_sispi_gpm": 0.04106653776467273, "mae_rna_gpm": 0.7420533672172807, "med_ae_sispi_gpm": 0.0, "mse_sispi_gpm": 2.477680405336721, "corrcoef_sispi_gpm": [1.0, 0.21154063995364414, 0.2115406399536441, 0.9999999999999999], "evs_rna_gpm": 0.004932155748943123, "mse_rna_gpm": 2.770914698856416, "msle_rna_gpm": 0.2712678132855083, "msle_sispi_gpm": 0.0634195226510932}