{"mae_rna_gpm": 0.6879555273189327, "evs_rna_gpm": -0.009867620363431806, "evs_sispi_gpm": -0.0819243747987084, "mse_sispi_gpm": 3.0632846162642946, "med_ae_sispi_gpm": 0.0, "med_ae_rna_gpm": 0.424, "msle_sispi_gpm": 0.18999126616915535, "mae_sispi_gpm": 0.38232401524777637, "msle_rna_gpm": 0.24602176601617287, "corrcoef_rna_gpm": [0.9999999999999999, -0.06532884527546814, -0.06532884527546816, 1.0], "mse_rna_gpm": 2.792507454891995, "r2_rna_gpm": -0.010640421605655703, "r2_sispi_gpm": -0.1086377766533857, "corrcoef_sispi_gpm": [1.0, 0.14917474311166698, 0.14917474311166698, 1.0]}