{"mae_rna_gpm": 18.639978398983484, "evs_rna_gpm": -6.776619082835682, "evs_sispi_gpm": 0.01615498698406892, "mse_sispi_gpm": 2.9872691931385003, "med_ae_sispi_gpm": 0.0, "med_ae_rna_gpm": 20.137, "msle_sispi_gpm": 0.1935893182115655, "mae_sispi_gpm": 0.3802655654383736, "msle_rna_gpm": 8.31218878435596, "corrcoef_rna_gpm": [1.0, -0.11215360074731388, -0.11215360074731388, 1.0], "mse_rna_gpm": 366.2528359453621, "r2_rna_gpm": -123.95158354017427, "r2_sispi_gpm": -0.019143005896391507, "corrcoef_sispi_gpm": [1.0, 0.1382862348620951, 0.1382862348620951, 1.0]}