{"mae_rna_gpm": 1.137349428208386, "evs_rna_gpm": -0.0037866029245785526, "evs_sispi_gpm": 0.006193698595233776, "mse_sispi_gpm": 3.274895526048284, "med_ae_sispi_gpm": 0.0, "med_ae_rna_gpm": 1.029, "msle_sispi_gpm": 0.1420474193498048, "mae_sispi_gpm": 0.30620965692503177, "msle_rna_gpm": 0.496301094701065, "corrcoef_rna_gpm": [0.9999999999999999, 0.12555286359447862, 0.12555286359447862, 0.9999999999999999], "mse_rna_gpm": 3.8501819466327825, "r2_rna_gpm": -0.18606151388298864, "r2_sispi_gpm": -0.008842594784500113, "corrcoef_sispi_gpm": [1.0, 0.14015855979464253, 0.1401585597946425, 0.9999999999999999]}