{"mae_sispi_gpm": 0.23847013977128334, "r2_sispi_gpm": -0.026730430685738105, "corrcoef_rna_gpm": [1.0, 0.1647123956196443, 0.16471239561964426, 1.0], "r2_rna_gpm": 0.017425541398172095, "med_ae_rna_gpm": 0.249, "evs_sispi_gpm": 0.0007467863635198801, "mae_rna_gpm": 0.42336213468869127, "med_ae_sispi_gpm": 0.0, "mse_sispi_gpm": 1.2361766124523508, "corrcoef_sispi_gpm": [1.0, 0.16371312198743515, 0.16371312198743512, 1.0], "evs_rna_gpm": 0.021471136284143655, "mse_rna_gpm": 1.183013115628971, "msle_rna_gpm": 0.12934184330397547, "msle_sispi_gpm": 0.1187431826508984}