{"mae_sispi_gpm": 0.009208121827411167, "r2_sispi_gpm": -0.010025146816722064, "corrcoef_rna_gpm": [1.0, -0.007716046652308156, -0.007716046652308155, 1.0], "r2_rna_gpm": -1.7909027930491566, "med_ae_rna_gpm": 0.164, "evs_sispi_gpm": -0.005876317691719146, "mae_rna_gpm": 0.16986802030456852, "med_ae_sispi_gpm": 0.0, "mse_sispi_gpm": 0.013666172588832487, "corrcoef_sispi_gpm": [1.0, -0.007627744616977156, -0.007627744616977155, 1.0], "evs_rna_gpm": -2.027970626294895e-05, "mse_rna_gpm": 0.03776238578680203, "msle_rna_gpm": 0.026073187866156783, "msle_sispi_gpm": 0.004611281584402039}