{"mae_sispi_gpm": 0.39807115628970774, "r2_sispi_gpm": -0.5630842721078684, "corrcoef_rna_gpm": [1.0, -0.01627883340926663, -0.01627883340926663, 0.9999999999999999], "r2_rna_gpm": -4.191181502992185, "med_ae_rna_gpm": 1.912, "evs_sispi_gpm": -0.553701915995602, "mae_rna_gpm": 2.1575870393900884, "med_ae_sispi_gpm": 0.0, "mse_sispi_gpm": 4.28241049047014, "corrcoef_sispi_gpm": [1.0, 0.0070700228156882735, 0.007070022815688274, 0.9999999999999999], "evs_rna_gpm": -3.030112682604255, "mse_rna_gpm": 14.222374649301143, "msle_rna_gpm": 1.142940772466765, "msle_sispi_gpm": 0.20083177202908264}