{"mae_sispi_gpm": 0.20007623888182974, "r2_sispi_gpm": -0.008287564575436779, "corrcoef_rna_gpm": [0.9999999999999998, -4.4187793453639933e-16, -4.4187793453639933e-16, 0.9999999999999998], "r2_rna_gpm": -0.35304039545372135, "med_ae_rna_gpm": 1.421, "evs_sispi_gpm": -0.0006942850003093248, "mae_rna_gpm": 1.554636594663278, "med_ae_sispi_gpm": 0.0, "mse_sispi_gpm": 4.293915273189327, "corrcoef_sispi_gpm": [0.9999999999999998, 0.03434950690756995, 0.03434950690756995, 0.9999999999999998], "evs_rna_gpm": -2.220446049250313e-16, "mse_rna_gpm": 5.762087149936468, "msle_rna_gpm": 0.7995554141010512, "msle_sispi_gpm": 0.08979415153670318}