{"mae_rna_gpm": 0.3927852604828462, "evs_rna_gpm": -0.10087095237196442, "evs_sispi_gpm": -35.12853851484161, "mse_sispi_gpm": 0.0012164853875476494, "med_ae_sispi_gpm": 0.0, "med_ae_rna_gpm": 0.393, "msle_sispi_gpm": 0.000661014177760031, "mae_sispi_gpm": 0.0027776365946632782, "msle_rna_gpm": 0.10970721576951663, "corrcoef_rna_gpm": [0.9999999999999999, 0.21033141140769185, 0.21033141140769182, 1.0], "mse_rna_gpm": 0.15431717662007627, "r2_rna_gpm": -4600.916977572059, "r2_sispi_gpm": -35.27700351015589, "corrcoef_sispi_gpm": [1.0, 0.3876939300334721, 0.387693930033472, 1.0]}