{"mae_sispi_gpm": 0.4742846251588311, "r2_sispi_gpm": -0.4060179773175736, "corrcoef_rna_gpm": [1.0, 0.030591277024148725, 0.030591277024148725, 1.0], "r2_rna_gpm": -0.05565155564614788, "med_ae_rna_gpm": 0.231, "evs_sispi_gpm": -0.3998466367009852, "mae_rna_gpm": 0.5522096569250318, "med_ae_sispi_gpm": 0.0, "mse_sispi_gpm": 5.3944873367217285, "corrcoef_sispi_gpm": [0.9999999999999999, 0.06011845126381933, 0.06011845126381934, 1.0], "evs_rna_gpm": -0.05430578265203945, "mse_rna_gpm": 4.050231960609911, "msle_rna_gpm": 0.1923695482832445, "msle_sispi_gpm": 0.22692787255438016}