{"mae_rna_gpm": 0.4716251588310038, "evs_rna_gpm": -8.63033411040437e-05, "evs_sispi_gpm": 0.039813910657991, "mse_sispi_gpm": 0.7022327890724269, "med_ae_sispi_gpm": 0.0, "med_ae_rna_gpm": 0.415, "msle_sispi_gpm": 0.03694316530602025, "mae_sispi_gpm": 0.08157687420584497, "msle_rna_gpm": 0.1441196877220909, "corrcoef_rna_gpm": [1.0, -0.12151934974800124, -0.12151934974800124, 1.0], "mse_rna_gpm": 0.841090453621347, "r2_rna_gpm": -0.15623370836525652, "r2_sispi_gpm": 0.03465172104970626, "corrcoef_sispi_gpm": [1.0, 0.2067385318173683, 0.20673853181736826, 1.0]}