{"mae_rna_gpm": 0.6255349428208385, "evs_rna_gpm": -0.33743380219212726, "evs_sispi_gpm": -0.03169907134311223, "mse_sispi_gpm": 4.207677424396442, "med_ae_sispi_gpm": 0.0, "med_ae_rna_gpm": 0.351, "msle_sispi_gpm": 0.1759748129047731, "mae_sispi_gpm": 0.3535158831003812, "msle_rna_gpm": 0.20678735720044258, "corrcoef_rna_gpm": [1.0, -0.0061636707944066685, -0.006163670794406669, 1.0], "mse_rna_gpm": 5.3663886454892, "r2_rna_gpm": -0.338915873971958, "r2_sispi_gpm": -0.0498170125664219, "corrcoef_sispi_gpm": [0.9999999999999999, 0.0028134268060656365, 0.002813426806065637, 1.0]}