{"mae_sispi_gpm": 0.0027776365946632782, "r2_sispi_gpm": -35.27700351015589, "corrcoef_rna_gpm": [1.0, 0.38052868938575557, 0.3805286893857556, 1.0], "r2_rna_gpm": -3985.3795825002194, "med_ae_rna_gpm": 0.284, "evs_sispi_gpm": -35.12853851484161, "mae_rna_gpm": 0.3157954256670901, "med_ae_sispi_gpm": 0.0, "mse_sispi_gpm": 0.0012164853875476494, "corrcoef_sispi_gpm": [1.0, 0.3876939300334721, 0.387693930033472, 1.0], "evs_rna_gpm": -1011.4123417242482, "mse_rna_gpm": 0.13367621473951713, "msle_rna_gpm": 0.08091394916608156, "msle_sispi_gpm": 0.000661014177760031}