{"mae_rna_gpm": 0.8524205844980943, "evs_rna_gpm": -2.220446049250313e-16, "evs_sispi_gpm": 0.039813910657991, "mse_sispi_gpm": 0.7022327890724269, "med_ae_sispi_gpm": 0.0, "med_ae_rna_gpm": 0.807, "msle_sispi_gpm": 0.03694316530602025, "mae_sispi_gpm": 0.08157687420584497, "msle_rna_gpm": 0.36053272355298516, "corrcoef_rna_gpm": [0.9999999999999998, -1.349668517343899e-16, -1.349668517343899e-16, 1.0], "mse_rna_gpm": 1.2589290000000002, "r2_rna_gpm": -0.7306297318812187, "r2_sispi_gpm": 0.03465172104970626, "corrcoef_sispi_gpm": [1.0, 0.2067385318173683, 0.20673853181736826, 1.0]}