{"mae_sispi_gpm": 0.467700127064803, "r2_sispi_gpm": -0.030970422018339994, "corrcoef_rna_gpm": [1.0, 0.04917326320523901, 0.04917326320523901, 1.0], "r2_rna_gpm": -0.08415588762843274, "med_ae_rna_gpm": 0.282, "evs_sispi_gpm": -0.017734123742072283, "mae_rna_gpm": 0.6967598475222364, "med_ae_sispi_gpm": 0.0, "mse_sispi_gpm": 8.404107733163913, "corrcoef_sispi_gpm": [1.0, 0.0908871154341146, 0.0908871154341146, 1.0], "evs_rna_gpm": -0.08365965798010122, "mse_rna_gpm": 8.83765691486658, "msle_rna_gpm": 0.2410968174889242, "msle_sispi_gpm": 0.22032623606476318}