{"mae_sispi_gpm": 0.0029491740787801783, "r2_sispi_gpm": -0.02689406443054554, "corrcoef_rna_gpm": [1.0, 0.027606865013005237, 0.027606865013005237, 1.0], "r2_rna_gpm": -156.35441248757985, "med_ae_rna_gpm": 0.335, "evs_sispi_gpm": -0.02090713426107227, "mae_rna_gpm": 0.34094663278271925, "med_ae_sispi_gpm": 0.0, "mse_sispi_gpm": 0.0008145171537484115, "corrcoef_sispi_gpm": [1.0, 0.03358157778466294, 0.03358157778466295, 1.0], "evs_rna_gpm": -10.361166007800547, "mse_rna_gpm": 0.12481118805590852, "msle_rna_gpm": 0.08758513963376116, "msle_sispi_gpm": 0.0005719261146479861}