{"mae_rna_gpm": 0.25108375634517766, "evs_rna_gpm": -4.1013718468256215, "evs_sispi_gpm": -1744.442538560614, "mse_sispi_gpm": 0.03610345431472082, "med_ae_sispi_gpm": 0.0, "med_ae_rna_gpm": 0.25, "msle_sispi_gpm": 0.009204495550450942, "mae_sispi_gpm": 0.018093908629441623, "msle_rna_gpm": 0.05022217505623961, "corrcoef_rna_gpm": [0.9999999999999998, -0.007243429506091806, -0.007243429506091806, 0.9999999999999998], "mse_rna_gpm": 0.06314766243654822, "r2_rna_gpm": -3078.442881914995, "r2_sispi_gpm": -1759.6118914334188, "corrcoef_sispi_gpm": [1.0, -0.004765375440222016, -0.004765375440222016, 0.9999999999999998]}