{"mae_rna_gpm": 0.8484974619289337, "evs_rna_gpm": -0.0004203244781553206, "evs_sispi_gpm": -0.005876317691719146, "mse_sispi_gpm": 0.013666172588832487, "med_ae_sispi_gpm": 0.0, "med_ae_rna_gpm": 0.85, "msle_sispi_gpm": 0.004611281584402039, "mae_sispi_gpm": 0.009208121827411167, "msle_rna_gpm": 0.376544025300864, "corrcoef_rna_gpm": [0.9999999999999999, 0.006745626823340115, 0.006745626823340115, 1.0], "mse_rna_gpm": 0.7213893807106597, "r2_rna_gpm": -52.31568955595599, "r2_sispi_gpm": -0.010025146816722064, "corrcoef_sispi_gpm": [1.0, -0.007627744616977156, -0.007627744616977155, 1.0]}