{"mae_sispi_gpm": 0.015040609137055839, "r2_sispi_gpm": -0.3182828222980405, "corrcoef_rna_gpm": [0.9999999999999998, 0.002249714109483563, 0.002249714109483563, 0.9999999999999999], "r2_rna_gpm": -4.008433959493521, "med_ae_rna_gpm": 0.245, "evs_sispi_gpm": -0.3181629775680641, "mae_rna_gpm": 0.2505482233502539, "med_ae_sispi_gpm": 0.0, "mse_sispi_gpm": 0.018575355329949243, "corrcoef_sispi_gpm": [1.0, -0.006437901136219788, -0.006437901136219788, 0.9999999999999999], "evs_rna_gpm": -0.0014620961965359225, "mse_rna_gpm": 0.0705716852791878, "msle_rna_gpm": 0.05059251064282083, "msle_sispi_gpm": 0.006932368266958242}