{"mae_sispi_gpm": 0.45803557814485396, "r2_sispi_gpm": -0.25780756424112394, "corrcoef_rna_gpm": [1.0, 0.003114915800885457, 0.0031149158008854567, 1.0], "r2_rna_gpm": -0.010566105407995963, "med_ae_rna_gpm": 0.299, "evs_sispi_gpm": -0.2552342491791999, "mae_rna_gpm": 0.582168996188056, "med_ae_sispi_gpm": 0.0, "mse_sispi_gpm": 5.446305766200762, "corrcoef_sispi_gpm": [1.0, 0.15499538619276632, 0.15499538619276632, 1.0], "evs_rna_gpm": -0.010471874567227202, "mse_rna_gpm": 4.375750443456163, "msle_rna_gpm": 0.19483826250268765, "msle_sispi_gpm": 0.20574873848864064}