{"mae_rna_gpm": 0.500168996188056, "evs_rna_gpm": 0.04265309229343006, "evs_sispi_gpm": -0.9214681363514456, "mse_sispi_gpm": 2.5941109288437105, "med_ae_sispi_gpm": 0.0, "med_ae_rna_gpm": 0.314, "msle_sispi_gpm": 0.1569173880173951, "mae_sispi_gpm": 0.32603176620076235, "msle_rna_gpm": 0.1622535098108519, "corrcoef_rna_gpm": [1.0, 0.25456355843442036, 0.25456355843442036, 1.0], "mse_rna_gpm": 1.3114656429479037, "r2_rna_gpm": 0.02757561487464144, "r2_sispi_gpm": -0.9234790773912971, "corrcoef_sispi_gpm": [1.0, 0.20832299180706998, 0.20832299180707, 1.0]}