{"mae_rna_gpm": 0.2696979695431473, "evs_rna_gpm": -0.04586211318502342, "evs_sispi_gpm": -0.3181629775680641, "mse_sispi_gpm": 0.018575355329949243, "med_ae_sispi_gpm": 0.0, "med_ae_rna_gpm": 0.261, "msle_sispi_gpm": 0.006932368266958242, "mae_sispi_gpm": 0.015040609137055839, "msle_rna_gpm": 0.05769668945324134, "corrcoef_rna_gpm": [0.9999999999999999, -0.011695235805693769, -0.011695235805693769, 0.9999999999999999], "mse_rna_gpm": 0.08074274873096446, "r2_rna_gpm": -4.730268777445142, "r2_sispi_gpm": -0.3182828222980405, "corrcoef_sispi_gpm": [1.0, -0.006437901136219788, -0.006437901136219788, 0.9999999999999999]}