{"mae_rna_gpm": 0.4415400254129606, "evs_rna_gpm": -0.012169167242169543, "evs_sispi_gpm": -0.8661020900726473, "mse_sispi_gpm": 5.192262852604828, "med_ae_sispi_gpm": 0.0, "med_ae_rna_gpm": 0.13, "msle_sispi_gpm": 0.25561183999407666, "mae_sispi_gpm": 0.5142121982210928, "msle_rna_gpm": 0.1786708228345977, "corrcoef_rna_gpm": [1.0, -0.0010493379534203212, -0.0010493379534203212, 0.9999999999999999], "mse_rna_gpm": 2.8508087471410417, "r2_rna_gpm": -0.026168121630618435, "r2_sispi_gpm": -0.868990553580032, "corrcoef_sispi_gpm": [1.0, 0.04052035392519488, 0.04052035392519489, 0.9999999999999999]}