{"mae_rna_gpm": 0.5009555273189326, "evs_rna_gpm": -0.008093695546391722, "evs_sispi_gpm": -1.2141609000325642, "mse_sispi_gpm": 3.4466794155019054, "med_ae_sispi_gpm": 0.0, "med_ae_rna_gpm": 0.284, "msle_sispi_gpm": 0.16679754282509635, "mae_sispi_gpm": 0.3543481575603557, "msle_rna_gpm": 0.16193783826396127, "corrcoef_rna_gpm": [1.0, 0.1541961685942676, 0.1541961685942676, 1.0], "mse_rna_gpm": 1.5804262058449812, "r2_rna_gpm": -0.015878254221233457, "r2_sispi_gpm": -1.2154825416908954, "corrcoef_sispi_gpm": [1.0, 0.20455890643117416, 0.20455890643117416, 1.0]}