{"mae_rna_gpm": 0.5733252858958069, "evs_rna_gpm": -0.030434720558653927, "evs_sispi_gpm": -0.08848246269686344, "mse_sispi_gpm": 1.6358101715374842, "med_ae_sispi_gpm": 0.0, "med_ae_rna_gpm": 0.407, "msle_sispi_gpm": 0.13033384249189736, "mae_sispi_gpm": 0.25951588310038115, "msle_rna_gpm": 0.18635150645181076, "corrcoef_rna_gpm": [0.9999999999999999, 0.09280072485305288, 0.09280072485305287, 1.0], "mse_rna_gpm": 1.5679748398983482, "r2_rna_gpm": -0.06247742293671599, "r2_sispi_gpm": -0.10844340817451426, "corrcoef_sispi_gpm": [1.0, 0.09239082895673104, 0.09239082895673105, 1.0]}