{"mae_sispi_gpm": 0.0038754764930114356, "r2_sispi_gpm": 0.028169605038975476, "corrcoef_rna_gpm": [0.9999999999999998, 0.15791609404546178, 0.15791609404546178, 1.0], "r2_rna_gpm": -3775.0812606805707, "med_ae_rna_gpm": 2.245, "evs_sispi_gpm": 0.032673849184786, "mae_rna_gpm": 2.246518424396443, "med_ae_sispi_gpm": 0.0, "mse_sispi_gpm": 0.001300269377382465, "corrcoef_sispi_gpm": [1.0, 0.21150478033344516, 0.21150478033344516, 1.0], "evs_rna_gpm": -3.0341101080851605, "mse_rna_gpm": 5.052242505717917, "msle_rna_gpm": 1.3827168389952813, "msle_sispi_gpm": 0.0008402822541387361}