{"mae_sispi_gpm": 0.015040609137055839, "r2_sispi_gpm": -0.3182828222980405, "corrcoef_rna_gpm": [1.0, 0.01034227175830432, 0.010342271758304322, 0.9999999999999999], "r2_rna_gpm": -6.453911647793722, "med_ae_rna_gpm": 0.31, "evs_sispi_gpm": -0.3181629775680641, "mae_rna_gpm": 0.31384771573604064, "med_ae_sispi_gpm": 0.0, "mse_sispi_gpm": 0.018575355329949243, "corrcoef_sispi_gpm": [1.0, -0.006437901136219788, -0.006437901136219788, 0.9999999999999999], "evs_rna_gpm": 8.706371451006056e-05, "mse_rna_gpm": 0.10502985786802031, "msle_rna_gpm": 0.07459722368757479, "msle_sispi_gpm": 0.006932368266958242}