{"mae_sispi_gpm": 0.06563786531130876, "r2_sispi_gpm": -1.9164344410917074, "corrcoef_rna_gpm": [1.0, -0.14878519879235902, -0.14878519879235905, 1.0], "r2_rna_gpm": -3.241747878989666, "med_ae_rna_gpm": 0.803, "evs_sispi_gpm": -1.9141037782265489, "mae_rna_gpm": 0.8174726810673445, "med_ae_sispi_gpm": 0.0, "mse_sispi_gpm": 0.5311989440914867, "corrcoef_sispi_gpm": [1.0, 0.3897920343215137, 0.3897920343215137, 1.0], "evs_rna_gpm": -0.013349310878789433, "mse_rna_gpm": 0.7725913405336724, "msle_rna_gpm": 0.3498236153064289, "msle_sispi_gpm": 0.022564802884585882}