{"mae_rna_gpm": 0.643418043202033, "evs_rna_gpm": 0.015485896565897828, "evs_sispi_gpm": -0.13948187786473265, "mse_sispi_gpm": 3.4996395235069886, "med_ae_sispi_gpm": 0.0, "med_ae_rna_gpm": 0.285, "msle_sispi_gpm": 0.22530801062462205, "mae_sispi_gpm": 0.45872808132147397, "msle_rna_gpm": 0.22456079140676222, "corrcoef_rna_gpm": [0.9999999999999999, 0.16822529936474925, 0.16822529936474925, 0.9999999999999999], "mse_rna_gpm": 2.977599667090216, "r2_rna_gpm": 0.015382565505181356, "r2_sispi_gpm": -0.15724290520876072, "corrcoef_sispi_gpm": [1.0, 0.19060082839805478, 0.19060082839805478, 0.9999999999999999]}