{"mae_rna_gpm": 1.10171791613723, "evs_rna_gpm": -0.010668305352168783, "evs_sispi_gpm": -0.04976930769544241, "mse_sispi_gpm": 9.028058027954257, "med_ae_sispi_gpm": 0.0, "med_ae_rna_gpm": 0.842, "msle_sispi_gpm": 0.23703174217372075, "mae_sispi_gpm": 0.47772808132147393, "msle_rna_gpm": 0.4368017040830782, "corrcoef_rna_gpm": [1.0, -0.06098361311249951, -0.06098361311249951, 1.0], "mse_rna_gpm": 8.648701448538759, "r2_rna_gpm": -0.02422867439996157, "r2_sispi_gpm": -0.06915424950179228, "corrcoef_sispi_gpm": [1.0, 0.003975426925690214, 0.003975426925690215, 1.0]}