{"mae_rna_gpm": 0.7777064803049556, "evs_rna_gpm": -0.37237081706655895, "evs_sispi_gpm": 0.018719151975650106, "mse_sispi_gpm": 5.937606185514612, "med_ae_sispi_gpm": 0.0, "med_ae_rna_gpm": 0.432, "msle_sispi_gpm": 0.18613727261643478, "mae_sispi_gpm": 0.39731639135959346, "msle_rna_gpm": 0.26773364946776856, "corrcoef_rna_gpm": [1.0, 0.002257944299842283, 0.0022579442998422834, 1.0], "mse_rna_gpm": 8.120872545108005, "r2_rna_gpm": -0.37293162054698437, "r2_sispi_gpm": -0.0038240641221585214, "corrcoef_sispi_gpm": [1.0, 0.14269593072593764, 0.14269593072593764, 1.0]}