{"mae_rna_gpm": 8.99492884371029, "evs_rna_gpm": -1023.898863073467, "evs_sispi_gpm": -0.02090713426107227, "mse_sispi_gpm": 0.0008145171537484115, "med_ae_sispi_gpm": 0.0, "med_ae_rna_gpm": 9.139, "msle_sispi_gpm": 0.0005719261146479861, "mae_sispi_gpm": 0.0029491740787801783, "msle_rna_gpm": 5.277754829518741, "corrcoef_rna_gpm": [0.9999999999999999, -0.07391601157309069, -0.07391601157309069, 1.0], "mse_rna_gpm": 81.72167949301141, "r2_rna_gpm": -103028.7609086204, "r2_sispi_gpm": -0.02689406443054554, "corrcoef_sispi_gpm": [1.0, 0.03358157778466294, 0.03358157778466295, 1.0]}