{"mae_rna_gpm": 0.7173265565438375, "evs_rna_gpm": 0.02277221372196392, "evs_sispi_gpm": -0.03844226442409693, "mse_sispi_gpm": 13.056321470139771, "med_ae_sispi_gpm": 0.0, "med_ae_rna_gpm": 0.285, "msle_sispi_gpm": 0.227640860496775, "mae_sispi_gpm": 0.5597242693773825, "msle_rna_gpm": 0.21793996675052216, "corrcoef_rna_gpm": [1.0, 0.177542281572603, 0.177542281572603, 1.0], "mse_rna_gpm": 12.213847473951716, "r2_rna_gpm": 0.021461919539537355, "r2_sispi_gpm": -0.04603465668886941, "corrcoef_sispi_gpm": [1.0, 0.11899969757805627, 0.11899969757805628, 1.0]}