{"mae_sispi_gpm": 0.018093908629441623, "r2_sispi_gpm": -1759.6118914334188, "corrcoef_rna_gpm": [1.0, -0.007250568225233962, -0.007250568225233963, 0.9999999999999998], "r2_rna_gpm": -7415.615254609996, "med_ae_rna_gpm": 0.39, "evs_sispi_gpm": -1744.442538560614, "mae_rna_gpm": 0.3899543147208123, "med_ae_sispi_gpm": 0.0, "mse_sispi_gpm": 0.03610345431472082, "corrcoef_sispi_gpm": [1.0, -0.004765375440222016, -0.004765375440222016, 0.9999999999999998], "evs_rna_gpm": -0.08289385229164714, "mse_rna_gpm": 0.1520865736040609, "msle_rna_gpm": 0.10840290651213447, "msle_sispi_gpm": 0.009204495550450942}