{"mae_rna_gpm": 0.13295552731893265, "evs_rna_gpm": -0.124388168701969, "evs_sispi_gpm": -0.02090713426107227, "mse_sispi_gpm": 0.0008145171537484115, "med_ae_sispi_gpm": 0.0, "med_ae_rna_gpm": 0.133, "msle_sispi_gpm": 0.0005719261146479861, "mae_sispi_gpm": 0.0029491740787801783, "msle_rna_gpm": 0.01568823630839532, "corrcoef_rna_gpm": [0.9999999999999998, -0.003274913515759941, -0.003274913515759941, 1.0], "mse_rna_gpm": 0.017941504447268112, "r2_rna_gpm": -21.61956588521975, "r2_sispi_gpm": -0.02689406443054554, "corrcoef_sispi_gpm": [1.0, 0.03358157778466294, 0.03358157778466295, 1.0]}