{"mae_sispi_gpm": 0.24864167725540023, "r2_sispi_gpm": -0.21255603846035154, "corrcoef_rna_gpm": [0.9999999999999999, 0.04190992384364401, 0.04190992384364402, 0.9999999999999998], "r2_rna_gpm": -2.2074015439119252, "med_ae_rna_gpm": 0.268, "evs_sispi_gpm": -0.1925674526586918, "mae_rna_gpm": 0.5342681067344346, "med_ae_sispi_gpm": 0.0, "mse_sispi_gpm": 1.4671801588310038, "corrcoef_sispi_gpm": [0.9999999999999999, 0.15786999611734248, 0.15786999611734245, 0.9999999999999998], "evs_rna_gpm": -2.1814664446267074, "mse_rna_gpm": 3.8809224129606097, "msle_rna_gpm": 0.17493770896801625, "msle_sispi_gpm": 0.12469040879888184}