{"mae_rna_gpm": 0.735261753494282, "evs_rna_gpm": -0.6050743341050202, "evs_sispi_gpm": -0.040410362390868926, "mse_sispi_gpm": 5.587516632782719, "med_ae_sispi_gpm": 0.0, "med_ae_rna_gpm": 0.309, "msle_sispi_gpm": 0.20948003439286142, "mae_sispi_gpm": 0.44937229987293525, "msle_rna_gpm": 0.2549945730538977, "corrcoef_rna_gpm": [1.0, -0.008694438417060172, -0.008694438417060173, 0.9999999999999998], "mse_rna_gpm": 8.463214565438374, "r2_rna_gpm": -0.605099496545414, "r2_sispi_gpm": -0.059706103971868485, "corrcoef_sispi_gpm": [1.0, 0.1284940444550159, 0.12849404445501586, 0.9999999999999998]}