{"mae_rna_gpm": 1.106451080050826, "evs_rna_gpm": -1.5605196582124732, "evs_sispi_gpm": -0.24677690312488387, "mse_sispi_gpm": 11.422550120711563, "med_ae_sispi_gpm": 0.0, "med_ae_rna_gpm": 0.529, "msle_sispi_gpm": 0.19794822752851934, "mae_sispi_gpm": 0.5092566709021601, "msle_rna_gpm": 0.33287708416408074, "corrcoef_rna_gpm": [1.0, 0.060401540317878144, 0.06040154031787815, 1.0], "mse_rna_gpm": 23.654987437102925, "r2_rna_gpm": -1.5866661123236137, "r2_sispi_gpm": -0.24905258952786835, "corrcoef_sispi_gpm": [1.0, 0.09806472319182806, 0.09806472319182805, 1.0]}