{"mae_sispi_gpm": 0.08157687420584497, "r2_sispi_gpm": 0.03465172104970626, "corrcoef_rna_gpm": [NaN, NaN, NaN, 1.0], "r2_rna_gpm": -0.0887121945270326, "med_ae_rna_gpm": 0.332, "evs_sispi_gpm": 0.039813910657991, "mae_rna_gpm": 0.39117153748411687, "med_ae_sispi_gpm": 0.0, "mse_sispi_gpm": 0.7022327890724269, "corrcoef_sispi_gpm": [1.0, 0.2067385318173683, 0.20673853181736826, 1.0], "evs_rna_gpm": 0.0, "mse_rna_gpm": 0.7919726149936469, "msle_rna_gpm": 0.10904532969931197, "msle_sispi_gpm": 0.03694316530602025}