{"mae_sispi_gpm": 0.26800127064803053, "r2_sispi_gpm": -0.030253655480429575, "corrcoef_rna_gpm": [1.0, -0.15784214068189747, -0.15784214068189747, 1.0], "r2_rna_gpm": -0.021975817592899016, "med_ae_rna_gpm": 0.273, "evs_sispi_gpm": 0.011530069045087465, "mae_rna_gpm": 0.4578792884371029, "med_ae_sispi_gpm": 0.0, "mse_sispi_gpm": 1.3833750584498095, "corrcoef_sispi_gpm": [0.9999999999999999, 0.11744982829307442, 0.11744982829307443, 1.0], "evs_rna_gpm": -0.02193649021863675, "mse_rna_gpm": 1.3722599758576874, "msle_rna_gpm": 0.15680926284988955, "msle_sispi_gpm": 0.1420983695323721}