{"mae_rna_gpm": 0.3752884371029225, "evs_rna_gpm": -0.09743069696794082, "evs_sispi_gpm": 0.04270648971252944, "mse_sispi_gpm": 0.0003267141041931385, "med_ae_sispi_gpm": 0.0, "med_ae_rna_gpm": 0.377, "msle_sispi_gpm": 0.0002457247718611219, "mae_sispi_gpm": 0.001789072426937738, "msle_rna_gpm": 0.10155912718699696, "corrcoef_rna_gpm": [1.0, 0.10754369647996412, 0.10754369647996412, 1.0], "mse_rna_gpm": 0.14113792376111814, "r2_rna_gpm": -414.4751082674514, "r2_sispi_gpm": 0.0382345567028749, "corrcoef_sispi_gpm": [0.9999999999999999, 0.20708859143467773, 0.20708859143467773, 1.0]}