{"mae_rna_gpm": 0.47003049555273185, "evs_rna_gpm": -0.00459010943270477, "evs_sispi_gpm": -0.06247896681743392, "mse_sispi_gpm": 5.704959998729353, "med_ae_sispi_gpm": 0.0, "med_ae_rna_gpm": 0.204, "msle_sispi_gpm": 0.15674484573150838, "mae_sispi_gpm": 0.3670559085133418, "msle_rna_gpm": 0.15603377158517576, "corrcoef_rna_gpm": [1.0, -0.1281427406863363, -0.1281427406863363, 1.0], "mse_rna_gpm": 5.346239545108006, "r2_rna_gpm": -0.00791204586531502, "r2_sispi_gpm": -0.07554064036667163, "corrcoef_sispi_gpm": [0.9999999999999999, 0.06960452343351738, 0.06960452343351738, 1.0]}