{"mae_sispi_gpm": 0.3670559085133418, "r2_sispi_gpm": -0.07554064036667163, "corrcoef_rna_gpm": [1.0, -0.1281427406863363, -0.1281427406863363, 1.0], "r2_rna_gpm": -0.00791204586531502, "med_ae_rna_gpm": 0.204, "evs_sispi_gpm": -0.06247896681743392, "mae_rna_gpm": 0.47003049555273185, "med_ae_sispi_gpm": 0.0, "mse_sispi_gpm": 5.704959998729353, "corrcoef_sispi_gpm": [0.9999999999999999, 0.06960452343351738, 0.06960452343351738, 1.0], "evs_rna_gpm": -0.00459010943270477, "mse_rna_gpm": 5.346239545108006, "msle_rna_gpm": 0.15603377158517576, "msle_sispi_gpm": 0.15674484573150838}