{"mae_sispi_gpm": 0.3560622617534943, "r2_sispi_gpm": -0.2924558037172931, "corrcoef_rna_gpm": [0.9999999999999998, -0.21469886386703535, -0.21469886386703535, 1.0], "r2_rna_gpm": -5.12370947286565, "med_ae_rna_gpm": 3.722, "evs_sispi_gpm": -0.2727901604987637, "mae_rna_gpm": 3.332426937738247, "med_ae_sispi_gpm": 0.0, "mse_sispi_gpm": 2.7032344764930114, "corrcoef_sispi_gpm": [0.9999999999999999, 0.08589480404437193, 0.08589480404437193, 1.0], "evs_rna_gpm": -0.8260931972024812, "mse_rna_gpm": 12.808037631512072, "msle_rna_gpm": 2.0540897906963753, "msle_sispi_gpm": 0.1757400617330123}