{"mae_rna_gpm": 0.33113214739517155, "evs_rna_gpm": -3.252796143960863, "evs_sispi_gpm": 0.04270648971252944, "mse_sispi_gpm": 0.0003267141041931385, "med_ae_sispi_gpm": 0.0, "med_ae_rna_gpm": 0.336, "msle_sispi_gpm": 0.0002457247718611219, "mae_sispi_gpm": 0.001789072426937738, "msle_rna_gpm": 0.08221473673436641, "corrcoef_rna_gpm": [1.0, -0.4844395319244055, -0.4844395319244055, 1.0], "mse_rna_gpm": 0.11058886277001274, "r2_rna_gpm": -324.5462352578777, "r2_sispi_gpm": 0.0382345567028749, "corrcoef_sispi_gpm": [0.9999999999999999, 0.20708859143467773, 0.20708859143467773, 1.0]}