{"mae_rna_gpm": 0.24589593908629434, "evs_rna_gpm": -134.87334181509752, "evs_sispi_gpm": -1744.442538560614, "mse_sispi_gpm": 0.03610345431472082, "med_ae_sispi_gpm": 0.0, "med_ae_rna_gpm": 0.239, "msle_sispi_gpm": 0.009204495550450942, "mae_sispi_gpm": 0.018093908629441623, "msle_rna_gpm": 0.049352118090536023, "corrcoef_rna_gpm": [1.0, -0.006837541701179136, -0.006837541701179136, 0.9999999999999998], "mse_rna_gpm": 0.06325105837563451, "r2_rna_gpm": -3083.4850620425345, "r2_sispi_gpm": -1759.6118914334188, "corrcoef_sispi_gpm": [1.0, -0.004765375440222016, -0.004765375440222016, 0.9999999999999998]}