{"mae_rna_gpm": 1.0742566709021601, "evs_rna_gpm": -0.29214678751696765, "evs_sispi_gpm": -1.437412590392165, "mse_sispi_gpm": 3.7907191385006356, "med_ae_sispi_gpm": 0.0, "med_ae_rna_gpm": 0.893, "msle_sispi_gpm": 0.21130622153268103, "mae_sispi_gpm": 0.43283608640406607, "msle_rna_gpm": 0.4584531993200666, "corrcoef_rna_gpm": [1.0, 0.04215224708788173, 0.042152247087881727, 1.0], "mse_rna_gpm": 2.4576734409148666, "r2_rna_gpm": -0.5821292146064321, "r2_sispi_gpm": -1.440278433068411, "corrcoef_sispi_gpm": [1.0, 0.0769117464848736, 0.07691174648487362, 1.0]}