{"mae_rna_gpm": 0.6196048284625157, "evs_rna_gpm": -1.515720244027463e-05, "evs_sispi_gpm": -0.0006942850003093248, "mse_sispi_gpm": 4.293915273189327, "med_ae_sispi_gpm": 0.0, "med_ae_rna_gpm": 0.449, "msle_sispi_gpm": 0.08979415153670318, "mae_sispi_gpm": 0.20007623888182974, "msle_rna_gpm": 0.19776624894453723, "corrcoef_rna_gpm": [0.9999999999999998, -0.06137243813880953, -0.06137243813880953, 0.9999999999999998], "mse_rna_gpm": 4.3232648475222355, "r2_rna_gpm": -0.015179365866959227, "r2_sispi_gpm": -0.008287564575436779, "corrcoef_sispi_gpm": [0.9999999999999998, 0.03434950690756995, 0.03434950690756995, 0.9999999999999998]}