{"mae_rna_gpm": 0.6413722998729352, "evs_rna_gpm": 0.040178797339554206, "evs_sispi_gpm": -0.2745393019042892, "mse_sispi_gpm": 6.1699914472681066, "med_ae_sispi_gpm": 0.0, "med_ae_rna_gpm": 0.262, "msle_sispi_gpm": 0.2472710280997317, "mae_sispi_gpm": 0.5242960609911055, "msle_rna_gpm": 0.21817232935811434, "corrcoef_rna_gpm": [1.0, 0.20289923808811314, 0.20289923808811314, 1.0], "mse_rna_gpm": 4.597116114358323, "r2_rna_gpm": 0.03795023698033251, "r2_sispi_gpm": -0.29120924118885294, "corrcoef_sispi_gpm": [1.0, 0.05975500291510074, 0.05975500291510074, 1.0]}