{"mae_sispi_gpm": 0.34970266836086406, "r2_sispi_gpm": -0.23644808447017351, "corrcoef_rna_gpm": [1.0, 0.0948340678702539, 0.0948340678702539, 1.0], "r2_rna_gpm": 0.007409243895022843, "med_ae_rna_gpm": 0.322, "evs_sispi_gpm": -0.22801630304972242, "mae_rna_gpm": 0.5323684879288437, "med_ae_sispi_gpm": 0.0, "mse_sispi_gpm": 3.824466373570521, "corrcoef_sispi_gpm": [1.0, 0.12326467519548376, 0.12326467519548377, 1.0], "evs_rna_gpm": 0.008066182625751983, "mse_rna_gpm": 3.0701895349428203, "msle_rna_gpm": 0.16664908231852907, "msle_sispi_gpm": 0.15923906291453768}