{"mae_rna_gpm": 0.38514974619289344, "evs_rna_gpm": -0.8291072157823645, "evs_sispi_gpm": -1744.442538560614, "mse_sispi_gpm": 0.03610345431472082, "med_ae_sispi_gpm": 0.0, "med_ae_rna_gpm": 0.386, "msle_sispi_gpm": 0.009204495550450942, "mae_sispi_gpm": 0.018093908629441623, "msle_rna_gpm": 0.10614080121324537, "corrcoef_rna_gpm": [1.0, 0.007544445823472339, 0.007544445823472338, 0.9999999999999998], "mse_rna_gpm": 0.14837783502538068, "r2_rna_gpm": -7234.755850218327, "r2_sispi_gpm": -1759.6118914334188, "corrcoef_sispi_gpm": [1.0, -0.004765375440222016, -0.004765375440222016, 0.9999999999999998]}