{"mae_sispi_gpm": 0.3256670902160102, "r2_sispi_gpm": -0.9386655480272836, "corrcoef_rna_gpm": [0.9999999999999999, 0.5258834344052938, 0.5258834344052938, 1.0], "r2_rna_gpm": -0.03477460730929294, "med_ae_rna_gpm": 0.252, "evs_sispi_gpm": -0.9297358522235668, "mae_rna_gpm": 0.435864040660737, "med_ae_sispi_gpm": 0.0, "mse_sispi_gpm": 3.1376840457433293, "corrcoef_sispi_gpm": [1.0, 0.0746728956962124, 0.0746728956962124, 1.0], "evs_rna_gpm": -0.028945263591962922, "mse_rna_gpm": 1.6747580724269382, "msle_rna_gpm": 0.12503707025388158, "msle_sispi_gpm": 0.15074920275747536}