{"mae_rna_gpm": 0.435864040660737, "evs_rna_gpm": -0.028945263591962922, "evs_sispi_gpm": -0.9297358522235668, "mse_sispi_gpm": 3.1376840457433293, "med_ae_sispi_gpm": 0.0, "med_ae_rna_gpm": 0.252, "msle_sispi_gpm": 0.15074920275747536, "mae_sispi_gpm": 0.3256670902160102, "msle_rna_gpm": 0.12503707025388158, "corrcoef_rna_gpm": [0.9999999999999999, 0.5258834344052938, 0.5258834344052938, 1.0], "mse_rna_gpm": 1.6747580724269382, "r2_rna_gpm": -0.03477460730929294, "r2_sispi_gpm": -0.9386655480272836, "corrcoef_sispi_gpm": [1.0, 0.0746728956962124, 0.0746728956962124, 1.0]}