{"mae_rna_gpm": 0.321774111675127, "evs_rna_gpm": -0.0036455515143913875, "evs_sispi_gpm": -0.9333431238390371, "mse_sispi_gpm": 0.0015489314720812187, "med_ae_sispi_gpm": 0.0, "med_ae_rna_gpm": 0.322, "msle_sispi_gpm": 0.0010291673442051209, "mae_sispi_gpm": 0.004104060913705584, "msle_rna_gpm": 0.07777461750700747, "corrcoef_rna_gpm": [1.0, -0.0060280084699689635, -0.0060280084699689635, 0.9999999999999999], "mse_rna_gpm": 0.10356621573604063, "r2_rna_gpm": -128.3376893119375, "r2_sispi_gpm": -0.9343684238894787, "corrcoef_sispi_gpm": [1.0, -0.00520585160741406, -0.00520585160741406, 0.9999999999999999]}