{"mae_sispi_gpm": 0.5217700127064804, "r2_sispi_gpm": -0.6747062196993237, "corrcoef_rna_gpm": [1.0, 0.3519882838300476, 0.3519882838300476, 0.9999999999999998], "r2_rna_gpm": 0.12287418424079999, "med_ae_rna_gpm": 0.296, "evs_sispi_gpm": -0.6700323820926999, "mae_rna_gpm": 0.6655196950444727, "med_ae_sispi_gpm": 0.0, "mse_sispi_gpm": 7.111853724269377, "corrcoef_sispi_gpm": [1.0, 0.2013592059119221, 0.20135920591192213, 0.9999999999999998], "evs_rna_gpm": 0.12342602110343148, "mse_rna_gpm": 3.724826734434562, "msle_rna_gpm": 0.2143188262842267, "msle_sispi_gpm": 0.21652551872276693}