{"mae_rna_gpm": 0.4950088945362134, "evs_rna_gpm": -21.054119511952013, "evs_sispi_gpm": -0.02090713426107227, "mse_sispi_gpm": 0.0008145171537484115, "med_ae_sispi_gpm": 0.0, "med_ae_rna_gpm": 0.481, "msle_sispi_gpm": 0.0005719261146479861, "mae_sispi_gpm": 0.0029491740787801783, "msle_rna_gpm": 0.16380128533424426, "corrcoef_rna_gpm": [1.0, 0.06204241657346366, 0.06204241657346366, 1.0], "mse_rna_gpm": 0.26226019059720457, "r2_rna_gpm": -329.6418186790927, "r2_sispi_gpm": -0.02689406443054554, "corrcoef_sispi_gpm": [1.0, 0.03358157778466294, 0.03358157778466295, 1.0]}