{"mae_rna_gpm": 0.3179008894536213, "evs_rna_gpm": -2.8015148930238194, "evs_sispi_gpm": 0.003934879248258971, "mse_sispi_gpm": 0.0003864739517153748, "med_ae_sispi_gpm": 0.0, "med_ae_rna_gpm": 0.315, "msle_sispi_gpm": 0.0002994880268348079, "mae_sispi_gpm": 0.002209656925031766, "msle_rna_gpm": 0.07651962069374586, "corrcoef_rna_gpm": [1.0, 0.08739386345147857, 0.08739386345147858, 0.9999999999999998], "mse_rna_gpm": 0.10237422109275732, "r2_rna_gpm": -264.34480604710495, "r2_sispi_gpm": -0.0017058461158767635, "corrcoef_sispi_gpm": [1.0, 0.09828267023488675, 0.09828267023488675, 0.9999999999999998]}