{"mae_sispi_gpm": 0.515869123252859, "r2_sispi_gpm": -0.011270231809605624, "corrcoef_rna_gpm": [1.0, 0.10387801468632998, 0.10387801468632998, 1.0], "r2_rna_gpm": 0.007698139283170313, "med_ae_rna_gpm": 0.309, "evs_sispi_gpm": 0.0069056089321132275, "mae_rna_gpm": 0.7361880559085134, "med_ae_sispi_gpm": 0.0, "mse_sispi_gpm": 8.546200687420583, "corrcoef_sispi_gpm": [0.9999999999999999, 0.17888804009645903, 0.178888040096459, 1.0], "evs_rna_gpm": 0.010788794834224125, "mse_rna_gpm": 8.385899809402797, "msle_rna_gpm": 0.24073926602892579, "msle_sispi_gpm": 0.23533875135304916}