{"mae_rna_gpm": 0.6186581956797969, "evs_rna_gpm": 0.0, "evs_sispi_gpm": -0.0006942850003093248, "mse_sispi_gpm": 4.293915273189327, "med_ae_sispi_gpm": 0.0, "med_ae_rna_gpm": 0.448, "msle_sispi_gpm": 0.08979415153670318, "mae_sispi_gpm": 0.20007623888182974, "msle_rna_gpm": 0.1973076164038353, "corrcoef_rna_gpm": [0.9999999999999998, 4.4187793453639933e-16, 4.4187793453639933e-16, 0.9999999999999998], "mse_rna_gpm": 4.322711064803049, "r2_rna_gpm": -0.015049327849507188, "r2_sispi_gpm": -0.008287564575436779, "corrcoef_sispi_gpm": [0.9999999999999998, 0.03434950690756995, 0.03434950690756995, 0.9999999999999998]}