{"mae_sispi_gpm": 0.06563786531130876, "r2_sispi_gpm": -1.9164344410917074, "corrcoef_rna_gpm": [0.9999999999999998, 2.3799372226275996e-16, 2.3799372226275996e-16, 1.0], "r2_rna_gpm": -0.9549680999447117, "med_ae_rna_gpm": 0.455, "evs_sispi_gpm": -1.9141037782265489, "mae_rna_gpm": 0.4758386277001271, "med_ae_sispi_gpm": 0.0, "mse_sispi_gpm": 0.5311989440914867, "corrcoef_sispi_gpm": [1.0, 0.3897920343215137, 0.3897920343215137, 1.0], "evs_rna_gpm": 0.0, "mse_rna_gpm": 0.3560776048284625, "msle_rna_gpm": 0.14893133944979461, "msle_sispi_gpm": 0.022564802884585882}