{"mae_rna_gpm": 0.5460381194409148, "evs_rna_gpm": 0.02399209497885879, "evs_sispi_gpm": -0.39246955432971653, "mse_sispi_gpm": 2.1776967725540026, "med_ae_sispi_gpm": 0.0, "med_ae_rna_gpm": 0.285, "msle_sispi_gpm": 0.18791887174569577, "mae_sispi_gpm": 0.36414485387547646, "msle_rna_gpm": 0.18457915902938962, "corrcoef_rna_gpm": [1.0, 0.18894174200030683, 0.18894174200030683, 1.0], "mse_rna_gpm": 1.513736536213469, "r2_rna_gpm": 0.02092392544581645, "r2_sispi_gpm": -0.40852173190910657, "corrcoef_sispi_gpm": [0.9999999999999998, 0.16401691787047404, 0.16401691787047404, 1.0]}