{"mae_sispi_gpm": 0.001789072426937738, "r2_sispi_gpm": 0.0382345567028749, "corrcoef_rna_gpm": [1.0, 0.10001466378482898, 0.10001466378482898, 1.0], "r2_rna_gpm": -4579.434335184159, "med_ae_rna_gpm": 1.249, "evs_sispi_gpm": 0.04270648971252944, "mae_rna_gpm": 1.2472388818297335, "med_ae_sispi_gpm": 0.0, "mse_sispi_gpm": 0.0003267141041931385, "corrcoef_sispi_gpm": [0.9999999999999999, 0.20708859143467773, 0.20708859143467773, 1.0], "evs_rna_gpm": -0.11881703099161367, "mse_rna_gpm": 1.5559848932655655, "msle_rna_gpm": 0.6545845242036405, "msle_sispi_gpm": 0.0002457247718611219}