{"mae_sispi_gpm": 0.0027776365946632782, "r2_sispi_gpm": -35.27700351015589, "corrcoef_rna_gpm": [0.9999999999999999, 0.2162134743302394, 0.21621347433023938, 1.0], "r2_rna_gpm": -27288.317555478618, "med_ae_rna_gpm": 0.634, "evs_sispi_gpm": -35.12853851484161, "mae_rna_gpm": 0.6831791613723, "med_ae_sispi_gpm": 0.0, "mse_sispi_gpm": 0.0012164853875476494, "corrcoef_sispi_gpm": [1.0, 0.3876939300334721, 0.387693930033472, 1.0], "evs_rna_gpm": -13369.77594358791, "mse_rna_gpm": 0.9150991766200763, "msle_rna_gpm": 0.2698508844797775, "msle_sispi_gpm": 0.000661014177760031}