{"mae_sispi_gpm": 0.4648360864040661, "r2_sispi_gpm": -0.26684097594387723, "corrcoef_rna_gpm": [1.0, 0.03473775505546942, 0.03473775505546942, 0.9999999999999999], "r2_rna_gpm": -5.920038203370114, "med_ae_rna_gpm": 0.172, "evs_sispi_gpm": -0.2501325155611849, "mae_rna_gpm": 0.807279542566709, "med_ae_sispi_gpm": 0.0, "mse_sispi_gpm": 4.508963026683609, "corrcoef_sispi_gpm": [1.0, 0.07766013101213122, 0.07766013101213122, 0.9999999999999999], "evs_rna_gpm": -5.917476011070669, "mse_rna_gpm": 24.629923561626423, "msle_rna_gpm": 0.270036255434335, "msle_sispi_gpm": 0.2335490229599545}