{"mae_sispi_gpm": 0.3655349428208386, "r2_sispi_gpm": -0.23269024936912253, "corrcoef_rna_gpm": [1.0, -0.00746242084261803, -0.00746242084261803, 1.0], "r2_rna_gpm": -3.568647007116824, "med_ae_rna_gpm": 0.333, "evs_sispi_gpm": -0.20398746233776843, "mae_rna_gpm": 0.6739682337992376, "med_ae_sispi_gpm": 0.0, "mse_sispi_gpm": 2.3687321550190594, "corrcoef_sispi_gpm": [1.0, 0.11610586342464087, 0.11610586342464087, 1.0], "evs_rna_gpm": -3.56307145326734, "mse_rna_gpm": 8.779091970775095, "msle_rna_gpm": 0.22460444720928485, "msle_sispi_gpm": 0.19214558311738522}