{"mae_sispi_gpm": 0.5241537484116899, "r2_sispi_gpm": -0.775331514951972, "corrcoef_rna_gpm": [1.0, 0.024823568740098213, 0.024823568740098216, 1.0], "r2_rna_gpm": -2.0480600429018083, "med_ae_rna_gpm": 0.301, "evs_sispi_gpm": -0.7737662595836206, "mae_rna_gpm": 0.8312642947903431, "med_ae_sispi_gpm": 0.0, "mse_sispi_gpm": 6.889534153748412, "corrcoef_sispi_gpm": [0.9999999999999999, 0.039375419894046096, 0.039375419894046096, 1.0], "evs_rna_gpm": -2.0295876651496356, "mse_rna_gpm": 11.82861543964422, "msle_rna_gpm": 0.27408678231205313, "msle_sispi_gpm": 0.24926965652967678}