{"mae_rna_gpm": 0.4752299872935198, "evs_rna_gpm": 0.029831602860748707, "evs_sispi_gpm": -0.7885102526690211, "mse_sispi_gpm": 4.198490139771283, "med_ae_sispi_gpm": 0.0, "med_ae_rna_gpm": 0.234, "msle_sispi_gpm": 0.21767495081387264, "mae_sispi_gpm": 0.43127573062261754, "msle_rna_gpm": 0.1569431178654465, "corrcoef_rna_gpm": [1.0, 0.17464403619888688, 0.1746440361988869, 1.0], "mse_rna_gpm": 2.2747225133418043, "r2_rna_gpm": 0.02979743457246864, "r2_sispi_gpm": -0.7907177163970058, "corrcoef_sispi_gpm": [1.0, 0.03602436165780355, 0.03602436165780356, 1.0]}