{"mae_sispi_gpm": 0.34881702668360864, "r2_sispi_gpm": -0.8712447890127768, "corrcoef_rna_gpm": [0.9999999999999999, 0.2410580353117991, 0.2410580353117991, 1.0], "r2_rna_gpm": 0.03013492616818292, "med_ae_rna_gpm": 0.35, "evs_sispi_gpm": -0.8662827589631439, "mae_rna_gpm": 0.5527420584498095, "med_ae_sispi_gpm": 0.0, "mse_sispi_gpm": 3.6964615641677256, "corrcoef_sispi_gpm": [1.0, 0.2706982301986956, 0.27069823019869554, 1.0], "evs_rna_gpm": 0.03486101636828309, "mse_rna_gpm": 1.9158738551461247, "msle_rna_gpm": 0.17667791653996295, "msle_sispi_gpm": 0.16080434907052701}