{"mae_sispi_gpm": 0.0038754764930114356, "r2_sispi_gpm": 0.028169605038975476, "corrcoef_rna_gpm": [1.0, 0.05157348620426154, 0.05157348620426155, 1.0], "r2_rna_gpm": -904.2025328466866, "med_ae_rna_gpm": 1.103, "evs_sispi_gpm": 0.032673849184786, "mae_rna_gpm": 1.0998818297331638, "med_ae_sispi_gpm": 0.0, "mse_sispi_gpm": 0.001300269377382465, "corrcoef_sispi_gpm": [1.0, 0.21150478033344516, 0.21150478033344516, 1.0], "evs_rna_gpm": -0.034396060465647915, "mse_rna_gpm": 1.2111240190597206, "msle_rna_gpm": 0.5492654298299897, "msle_sispi_gpm": 0.0008402822541387361}