{"mae_rna_gpm": 0.7158233799237612, "evs_rna_gpm": -0.01123174576621544, "evs_sispi_gpm": -0.12404507565197531, "mse_sispi_gpm": 4.063761480304954, "med_ae_sispi_gpm": 0.0, "med_ae_rna_gpm": 0.39, "msle_sispi_gpm": 0.2434922426622755, "mae_sispi_gpm": 0.47014104193138495, "msle_rna_gpm": 0.2586384363380625, "corrcoef_rna_gpm": [1.0, -0.08772643322307781, -0.08772643322307783, 1.0], "mse_rna_gpm": 3.571173520965693, "r2_rna_gpm": -0.011432042213636695, "r2_sispi_gpm": -0.15094339408702084, "corrcoef_sispi_gpm": [0.9999999999999999, 0.10828990427042846, 0.10828990427042848, 1.0]}