{"mae_sispi_gpm": 0.0901092757306226, "r2_sispi_gpm": 0.002118012364207944, "corrcoef_rna_gpm": [1.0, 0.22872273765398093, 0.22872273765398093, 1.0], "r2_rna_gpm": -0.09639046998242451, "med_ae_rna_gpm": 0.341, "evs_sispi_gpm": 0.008790052386011826, "mae_rna_gpm": 0.4021003811944093, "med_ae_sispi_gpm": 0.0, "mse_sispi_gpm": 0.6975826861499365, "corrcoef_sispi_gpm": [1.0, 0.09711072433171393, 0.09711072433171394, 1.0], "evs_rna_gpm": 9.403270946417575e-05, "mse_rna_gpm": 0.7664463519695045, "msle_rna_gpm": 0.11416289556054546, "msle_sispi_gpm": 0.044319539245402245}