{"mae_rna_gpm": 0.5937839898348158, "evs_rna_gpm": -0.015300330743941881, "evs_sispi_gpm": -0.4881578696503899, "mse_sispi_gpm": 5.311291416772553, "med_ae_sispi_gpm": 0.0, "med_ae_rna_gpm": 0.323, "msle_sispi_gpm": 0.2053535966238234, "mae_sispi_gpm": 0.42973697585768744, "msle_rna_gpm": 0.1972784409415662, "corrcoef_rna_gpm": [1.0, 0.011050207166713203, 0.011050207166713205, 1.0], "mse_rna_gpm": 3.5996648640406606, "r2_rna_gpm": -0.015406248308265091, "r2_sispi_gpm": -0.49822794478791477, "corrcoef_sispi_gpm": [0.9999999999999999, 0.020639370347677388, 0.020639370347677388, 1.0]}