{"mae_sispi_gpm": 0.5172414231257941, "r2_sispi_gpm": -0.4369133931032725, "corrcoef_rna_gpm": [1.0, -0.02365908786759052, -0.023659087867590516, 1.0], "r2_rna_gpm": -0.05573226917720575, "med_ae_rna_gpm": 0.469, "evs_sispi_gpm": -0.41692033879150814, "mae_rna_gpm": 0.7550622617534942, "med_ae_sispi_gpm": 0.0, "mse_sispi_gpm": 3.9705149618805597, "corrcoef_sispi_gpm": [1.0, 0.012962051531903523, 0.012962051531903523, 1.0], "evs_rna_gpm": -0.05472237024135884, "mse_rna_gpm": 2.917225763659467, "msle_rna_gpm": 0.27872084730395286, "msle_sispi_gpm": 0.28010665175609517}