{"mae_rna_gpm": 0.4006518424396442, "evs_rna_gpm": 0.007690599287797251, "evs_sispi_gpm": 0.032673849184786, "mse_sispi_gpm": 0.001300269377382465, "med_ae_sispi_gpm": 0.0, "med_ae_rna_gpm": 0.403, "msle_sispi_gpm": 0.0008402822541387361, "mae_sispi_gpm": 0.0038754764930114356, "msle_rna_gpm": 0.113519662395437, "corrcoef_rna_gpm": [1.0, 0.19304198676438988, 0.19304198676438988, 1.0], "mse_rna_gpm": 0.16095482465057181, "r2_rna_gpm": -119.2987577281362, "r2_sispi_gpm": 0.028169605038975476, "corrcoef_sispi_gpm": [1.0, 0.21150478033344516, 0.21150478033344516, 1.0]}