{"mae_rna_gpm": 0.7466251588310039, "evs_rna_gpm": -138205.64544921948, "evs_sispi_gpm": -35.12853851484161, "mse_sispi_gpm": 0.0012164853875476494, "med_ae_sispi_gpm": 0.0, "med_ae_rna_gpm": 0.662, "msle_sispi_gpm": 0.000661014177760031, "mae_sispi_gpm": 0.0027776365946632782, "msle_rna_gpm": 0.2850549760135655, "corrcoef_rna_gpm": [1.0, 0.18298014390766434, 0.18298014390766437, 1.0], "mse_rna_gpm": 5.191965443456163, "r2_rna_gpm": -154829.4242244667, "r2_sispi_gpm": -35.27700351015589, "corrcoef_sispi_gpm": [1.0, 0.3876939300334721, 0.387693930033472, 1.0]}