{"mae_rna_gpm": 0.48618551461245224, "evs_rna_gpm": -0.028433090349240908, "evs_sispi_gpm": -2.055738885269781, "mse_sispi_gpm": 4.411097433290978, "med_ae_sispi_gpm": 0.0, "med_ae_rna_gpm": 0.284, "msle_sispi_gpm": 0.16419825797033413, "mae_sispi_gpm": 0.39080813214739524, "msle_rna_gpm": 0.15849815416390503, "corrcoef_rna_gpm": [1.0, 0.10995563247588315, 0.10995563247588316, 0.9999999999999998], "mse_rna_gpm": 1.4979783557814481, "r2_rna_gpm": -0.03833864117662067, "r2_sispi_gpm": -2.057596191095619, "corrcoef_sispi_gpm": [1.0, 0.40098930732783955, 0.4009893073278396, 0.9999999999999998]}