{"mae_sispi_gpm": 0.36007878017789074, "r2_sispi_gpm": -0.4683595252266721, "corrcoef_rna_gpm": [1.0, 0.09022562262822434, 0.09022562262822434, 0.9999999999999999], "r2_rna_gpm": 0.004508151747104394, "med_ae_rna_gpm": 0.209, "evs_sispi_gpm": -0.4634234334287948, "mae_rna_gpm": 0.4293621346886913, "med_ae_sispi_gpm": 0.0, "mse_sispi_gpm": 3.9742749428208386, "corrcoef_sispi_gpm": [1.0, 0.058058897634270405, 0.05805889763427041, 0.9999999999999999], "evs_rna_gpm": 0.005251806344853782, "mse_rna_gpm": 2.694407085133418, "msle_rna_gpm": 0.13910162305563242, "msle_sispi_gpm": 0.17147562012800985}