{"mae_sispi_gpm": 0.42582083862770015, "r2_sispi_gpm": -0.6183779028268435, "corrcoef_rna_gpm": [0.9999999999999998, 0.24980461416020538, 0.2498046141602054, 1.0], "r2_rna_gpm": 0.05645861347945402, "med_ae_rna_gpm": 0.34, "evs_sispi_gpm": -0.6066032959532839, "mae_rna_gpm": 0.6198932655654383, "med_ae_sispi_gpm": 0.0, "mse_sispi_gpm": 4.98846505844981, "corrcoef_sispi_gpm": [1.0, 0.12601447193198498, 0.12601447193198498, 1.0], "evs_rna_gpm": 0.05704567356127288, "mse_rna_gpm": 2.9083585667090213, "msle_rna_gpm": 0.2013493550448069, "msle_sispi_gpm": 0.19795049458689098}