{"mae_sispi_gpm": 0.32544218551461246, "r2_sispi_gpm": -0.4478259599894798, "corrcoef_rna_gpm": [1.0, 0.23767426648319434, 0.23767426648319434, 1.0], "r2_rna_gpm": 0.045697243831035794, "med_ae_rna_gpm": 0.29, "evs_sispi_gpm": -0.44556274774444016, "mae_rna_gpm": 0.496843710292249, "med_ae_sispi_gpm": 0.0, "mse_sispi_gpm": 2.3782231855146123, "corrcoef_sispi_gpm": [1.0, 0.18864202387116238, 0.1886420238711624, 1.0], "evs_rna_gpm": 0.05645801359657754, "mse_rna_gpm": 1.5675537001270647, "msle_rna_gpm": 0.15566910281780677, "msle_sispi_gpm": 0.16253972002975678}