{"mae_rna_gpm": 0.3513299492385787, "evs_rna_gpm": -0.07991955612683799, "evs_sispi_gpm": -0.3181629775680641, "mse_sispi_gpm": 0.018575355329949243, "med_ae_sispi_gpm": 0.0, "med_ae_rna_gpm": 0.342, "msle_sispi_gpm": 0.006932368266958242, "mae_sispi_gpm": 0.015040609137055839, "msle_rna_gpm": 0.09085873943882253, "corrcoef_rna_gpm": [0.9999999999999998, -0.010353537641775488, -0.010353537641775488, 0.9999999999999999], "mse_rna_gpm": 0.1303925025380711, "r2_rna_gpm": -8.253884687484062, "r2_sispi_gpm": -0.3182828222980405, "corrcoef_sispi_gpm": [1.0, -0.006437901136219788, -0.006437901136219788, 0.9999999999999999]}