{"mae_rna_gpm": 0.2852538071065991, "evs_rna_gpm": -0.002434488715090888, "evs_sispi_gpm": -0.3181629775680641, "mse_sispi_gpm": 0.018575355329949243, "med_ae_sispi_gpm": 0.0, "med_ae_rna_gpm": 0.28, "msle_sispi_gpm": 0.006932368266958242, "mae_sispi_gpm": 0.015040609137055839, "msle_rna_gpm": 0.06329050316838315, "corrcoef_rna_gpm": [0.9999999999999998, -0.012701069827494676, -0.012701069827494676, 0.9999999999999999], "mse_rna_gpm": 0.08847106091370562, "r2_rna_gpm": -5.278742872012687, "r2_sispi_gpm": -0.3182828222980405, "corrcoef_sispi_gpm": [1.0, -0.006437901136219788, -0.006437901136219788, 0.9999999999999999]}