{"mae_sispi_gpm": 0.018093908629441623, "r2_sispi_gpm": -1759.6118914334188, "corrcoef_rna_gpm": [1.0, -0.0038224804741252743, -0.0038224804741252747, 0.9999999999999998], "r2_rna_gpm": -8363.30896365407, "med_ae_rna_gpm": 0.356, "evs_sispi_gpm": -1744.442538560614, "mae_rna_gpm": 0.3698832487309644, "med_ae_sispi_gpm": 0.0, "mse_sispi_gpm": 0.03610345431472082, "corrcoef_sispi_gpm": [1.0, -0.004765375440222016, -0.004765375440222016, 0.9999999999999998], "evs_rna_gpm": -1691.4908013696481, "mse_rna_gpm": 0.17152016751269034, "msle_rna_gpm": 0.10272369096992522, "msle_sispi_gpm": 0.009204495550450942}