{"mae_sispi_gpm": 0.018093908629441623, "r2_sispi_gpm": -1759.6118914334188, "corrcoef_rna_gpm": [0.9999999999999999, -0.007503622481033002, -0.007503622481033003, 0.9999999999999998], "r2_rna_gpm": -7350.20367982911, "med_ae_rna_gpm": 0.388, "evs_sispi_gpm": -1744.442538560614, "mae_rna_gpm": 0.3882208121827411, "med_ae_sispi_gpm": 0.0, "mse_sispi_gpm": 0.03610345431472082, "corrcoef_sispi_gpm": [1.0, -0.004765375440222016, -0.004765375440222016, 0.9999999999999998], "evs_rna_gpm": -0.45477743222442024, "mse_rna_gpm": 0.15074523096446701, "msle_rna_gpm": 0.10758555121530762, "msle_sispi_gpm": 0.009204495550450942}