{"mae_sispi_gpm": 0.4228424396442185, "r2_sispi_gpm": -0.0303510637153952, "corrcoef_rna_gpm": [1.0, 0.09946382404117222, 0.09946382404117222, 0.9999999999999999], "r2_rna_gpm": -0.8396477405046832, "med_ae_rna_gpm": 0.384, "evs_sispi_gpm": -0.0071225191177461955, "mae_rna_gpm": 0.7809974587039391, "med_ae_sispi_gpm": 0.0, "mse_sispi_gpm": 3.275311249047015, "corrcoef_sispi_gpm": [1.0, 0.1867929547838768, 0.18679295478387684, 0.9999999999999999], "evs_rna_gpm": -0.8327903629301163, "mse_rna_gpm": 5.847928100381194, "msle_rna_gpm": 0.2506428174443662, "msle_sispi_gpm": 0.20468762204343915}