{"mae_rna_gpm": 1.0640190597204575, "evs_rna_gpm": -0.0015070615726395786, "evs_sispi_gpm": -0.0006942850003093248, "mse_sispi_gpm": 4.293915273189327, "med_ae_sispi_gpm": 0.0, "med_ae_rna_gpm": 0.912, "msle_sispi_gpm": 0.08979415153670318, "mae_sispi_gpm": 0.20007623888182974, "msle_rna_gpm": 0.45732218528207114, "corrcoef_rna_gpm": [1.0, -0.07771167485465634, -0.07771167485465634, 0.9999999999999998], "mse_rna_gpm": 4.775737874205847, "r2_rna_gpm": -0.12142806829466979, "r2_sispi_gpm": -0.008287564575436779, "corrcoef_sispi_gpm": [0.9999999999999998, 0.03434950690756995, 0.03434950690756995, 0.9999999999999998]}