{"mae_sispi_gpm": 0.06563786531130876, "r2_sispi_gpm": -1.9164344410917074, "corrcoef_rna_gpm": [0.9999999999999999, -0.43194969504466296, -0.43194969504466296, 1.0], "r2_rna_gpm": -3.9903119494097785, "med_ae_rna_gpm": 0.88, "evs_sispi_gpm": -1.9141037782265489, "mae_rna_gpm": 0.8926556543837358, "med_ae_sispi_gpm": 0.0, "mse_sispi_gpm": 0.5311989440914867, "corrcoef_sispi_gpm": [1.0, 0.3897920343215137, 0.3897920343215137, 1.0], "evs_rna_gpm": -0.12819393994950157, "mse_rna_gpm": 0.9089346912325286, "msle_rna_gpm": 0.401810623730493, "msle_sispi_gpm": 0.022564802884585882}