{"mae_sispi_gpm": 0.0038754764930114356, "r2_sispi_gpm": 0.028169605038975476, "corrcoef_rna_gpm": [0.9999999999999999, 0.13564252935127194, 0.1356425293512719, 1.0], "r2_rna_gpm": -122.26126812402674, "med_ae_rna_gpm": 0.408, "evs_sispi_gpm": 0.032673849184786, "mae_rna_gpm": 0.40555400254129614, "med_ae_sispi_gpm": 0.0, "mse_sispi_gpm": 0.001300269377382465, "corrcoef_sispi_gpm": [1.0, 0.21150478033344516, 0.21150478033344516, 1.0], "evs_rna_gpm": 0.006215054305454659, "mse_rna_gpm": 0.164918542566709, "msle_rna_gpm": 0.11588658953412344, "msle_sispi_gpm": 0.0008402822541387361}