{"mae_rna_gpm": 0.920728081321474, "evs_rna_gpm": -0.3180191082629156, "evs_sispi_gpm": -0.0340126547025692, "mse_sispi_gpm": 8.005196839898348, "med_ae_sispi_gpm": 0.0, "med_ae_rna_gpm": 0.541, "msle_sispi_gpm": 0.21859639381032747, "mae_sispi_gpm": 0.4753227445997459, "msle_rna_gpm": 0.31468356066402503, "corrcoef_rna_gpm": [0.9999999999999999, 0.0001322791557433474, 0.0001322791557433474, 0.9999999999999999], "mse_rna_gpm": 10.088197185514613, "r2_rna_gpm": -0.3211925087570888, "r2_sispi_gpm": -0.04839406898053222, "corrcoef_sispi_gpm": [0.9999999999999999, 0.0857156841476715, 0.0857156841476715, 0.9999999999999999]}