{"mae_sispi_gpm": 0.4753227445997459, "r2_sispi_gpm": -0.04839406898053222, "corrcoef_rna_gpm": [0.9999999999999999, 0.0001322791557433474, 0.0001322791557433474, 0.9999999999999999], "r2_rna_gpm": -0.3211925087570888, "med_ae_rna_gpm": 0.541, "evs_sispi_gpm": -0.0340126547025692, "mae_rna_gpm": 0.920728081321474, "med_ae_sispi_gpm": 0.0, "mse_sispi_gpm": 8.005196839898348, "corrcoef_sispi_gpm": [0.9999999999999999, 0.0857156841476715, 0.0857156841476715, 0.9999999999999999], "evs_rna_gpm": -0.3180191082629156, "mse_rna_gpm": 10.088197185514613, "msle_rna_gpm": 0.31468356066402503, "msle_sispi_gpm": 0.21859639381032747}