{"mae_sispi_gpm": 0.20007623888182974, "r2_sispi_gpm": -0.008287564575436779, "corrcoef_rna_gpm": [0.9999999999999998, 0.016110753585784145, 0.016110753585784145, 0.9999999999999998], "r2_rna_gpm": -0.025441132604215877, "med_ae_rna_gpm": 0.524, "evs_sispi_gpm": -0.0006942850003093248, "mae_rna_gpm": 0.6913748411689963, "med_ae_sispi_gpm": 0.0, "mse_sispi_gpm": 4.293915273189327, "corrcoef_sispi_gpm": [0.9999999999999998, 0.03434950690756995, 0.03434950690756995, 0.9999999999999998], "evs_rna_gpm": 1.1091307997590505e-06, "mse_rna_gpm": 4.366965829733165, "msle_rna_gpm": 0.23356907151442788, "msle_sispi_gpm": 0.08979415153670318}