{"mae_rna_gpm": 0.6479123252858957, "evs_rna_gpm": -1.99408255984847, "evs_sispi_gpm": 0.032673849184786, "mse_sispi_gpm": 0.001300269377382465, "med_ae_sispi_gpm": 0.0, "med_ae_rna_gpm": 0.656, "msle_sispi_gpm": 0.0008402822541387361, "mae_sispi_gpm": 0.0038754764930114356, "msle_rna_gpm": 0.25039167285101077, "corrcoef_rna_gpm": [0.9999999999999999, -0.04113073614000681, -0.04113073614000681, 1.0], "mse_rna_gpm": 0.4237765832274461, "r2_rna_gpm": -315.73357184049325, "r2_sispi_gpm": 0.028169605038975476, "corrcoef_sispi_gpm": [1.0, 0.21150478033344516, 0.21150478033344516, 1.0]}