{"mae_rna_gpm": 0.5037268106734435, "evs_rna_gpm": -2.388149887493686, "evs_sispi_gpm": -0.35885956070875014, "mse_sispi_gpm": 3.878709121982211, "med_ae_sispi_gpm": 0.0, "med_ae_rna_gpm": 0.144, "msle_sispi_gpm": 0.18501812447339058, "mae_sispi_gpm": 0.4013913595933926, "msle_rna_gpm": 0.1795297087645899, "corrcoef_rna_gpm": [0.9999999999999998, 0.0014062334348515513, 0.0014062334348515513, 0.9999999999999999], "mse_rna_gpm": 9.629057406607375, "r2_rna_gpm": -2.390028902796113, "r2_sispi_gpm": -0.36554757893913337, "corrcoef_sispi_gpm": [1.0, 0.11614389428191502, 0.11614389428191502, 0.9999999999999999]}