{"mae_rna_gpm": 0.4983735705209656, "evs_rna_gpm": -0.00218130650282089, "evs_sispi_gpm": -1.9141037782265489, "mse_sispi_gpm": 0.5311989440914867, "med_ae_sispi_gpm": 0.0, "med_ae_rna_gpm": 0.478, "msle_sispi_gpm": 0.022564802884585882, "mae_sispi_gpm": 0.06563786531130876, "msle_rna_gpm": 0.16054151102979958, "corrcoef_rna_gpm": [1.0, -0.1628917320051652, -0.16289173200516519, 1.0], "mse_rna_gpm": 0.3763183430749682, "r2_rna_gpm": -1.0660955537768952, "r2_sispi_gpm": -1.9164344410917074, "corrcoef_sispi_gpm": [1.0, 0.3897920343215137, 0.3897920343215137, 1.0]}