{"mae_rna_gpm": 0.7363392630241423, "evs_rna_gpm": -0.06410201605174115, "evs_sispi_gpm": 0.006382037334874857, "mse_sispi_gpm": 8.950608565438374, "med_ae_sispi_gpm": 0.0, "med_ae_rna_gpm": 0.376, "msle_sispi_gpm": 0.18983652741045212, "mae_sispi_gpm": 0.4218640406607369, "msle_rna_gpm": 0.23462137805412306, "corrcoef_rna_gpm": [1.0, 0.06653685049712878, 0.06653685049712878, 1.0], "mse_rna_gpm": 9.45936765819568, "r2_rna_gpm": -0.06417421332217832, "r2_sispi_gpm": -0.006939065385367815, "corrcoef_sispi_gpm": [1.0, 0.09224071523801348, 0.09224071523801347, 1.0]}