{"mae_sispi_gpm": 0.0027776365946632782, "r2_sispi_gpm": -35.27700351015589, "corrcoef_rna_gpm": [0.9999999999999998, 0.1212605958032701, 0.1212605958032701, 1.0], "r2_rna_gpm": -697781.7950124629, "med_ae_rna_gpm": 0.237, "evs_sispi_gpm": -35.12853851484161, "mae_rna_gpm": 0.6220965692503178, "med_ae_sispi_gpm": 0.0, "mse_sispi_gpm": 0.0012164853875476494, "corrcoef_sispi_gpm": [1.0, 0.3876939300334721, 0.387693930033472, 1.0], "evs_rna_gpm": -686240.8831837033, "mse_rna_gpm": 23.398916439644225, "msle_rna_gpm": 0.15840707828077336, "msle_sispi_gpm": 0.000661014177760031}