{"mae_sispi_gpm": 0.002209656925031766, "r2_sispi_gpm": -0.0017058461158767635, "corrcoef_rna_gpm": [0.9999999999999999, 0.031487340224921785, 0.031487340224921785, 0.9999999999999998], "r2_rna_gpm": -122.29106739374579, "med_ae_rna_gpm": 0.183, "evs_sispi_gpm": 0.003934879248258971, "mae_rna_gpm": 0.19716010165184247, "med_ae_sispi_gpm": 0.0, "mse_sispi_gpm": 0.0003864739517153748, "corrcoef_sispi_gpm": [1.0, 0.09828267023488675, 0.09828267023488675, 0.9999999999999998], "evs_rna_gpm": -22.12160126378401, "mse_rna_gpm": 0.04756764294790343, "msle_rna_gpm": 0.03535494838899029, "msle_sispi_gpm": 0.0002994880268348079}