{"mae_sispi_gpm": 0.34527700127064803, "r2_sispi_gpm": -1.3414853286544193, "corrcoef_rna_gpm": [1.0, 0.14112239385003902, 0.141122393850039, 1.0], "r2_rna_gpm": 0.0157996294933479, "med_ae_rna_gpm": 0.268, "evs_sispi_gpm": -1.3402219006368874, "mae_rna_gpm": 0.4575324015247776, "med_ae_sispi_gpm": 0.0, "mse_sispi_gpm": 3.3473861359593395, "corrcoef_sispi_gpm": [1.0, 0.28908963384570163, 0.2890896338457016, 1.0], "evs_rna_gpm": 0.019379127266337615, "mse_rna_gpm": 1.4070123074968235, "msle_rna_gpm": 0.14702666613904106, "msle_sispi_gpm": 0.1447292118739}