{"mae_rna_gpm": 0.6363049555273188, "evs_rna_gpm": -4.069820062926319, "evs_sispi_gpm": -0.14534533586255494, "mse_sispi_gpm": 1.9083162668360865, "med_ae_sispi_gpm": 0.0, "med_ae_rna_gpm": 0.314, "msle_sispi_gpm": 0.17504729941336064, "mae_sispi_gpm": 0.34388818297331636, "msle_rna_gpm": 0.20990803382311016, "corrcoef_rna_gpm": [1.0, 0.02610053269705585, 0.026100532697055843, 1.0], "mse_rna_gpm": 8.325140465057176, "r2_rna_gpm": -4.07624507216929, "r2_sispi_gpm": -0.16359370587516575, "corrcoef_sispi_gpm": [0.9999999999999999, 0.22609484184820758, 0.22609484184820758, 1.0]}