{"mae_rna_gpm": 0.42035578144853875, "evs_rna_gpm": 0.0, "evs_sispi_gpm": 0.008790052386011826, "mse_sispi_gpm": 0.6975826861499365, "med_ae_sispi_gpm": 0.0, "med_ae_rna_gpm": 0.36, "msle_sispi_gpm": 0.044319539245402245, "mae_sispi_gpm": 0.0901092757306226, "msle_rna_gpm": 0.12183739747482414, "corrcoef_rna_gpm": [NaN, NaN, NaN, 1.0], "mse_rna_gpm": 0.7767250317662007, "r2_rna_gpm": -0.11109397342286753, "r2_sispi_gpm": 0.002118012364207944, "corrcoef_sispi_gpm": [1.0, 0.09711072433171393, 0.09711072433171394, 1.0]}