{"mae_sispi_gpm": 0.0038754764930114356, "r2_sispi_gpm": 0.028169605038975476, "corrcoef_rna_gpm": [1.0, -0.08808480693797406, -0.08808480693797406, 1.0], "r2_rna_gpm": -166.19277094556412, "med_ae_rna_gpm": 0.476, "evs_sispi_gpm": 0.032673849184786, "mae_rna_gpm": 0.47126429479034304, "med_ae_sispi_gpm": 0.0, "mse_sispi_gpm": 0.001300269377382465, "corrcoef_sispi_gpm": [1.0, 0.21150478033344516, 0.21150478033344516, 1.0], "evs_rna_gpm": -0.8467716797297709, "mse_rna_gpm": 0.2236970991105464, "msle_rna_gpm": 0.14954775672055132, "msle_sispi_gpm": 0.0008402822541387361}