{"mae_rna_gpm": 0.6473430749682337, "evs_rna_gpm": 0.0001569136663660542, "evs_sispi_gpm": 0.008790052386011826, "mse_sispi_gpm": 0.6975826861499365, "med_ae_sispi_gpm": 0.0, "med_ae_rna_gpm": 0.595, "msle_sispi_gpm": 0.044319539245402245, "mae_sispi_gpm": 0.0901092757306226, "msle_rna_gpm": 0.2364112112762699, "corrcoef_rna_gpm": [1.0, 0.12881107462264454, 0.12881107462264457, 1.0], "mse_rna_gpm": 0.9628819097839897, "r2_rna_gpm": -0.3773887068453907, "r2_sispi_gpm": 0.002118012364207944, "corrcoef_sispi_gpm": [1.0, 0.09711072433171393, 0.09711072433171394, 1.0]}