{"mae_rna_gpm": 0.5796175349428209, "evs_rna_gpm": -3.600138976697398, "evs_sispi_gpm": -0.20430228677259055, "mse_sispi_gpm": 1.679206123252859, "med_ae_sispi_gpm": 0.0, "med_ae_rna_gpm": 0.192, "msle_sispi_gpm": 0.13453848632527118, "mae_sispi_gpm": 0.2759224904701398, "msle_rna_gpm": 0.18248932738975757, "corrcoef_rna_gpm": [1.0, 0.360385907311258, 0.360385907311258, 1.0], "mse_rna_gpm": 6.392730268106735, "r2_rna_gpm": -3.644911174655709, "r2_sispi_gpm": -0.22009891851067698, "corrcoef_sispi_gpm": [1.0, 0.1639425916525978, 0.1639425916525978, 1.0]}