{"mae_sispi_gpm": 0.0027776365946632782, "r2_sispi_gpm": -35.27700351015589, "corrcoef_rna_gpm": [1.0, 0.2544164953701348, 0.2544164953701348, 1.0], "r2_rna_gpm": -1855.6064035500615, "med_ae_rna_gpm": 0.165, "evs_sispi_gpm": -35.12853851484161, "mae_rna_gpm": 0.19285006353240156, "med_ae_sispi_gpm": 0.0, "mse_sispi_gpm": 0.0012164853875476494, "corrcoef_sispi_gpm": [1.0, 0.3876939300334721, 0.387693930033472, 1.0], "evs_rna_gpm": -746.5233153042876, "mse_rna_gpm": 0.06225802414231259, "msle_rna_gpm": 0.03832597991460989, "msle_sispi_gpm": 0.000661014177760031}