{"mae_sispi_gpm": 0.002209656925031766, "r2_sispi_gpm": -0.0017058461158767635, "corrcoef_rna_gpm": [0.9999999999999999, 0.1484582430798317, 0.1484582430798317, 0.9999999999999998], "r2_rna_gpm": -238.01038403739852, "med_ae_rna_gpm": 0.271, "evs_sispi_gpm": 0.003934879248258971, "mae_rna_gpm": 0.28744345616264294, "med_ae_sispi_gpm": 0.0, "mse_sispi_gpm": 0.0003864739517153748, "corrcoef_sispi_gpm": [1.0, 0.09828267023488675, 0.09828267023488675, 0.9999999999999998], "evs_rna_gpm": -24.367949249177126, "mse_rna_gpm": 0.09221398475222363, "msle_rna_gpm": 0.06615070369606695, "msle_sispi_gpm": 0.0002994880268348079}