{"mae_rna_gpm": 0.501315120711563, "evs_rna_gpm": -91.72921774329295, "evs_sispi_gpm": -35.12853851484161, "mse_sispi_gpm": 0.0012164853875476494, "med_ae_sispi_gpm": 0.0, "med_ae_rna_gpm": 0.496, "msle_sispi_gpm": 0.000661014177760031, "mae_sispi_gpm": 0.0027776365946632782, "msle_rna_gpm": 0.16566957486174796, "corrcoef_rna_gpm": [1.0, 0.3008625898117959, 0.300862589811796, 1.0], "mse_rna_gpm": 0.25434992757306224, "r2_rna_gpm": -7584.009495245133, "r2_sispi_gpm": -35.27700351015589, "corrcoef_sispi_gpm": [1.0, 0.3876939300334721, 0.387693930033472, 1.0]}