{"mae_rna_gpm": 0.9586264294790343, "evs_rna_gpm": 1.282357032139636e-05, "evs_sispi_gpm": -0.0006942850003093248, "mse_sispi_gpm": 4.293915273189327, "med_ae_sispi_gpm": 0.0, "med_ae_rna_gpm": 0.802, "msle_sispi_gpm": 0.08979415153670318, "mae_sispi_gpm": 0.20007623888182974, "msle_rna_gpm": 0.38898954852255374, "corrcoef_rna_gpm": [1.0, 0.03819865990218019, 0.03819865990218019, 0.9999999999999998], "mse_rna_gpm": 4.627225879288438, "r2_rna_gpm": -0.08655481436707402, "r2_sispi_gpm": -0.008287564575436779, "corrcoef_sispi_gpm": [0.9999999999999998, 0.03434950690756995, 0.03434950690756995, 0.9999999999999998]}