{"mae_rna_gpm": 12.416349428208388, "evs_rna_gpm": -7.869339034279308, "evs_sispi_gpm": -0.3398742185328889, "mse_sispi_gpm": 1.8052663240152476, "med_ae_sispi_gpm": 0.0, "med_ae_rna_gpm": 13.447, "msle_sispi_gpm": 0.13254498603937492, "mae_sispi_gpm": 0.28028589580686153, "msle_rna_gpm": 6.470613754430539, "corrcoef_rna_gpm": [1.0, -0.2946261833594279, -0.2946261833594279, 1.0], "mse_rna_gpm": 162.24106606988565, "r2_rna_gpm": -120.4118534267204, "r2_sispi_gpm": -0.35095716292397294, "corrcoef_sispi_gpm": [0.9999999999999999, 0.18681182785029998, 0.18681182785029998, 1.0]}