{"mae_rna_gpm": 0.38740914866581966, "evs_rna_gpm": 0.004268150886451827, "evs_sispi_gpm": 0.04270648971252944, "mse_sispi_gpm": 0.0003267141041931385, "med_ae_sispi_gpm": 0.0, "med_ae_rna_gpm": 0.389, "msle_sispi_gpm": 0.0002457247718611219, "mae_sispi_gpm": 0.001789072426937738, "msle_rna_gpm": 0.10722125872603364, "corrcoef_rna_gpm": [0.9999999999999998, 0.2818687441626398, 0.2818687441626398, 1.0], "mse_rna_gpm": 0.15036503557814487, "r2_rna_gpm": -441.63744124652834, "r2_sispi_gpm": 0.0382345567028749, "corrcoef_sispi_gpm": [0.9999999999999999, 0.20708859143467773, 0.20708859143467773, 1.0]}