{"mae_rna_gpm": 0.393505076142132, "evs_rna_gpm": -4.209291177104113e-05, "evs_sispi_gpm": -0.005876317691719146, "mse_sispi_gpm": 0.013666172588832487, "med_ae_sispi_gpm": 0.0, "med_ae_rna_gpm": 0.39, "msle_sispi_gpm": 0.004611281584402039, "mae_sispi_gpm": 0.009208121827411167, "msle_rna_gpm": 0.10965678707618665, "corrcoef_rna_gpm": [1.0, -0.006236308742515994, -0.006236308742515994, 1.0], "mse_rna_gpm": 0.15920893654822332, "r2_rna_gpm": -10.766647059840121, "r2_sispi_gpm": -0.010025146816722064, "corrcoef_sispi_gpm": [1.0, -0.007627744616977156, -0.007627744616977155, 1.0]}