{"mae_rna_gpm": 0.49268869123252856, "evs_rna_gpm": 0.04236982228222286, "evs_sispi_gpm": -0.6825494804719014, "mse_sispi_gpm": 2.7574938005082594, "med_ae_sispi_gpm": 0.0, "med_ae_rna_gpm": 0.273, "msle_sispi_gpm": 0.16517377689051055, "mae_sispi_gpm": 0.3496581956797967, "msle_rna_gpm": 0.15893047593172224, "corrcoef_rna_gpm": [0.9999999999999999, 0.20727374180440644, 0.20727374180440641, 1.0], "mse_rna_gpm": 1.5581974587039389, "r2_rna_gpm": 0.04149988839488006, "r2_sispi_gpm": -0.6962279721185067, "corrcoef_sispi_gpm": [1.0, 0.11804060403458687, 0.11804060403458688, 1.0]}