{"mae_sispi_gpm": 0.0901092757306226, "r2_sispi_gpm": 0.002118012364207944, "corrcoef_rna_gpm": [0.9999999999999998, -0.19612181723301886, -0.19612181723301886, 1.0], "r2_rna_gpm": -0.5975178129025909, "med_ae_rna_gpm": 0.722, "evs_sispi_gpm": 0.008790052386011826, "mae_rna_gpm": 0.7596620076238881, "med_ae_sispi_gpm": 0.0, "mse_sispi_gpm": 0.6975826861499365, "corrcoef_sispi_gpm": [1.0, 0.09711072433171393, 0.09711072433171394, 1.0], "evs_rna_gpm": -0.03648505414928427, "mse_rna_gpm": 1.116766091486658, "msle_rna_gpm": 0.3061170341156226, "msle_sispi_gpm": 0.044319539245402245}