{"mae_rna_gpm": 0.7123392630241423, "evs_rna_gpm": -1.3927994788813103, "evs_sispi_gpm": -0.3950395693222235, "mse_sispi_gpm": 6.892352016518424, "med_ae_sispi_gpm": 0.0, "med_ae_rna_gpm": 0.3, "msle_sispi_gpm": 0.22023039141664905, "mae_sispi_gpm": 0.49618424396442196, "msle_rna_gpm": 0.23934515752439023, "corrcoef_rna_gpm": [0.9999999999999998, -0.006022353441937861, -0.00602235344193786, 0.9999999999999998], "mse_rna_gpm": 11.751876504447267, "r2_rna_gpm": -1.3928371800056039, "r2_sispi_gpm": -0.4033738489823906, "corrcoef_sispi_gpm": [1.0, 0.07388470607544113, 0.07388470607544112, 0.9999999999999998]}