{"mae_sispi_gpm": 0.49618424396442196, "r2_sispi_gpm": -0.4033738489823906, "corrcoef_rna_gpm": [0.9999999999999998, -0.006022353441937861, -0.00602235344193786, 0.9999999999999998], "r2_rna_gpm": -1.3928371800056039, "med_ae_rna_gpm": 0.3, "evs_sispi_gpm": -0.3950395693222235, "mae_rna_gpm": 0.7123392630241423, "med_ae_sispi_gpm": 0.0, "mse_sispi_gpm": 6.892352016518424, "corrcoef_sispi_gpm": [1.0, 0.07388470607544113, 0.07388470607544112, 0.9999999999999998], "evs_rna_gpm": -1.3927994788813103, "mse_rna_gpm": 11.751876504447267, "msle_rna_gpm": 0.23934515752439023, "msle_sispi_gpm": 0.22023039141664905}