{"mae_sispi_gpm": 0.42196950444726816, "r2_sispi_gpm": -0.9767507631981331, "corrcoef_rna_gpm": [0.9999999999999999, 0.1872601691109221, 0.18726016911092214, 0.9999999999999999], "r2_rna_gpm": 0.031081990851553165, "med_ae_rna_gpm": 0.262, "evs_sispi_gpm": -0.964297388607142, "mae_rna_gpm": 0.5543329097839899, "med_ae_sispi_gpm": 0.0, "mse_sispi_gpm": 3.9544352045743327, "corrcoef_sispi_gpm": [1.0, 0.06728682324473917, 0.06728682324473917, 0.9999999999999999], "evs_rna_gpm": 0.03132365431729267, "mse_rna_gpm": 1.9382936670902164, "msle_rna_gpm": 0.19319115383282573, "msle_sispi_gpm": 0.21160236156183418}