{"mae_rna_gpm": 0.6340736975857688, "evs_rna_gpm": 0.04342668622142465, "evs_sispi_gpm": -0.041097887254650134, "mse_sispi_gpm": 7.401904989834816, "med_ae_sispi_gpm": 0.0, "med_ae_rna_gpm": 0.267, "msle_sispi_gpm": 0.21145003169140927, "mae_sispi_gpm": 0.4680902160101652, "msle_rna_gpm": 0.19822243962354638, "corrcoef_rna_gpm": [0.9999999999999998, 0.2403439818053987, 0.24034398180539873, 1.0], "mse_rna_gpm": 6.729564195679796, "r2_rna_gpm": 0.04220131106821601, "r2_sispi_gpm": -0.05349093770629487, "corrcoef_sispi_gpm": [1.0, 0.12323992495579743, 0.12323992495579743, 1.0]}