{"mae_rna_gpm": 0.36379695431472087, "evs_rna_gpm": -0.6534641093897959, "evs_sispi_gpm": -0.9333431238390371, "mse_sispi_gpm": 0.0015489314720812187, "med_ae_sispi_gpm": 0.0, "med_ae_rna_gpm": 0.363, "msle_sispi_gpm": 0.0010291673442051209, "mae_sispi_gpm": 0.004104060913705584, "msle_rna_gpm": 0.09643045584794258, "corrcoef_rna_gpm": [1.0, -0.003463119343009109, -0.0034631193430091096, 0.9999999999999999], "mse_rna_gpm": 0.13294562944162436, "r2_rna_gpm": -165.02789233822543, "r2_sispi_gpm": -0.9343684238894787, "corrcoef_sispi_gpm": [1.0, -0.00520585160741406, -0.00520585160741406, 0.9999999999999999]}