{"mae_rna_gpm": 1.0153773824650572, "evs_rna_gpm": -2.9121525591889457, "evs_sispi_gpm": -0.5688152980549273, "mse_sispi_gpm": 4.219165127064803, "med_ae_sispi_gpm": 0.0, "med_ae_rna_gpm": 0.465, "msle_sispi_gpm": 0.23693919679713404, "mae_sispi_gpm": 0.47194536213468874, "msle_rna_gpm": 0.3441047309233081, "corrcoef_rna_gpm": [0.9999999999999999, 0.25312433847215027, 0.2531243384721502, 0.9999999999999999], "mse_rna_gpm": 10.680714040660739, "r2_rna_gpm": -2.997353158435481, "r2_sispi_gpm": -0.5790604431901807, "corrcoef_sispi_gpm": [1.0, 0.1789539354601821, 0.1789539354601821, 0.9999999999999999]}