{"mae_sispi_gpm": 0.524838627700127, "r2_sispi_gpm": -0.23621515813055693, "corrcoef_rna_gpm": [1.0, 0.14610642493721446, 0.14610642493721443, 0.9999999999999998], "r2_rna_gpm": 0.02029033203146169, "med_ae_rna_gpm": 0.291, "evs_sispi_gpm": -0.229439294975206, "mae_rna_gpm": 0.6377789072426937, "med_ae_sispi_gpm": 0.0, "mse_sispi_gpm": 8.2951835476493, "corrcoef_sispi_gpm": [1.0, 0.08512163116618823, 0.08512163116618823, 0.9999999999999998], "evs_rna_gpm": 0.021326217231493416, "mse_rna_gpm": 6.573994393900886, "msle_rna_gpm": 0.21082203105502995, "msle_sispi_gpm": 0.23934946089464038}