{"mae_rna_gpm": 0.5493773824650571, "evs_rna_gpm": 0.06760885037091025, "evs_sispi_gpm": -0.4633674173017148, "mse_sispi_gpm": 3.3681448094027955, "med_ae_sispi_gpm": 0.0, "med_ae_rna_gpm": 0.308, "msle_sispi_gpm": 0.18500190862834962, "mae_sispi_gpm": 0.4076632782719186, "msle_rna_gpm": 0.1784511148749925, "corrcoef_rna_gpm": [1.0, 0.2611680099718695, 0.2611680099718695, 1.0], "mse_rna_gpm": 2.1276391232528593, "r2_rna_gpm": 0.06760872196944845, "r2_sispi_gpm": -0.4760157439809478, "corrcoef_sispi_gpm": [1.0, 0.28128961865928664, 0.28128961865928664, 1.0]}