{"mae_rna_gpm": 0.28799237611181705, "evs_rna_gpm": -1.003408545457615, "evs_sispi_gpm": 0.04270648971252944, "mse_sispi_gpm": 0.0003267141041931385, "med_ae_sispi_gpm": 0.0, "med_ae_rna_gpm": 0.286, "msle_sispi_gpm": 0.0002457247718611219, "mae_sispi_gpm": 0.001789072426937738, "msle_rna_gpm": 0.06415416380348767, "corrcoef_rna_gpm": [1.0, 0.11664459471995293, 0.11664459471995293, 1.0], "mse_rna_gpm": 0.08338613722998729, "r2_rna_gpm": -244.46814541690026, "r2_sispi_gpm": 0.0382345567028749, "corrcoef_sispi_gpm": [0.9999999999999999, 0.20708859143467773, 0.20708859143467773, 1.0]}