{"mae_sispi_gpm": 0.0029491740787801783, "r2_sispi_gpm": -0.02689406443054554, "corrcoef_rna_gpm": [1.0, 0.0011819129720157678, 0.0011819129720157678, 1.0], "r2_rna_gpm": -227.50474916140126, "med_ae_rna_gpm": 0.428, "evs_sispi_gpm": -0.02090713426107227, "mae_rna_gpm": 0.4246670902160101, "med_ae_sispi_gpm": 0.0, "mse_sispi_gpm": 0.0008145171537484115, "corrcoef_sispi_gpm": [1.0, 0.03358157778466294, 0.03358157778466295, 1.0], "evs_rna_gpm": -0.5836054216488316, "mse_rna_gpm": 0.1812465806861499, "msle_rna_gpm": 0.1255007854338272, "msle_sispi_gpm": 0.0005719261146479861}