{"mae_sispi_gpm": 0.3246378653113088, "r2_sispi_gpm": -0.6284279720764765, "corrcoef_rna_gpm": [1.0, 0.05157069137476293, 0.05157069137476293, 0.9999999999999998], "r2_rna_gpm": -0.08427242339295504, "med_ae_rna_gpm": 0.643, "evs_sispi_gpm": -0.6133364283335536, "mae_rna_gpm": 0.7873811944091487, "med_ae_sispi_gpm": 0.0, "mse_sispi_gpm": 2.7904764040660743, "corrcoef_sispi_gpm": [1.0, 0.05343090236609524, 0.05343090236609524, 0.9999999999999998], "evs_rna_gpm": 8.756005539489742e-05, "mse_rna_gpm": 1.8580107102922492, "msle_rna_gpm": 0.2919244698958577, "msle_sispi_gpm": 0.16030887944266217}