{"mae_rna_gpm": 0.6382490470139771, "evs_rna_gpm": -1.0338699117807661, "evs_sispi_gpm": -0.5646308787145498, "mse_sispi_gpm": 6.536702578144854, "med_ae_sispi_gpm": 0.0, "med_ae_rna_gpm": 0.237, "msle_sispi_gpm": 0.19694654156495633, "mae_sispi_gpm": 0.42854256670902163, "msle_rna_gpm": 0.21374773334002692, "corrcoef_rna_gpm": [1.0, 0.037100152406449635, 0.037100152406449635, 1.0], "mse_rna_gpm": 8.459741458703938, "r2_rna_gpm": -1.035342171855413, "r2_sispi_gpm": -0.5726752983078169, "corrcoef_sispi_gpm": [1.0, 0.028133516767299208, 0.028133516767299208, 1.0]}