{"mae_rna_gpm": 0.3744695431472081, "evs_rna_gpm": -0.08971563072550048, "evs_sispi_gpm": -0.3181629775680641, "mse_sispi_gpm": 0.018575355329949243, "med_ae_sispi_gpm": 0.0, "med_ae_rna_gpm": 0.365, "msle_sispi_gpm": 0.006932368266958242, "mae_sispi_gpm": 0.015040609137055839, "msle_rna_gpm": 0.10126605351553677, "corrcoef_rna_gpm": [1.0, -0.009974387327278948, -0.00997438732727895, 0.9999999999999999], "mse_rna_gpm": 0.14694503807106596, "r2_rna_gpm": -9.428609093613884, "r2_sispi_gpm": -0.3182828222980405, "corrcoef_sispi_gpm": [1.0, -0.006437901136219788, -0.006437901136219788, 0.9999999999999999]}