{"mae_rna_gpm": 0.9206581956797967, "evs_rna_gpm": -7.703980337722843, "evs_sispi_gpm": -0.26859999681706026, "mse_sispi_gpm": 3.0176619047013977, "med_ae_sispi_gpm": 0.0, "med_ae_rna_gpm": 0.316, "msle_sispi_gpm": 0.17865180688027127, "mae_sispi_gpm": 0.3783290978398984, "msle_rna_gpm": 0.2758822323391573, "corrcoef_rna_gpm": [0.9999999999999998, 0.09208474591222333, 0.09208474591222333, 1.0], "mse_rna_gpm": 20.589684693773826, "r2_rna_gpm": -7.767744611415969, "r2_sispi_gpm": -0.2850167109174657, "corrcoef_sispi_gpm": [1.0, 0.19191224083830832, 0.19191224083830835, 1.0]}