{"mae_rna_gpm": 0.5236785260482846, "evs_rna_gpm": 0.08437629482833409, "evs_sispi_gpm": -0.12624956037908475, "mse_sispi_gpm": 1.7971463900889455, "med_ae_sispi_gpm": 0.0, "med_ae_rna_gpm": 0.286, "msle_sispi_gpm": 0.15439831483123195, "mae_sispi_gpm": 0.315561626429479, "msle_rna_gpm": 0.1674060357210805, "corrcoef_rna_gpm": [1.0, 0.2945289644694742, 0.2945289644694742, 1.0], "mse_rna_gpm": 1.4444799275730622, "r2_rna_gpm": 0.07990339800835922, "r2_sispi_gpm": -0.14473607783569942, "corrcoef_sispi_gpm": [1.0, 0.16817969500811641, 0.1681796950081164, 1.0]}