{"mae_sispi_gpm": 0.001789072426937738, "r2_sispi_gpm": 0.0382345567028749, "corrcoef_rna_gpm": [1.0, 0.26270716679289136, 0.26270716679289136, 1.0], "r2_rna_gpm": -330.1601058290623, "med_ae_rna_gpm": 0.328, "evs_sispi_gpm": 0.04270648971252944, "mae_rna_gpm": 0.33267852604828463, "med_ae_sispi_gpm": 0.0, "mse_sispi_gpm": 0.0003267141041931385, "corrcoef_sispi_gpm": [0.9999999999999999, 0.20708859143467773, 0.20708859143467773, 1.0], "evs_rna_gpm": -4.738479133273317, "mse_rna_gpm": 0.11249590851334183, "msle_rna_gpm": 0.08279512783416895, "msle_sispi_gpm": 0.0002457247718611219}