{"mae_rna_gpm": 0.8094180432020333, "evs_rna_gpm": 0.0938564887489044, "evs_sispi_gpm": -1.9141037782265489, "mse_sispi_gpm": 0.5311989440914867, "med_ae_sispi_gpm": 0.0, "med_ae_rna_gpm": 0.804, "msle_sispi_gpm": 0.022564802884585882, "mae_sispi_gpm": 0.06563786531130876, "msle_rna_gpm": 0.34453360440559305, "corrcoef_rna_gpm": [1.0, 0.3440174304764319, 0.3440174304764319, 1.0], "mse_rna_gpm": 0.7449106480304957, "r2_rna_gpm": -3.089772944047721, "r2_sispi_gpm": -1.9164344410917074, "corrcoef_sispi_gpm": [1.0, 0.3897920343215137, 0.3897920343215137, 1.0]}