{"mae_sispi_gpm": 0.0027776365946632782, "r2_sispi_gpm": -35.27700351015589, "corrcoef_rna_gpm": [0.9999999999999998, 0.05734175769598618, 0.057341757695986185, 1.0], "r2_rna_gpm": -242917.37105637102, "med_ae_rna_gpm": 2.773, "evs_sispi_gpm": -35.12853851484161, "mae_rna_gpm": 2.8043303684879284, "med_ae_sispi_gpm": 0.0, "mse_sispi_gpm": 0.0012164853875476494, "corrcoef_sispi_gpm": [1.0, 0.3876939300334721, 0.387693930033472, 1.0], "evs_rna_gpm": -8395.764508907507, "mse_rna_gpm": 8.145839517153751, "msle_rna_gpm": 1.7786493460871549, "msle_sispi_gpm": 0.000661014177760031}