{"mae_rna_gpm": 0.5567763659466328, "evs_rna_gpm": -0.021696561109941115, "evs_sispi_gpm": -0.14979065796601, "mse_sispi_gpm": 1.3834747763659467, "med_ae_sispi_gpm": 0.0, "med_ae_rna_gpm": 0.462, "msle_sispi_gpm": 0.12142087749495659, "mae_sispi_gpm": 0.22655273189326555, "msle_rna_gpm": 0.1893157879587182, "corrcoef_rna_gpm": [0.9999999999999999, -0.06159291136148277, -0.06159291136148277, 1.0], "mse_rna_gpm": 1.2720037700127067, "r2_rna_gpm": -0.07041523933473837, "r2_sispi_gpm": -0.16422020026130535, "corrcoef_sispi_gpm": [1.0, 0.013576502811960982, 0.01357650281196098, 1.0]}