{"mae_rna_gpm": 0.49931893265565447, "evs_rna_gpm": 0.005470793704929755, "evs_sispi_gpm": -0.3530133812627261, "mse_sispi_gpm": 2.2322061918678524, "med_ae_sispi_gpm": 0.0, "med_ae_rna_gpm": 0.25, "msle_sispi_gpm": 0.18330397465967718, "mae_sispi_gpm": 0.35688564167725545, "msle_rna_gpm": 0.1704399527577615, "corrcoef_rna_gpm": [1.0, 0.13894522247733992, 0.13894522247733992, 1.0], "mse_rna_gpm": 1.6251022312579415, "r2_rna_gpm": 0.005160654919115992, "r2_sispi_gpm": -0.36649036798401524, "corrcoef_sispi_gpm": [1.0, 0.15374920996311828, 0.15374920996311828, 1.0]}