{"mae_sispi_gpm": 0.06563786531130876, "r2_sispi_gpm": -1.9164344410917074, "corrcoef_rna_gpm": [1.0, -0.3289243357985929, -0.3289243357985929, 1.0], "r2_rna_gpm": -0.7526276546879822, "med_ae_rna_gpm": 0.406, "evs_sispi_gpm": -1.9141037782265489, "mae_rna_gpm": 0.42809021601016517, "med_ae_sispi_gpm": 0.0, "mse_sispi_gpm": 0.5311989440914867, "corrcoef_sispi_gpm": [1.0, 0.3897920343215137, 0.3897920343215137, 1.0], "evs_rna_gpm": -0.012152724026618822, "mse_rna_gpm": 0.31922334561626436, "msle_rna_gpm": 0.1259099480037437, "msle_sispi_gpm": 0.022564802884585882}