{"mae_rna_gpm": 0.15035451080050824, "evs_rna_gpm": -0.4036328808751064, "evs_sispi_gpm": 0.032673849184786, "mse_sispi_gpm": 0.001300269377382465, "med_ae_sispi_gpm": 0.0, "med_ae_rna_gpm": 0.152, "msle_sispi_gpm": 0.0008402822541387361, "mae_sispi_gpm": 0.0038754764930114356, "msle_rna_gpm": 0.019947805378332573, "corrcoef_rna_gpm": [1.0, -0.08984381409263369, -0.0898438140926337, 1.0], "mse_rna_gpm": 0.023285002541296063, "r2_rna_gpm": -16.403373185585707, "r2_sispi_gpm": 0.028169605038975476, "corrcoef_sispi_gpm": [1.0, 0.21150478033344516, 0.21150478033344516, 1.0]}