{"mae_rna_gpm": 0.49242947903430756, "evs_rna_gpm": -0.268115840586288, "evs_sispi_gpm": -0.046203430792754796, "mse_sispi_gpm": 7.327990749682336, "med_ae_sispi_gpm": 0.0, "med_ae_rna_gpm": 0.097, "msle_sispi_gpm": 0.18294339311538665, "mae_sispi_gpm": 0.419151207115629, "msle_rna_gpm": 0.17594431336881614, "corrcoef_rna_gpm": [0.9999999999999999, 0.029116616869010653, 0.029116616869010653, 1.0], "mse_rna_gpm": 8.812680536213469, "r2_rna_gpm": -0.27610768983428713, "r2_sispi_gpm": -0.06111929375827718, "corrcoef_sispi_gpm": [0.9999999999999999, 0.04980465984654434, 0.04980465984654434, 1.0]}