{"mae_sispi_gpm": 0.018093908629441623, "r2_sispi_gpm": -1759.6118914334188, "corrcoef_rna_gpm": [0.9999999999999999, -0.007418135590165148, -0.007418135590165148, 0.9999999999999998], "r2_rna_gpm": -3142.3464316903846, "med_ae_rna_gpm": 0.253, "evs_sispi_gpm": -1744.442538560614, "mae_rna_gpm": 0.25375634517766504, "med_ae_sispi_gpm": 0.0, "mse_sispi_gpm": 0.03610345431472082, "corrcoef_sispi_gpm": [1.0, -0.004765375440222016, -0.004765375440222016, 0.9999999999999998], "evs_rna_gpm": -2.2087129708164497, "mse_rna_gpm": 0.06445808121827411, "msle_rna_gpm": 0.0511648082106619, "msle_sispi_gpm": 0.009204495550450942}