{"mae_sispi_gpm": 0.2765311308767472, "r2_sispi_gpm": -0.0730669474432053, "corrcoef_rna_gpm": [0.9999999999999998, -0.032504057201926055, -0.032504057201926055, 0.9999999999999999], "r2_rna_gpm": -0.02097355906650189, "med_ae_rna_gpm": 0.233, "evs_sispi_gpm": -0.05454166982146136, "mae_rna_gpm": 0.41869504447268113, "med_ae_sispi_gpm": 0.0, "mse_sispi_gpm": 1.9609826251588307, "corrcoef_sispi_gpm": [1.0, 0.11521778662024858, 0.11521778662024858, 0.9999999999999999], "evs_rna_gpm": -0.020904471028815763, "mse_rna_gpm": 1.8657842503176623, "msle_rna_gpm": 0.14022129906652842, "msle_sispi_gpm": 0.13929523534805688}