{"mae_rna_gpm": 1.1747166454891995, "evs_rna_gpm": -0.00010047055814399464, "evs_sispi_gpm": -0.966393545890929, "mse_sispi_gpm": 7.567487692503176, "med_ae_sispi_gpm": 0.0, "med_ae_rna_gpm": 0.96, "msle_sispi_gpm": 0.3086164265947014, "mae_sispi_gpm": 0.6511080050825921, "msle_rna_gpm": 0.49173675809233375, "corrcoef_rna_gpm": [1.0, -0.0068867473970288745, -0.0068867473970288745, 0.9999999999999999], "mse_rna_gpm": 4.158785090216011, "r2_rna_gpm": -0.08161157326974267, "r2_sispi_gpm": -0.9681426405139477, "corrcoef_sispi_gpm": [1.0, 0.04432854459116932, 0.044328544591169326, 0.9999999999999999]}