{"mae_sispi_gpm": 0.20007623888182974, "r2_sispi_gpm": -0.008287564575436779, "corrcoef_rna_gpm": [1.0, -0.0033677118389431296, -0.0033677118389431296, 0.9999999999999998], "r2_rna_gpm": -0.000795486143188251, "med_ae_rna_gpm": 0.253, "evs_sispi_gpm": -0.0006942850003093248, "mae_rna_gpm": 0.4322630241423127, "med_ae_sispi_gpm": 0.0, "mse_sispi_gpm": 4.293915273189327, "corrcoef_sispi_gpm": [0.9999999999999998, 0.03434950690756995, 0.03434950690756995, 0.9999999999999998], "evs_rna_gpm": -9.492298729263382e-07, "mse_rna_gpm": 4.2620093456162635, "msle_rna_gpm": 0.12310180092410042, "msle_sispi_gpm": 0.08979415153670318}