{"mae_rna_gpm": 2.9065463786531134, "evs_rna_gpm": -9418.39572134994, "evs_sispi_gpm": -35.12853851484161, "mse_sispi_gpm": 0.0012164853875476494, "med_ae_sispi_gpm": 0.0, "med_ae_rna_gpm": 3.051, "msle_sispi_gpm": 0.000661014177760031, "mae_sispi_gpm": 0.0027776365946632782, "msle_rna_gpm": 1.8567554043648977, "corrcoef_rna_gpm": [1.0, -0.25235994843338777, -0.2523599484333878, 1.0], "mse_rna_gpm": 8.762264531130876, "r2_rna_gpm": -261299.8790788278, "r2_sispi_gpm": -35.27700351015589, "corrcoef_sispi_gpm": [1.0, 0.3876939300334721, 0.387693930033472, 1.0]}