{"mae_rna_gpm": 0.7786810673443457, "evs_rna_gpm": -310.12315599336114, "evs_sispi_gpm": -35.12853851484161, "mse_sispi_gpm": 0.0012164853875476494, "med_ae_sispi_gpm": 0.0, "med_ae_rna_gpm": 0.78, "msle_sispi_gpm": 0.000661014177760031, "mae_sispi_gpm": 0.0027776365946632782, "msle_rna_gpm": 0.3335600485059763, "corrcoef_rna_gpm": [0.9999999999999999, -0.15449050615590565, -0.15449050615590565, 1.0], "mse_rna_gpm": 0.6165713875476493, "r2_rna_gpm": -18385.873051898157, "r2_sispi_gpm": -35.27700351015589, "corrcoef_sispi_gpm": [1.0, 0.3876939300334721, 0.387693930033472, 1.0]}