{"mae_sispi_gpm": 0.006791878172588833, "r2_sispi_gpm": -23.406878950455067, "corrcoef_rna_gpm": [1.0, -0.010192582587855898, -0.010192582587855898, 1.0], "r2_rna_gpm": -1928.908687851606, "med_ae_rna_gpm": 0.474, "evs_sispi_gpm": -23.18178196746239, "mae_rna_gpm": 0.4773705583756347, "med_ae_sispi_gpm": 0.0, "mse_sispi_gpm": 0.002895380710659899, "corrcoef_sispi_gpm": [1.0, -0.008517934729095096, -0.008517934729095098, 1.0], "evs_rna_gpm": -7.950855578965667, "mse_rna_gpm": 0.22894448730964473, "msle_rna_gpm": 0.15245673807198037, "msle_sispi_gpm": 0.0018379197395735356}