{"mae_sispi_gpm": 0.0027776365946632782, "r2_sispi_gpm": -35.27700351015589, "corrcoef_rna_gpm": [1.0, 0.5625173560432748, 0.5625173560432748, 1.0], "r2_rna_gpm": -15141.063530094789, "med_ae_rna_gpm": 0.606, "evs_sispi_gpm": -35.12853851484161, "mae_rna_gpm": 0.6253405336721728, "med_ae_sispi_gpm": 0.0, "mse_sispi_gpm": 0.0012164853875476494, "corrcoef_sispi_gpm": [1.0, 0.3876939300334721, 0.387693930033472, 1.0], "evs_rna_gpm": -3479.476161523408, "mse_rna_gpm": 0.5077624180432021, "msle_rna_gpm": 0.23736185609980073, "msle_sispi_gpm": 0.000661014177760031}