{"mae_rna_gpm": 0.6746493011435831, "evs_rna_gpm": 0.0007164494738924887, "evs_sispi_gpm": -1.9141037782265489, "mse_sispi_gpm": 0.5311989440914867, "med_ae_sispi_gpm": 0.0, "med_ae_rna_gpm": 0.659, "msle_sispi_gpm": 0.022564802884585882, "mae_sispi_gpm": 0.06563786531130876, "msle_rna_gpm": 0.2600608743995285, "corrcoef_rna_gpm": [1.0, 0.15553922258934488, 0.15553922258934486, 1.0], "mse_rna_gpm": 0.5677040190597206, "r2_rna_gpm": -2.116857764775227, "r2_sispi_gpm": -1.9164344410917074, "corrcoef_sispi_gpm": [1.0, 0.3897920343215137, 0.3897920343215137, 1.0]}