{"mae_rna_gpm": 0.5393087674714104, "evs_rna_gpm": 0.032289433335515816, "evs_sispi_gpm": -0.4409799131921299, "mse_sispi_gpm": 3.529695570520966, "med_ae_sispi_gpm": 0.0, "med_ae_rna_gpm": 0.273, "msle_sispi_gpm": 0.19864258612235244, "mae_sispi_gpm": 0.4042033036848793, "msle_rna_gpm": 0.1794950860711809, "corrcoef_rna_gpm": [1.0, 0.19858474830339926, 0.19858474830339928, 1.0], "mse_rna_gpm": 2.358062200762389, "r2_rna_gpm": 0.03128524851227055, "r2_sispi_gpm": -0.4500330679653266, "corrcoef_sispi_gpm": [0.9999999999999998, 0.07421622104125783, 0.07421622104125783, 1.0]}