{"mae_sispi_gpm": 0.4042033036848793, "r2_sispi_gpm": -0.4500330679653266, "corrcoef_rna_gpm": [1.0, 0.19858474830339926, 0.19858474830339928, 1.0], "r2_rna_gpm": 0.03128524851227055, "med_ae_rna_gpm": 0.273, "evs_sispi_gpm": -0.4409799131921299, "mae_rna_gpm": 0.5393087674714104, "med_ae_sispi_gpm": 0.0, "mse_sispi_gpm": 3.529695570520966, "corrcoef_sispi_gpm": [0.9999999999999998, 0.07421622104125783, 0.07421622104125783, 1.0], "evs_rna_gpm": 0.032289433335515816, "mse_rna_gpm": 2.358062200762389, "msle_rna_gpm": 0.1794950860711809, "msle_sispi_gpm": 0.19864258612235244}