{"evs_rna_gpm": 0.030637222056438485, "mse_sispi_gpm": 92.88551324, "corrcoef_rna_gpm": [1.0, 0.17550944258474677, 0.17550944258474677, 1.0], "med_ae_sispi_gpm": 0.0, "mse_rna_gpm": 99.75584006133332, "mae_rna_gpm": 4.140776000000001, "evs_sispi_gpm": 0.055838858547235026, "mae_sispi_gpm": 4.696893333333334, "r2_rna_gpm": -0.1485125567921688, "med_ae_rna_gpm": 0.0, "corrcoef_sispi_gpm": [1.0, 0.3136439453806155, 0.3136439453806155, 1.0], "r2_sispi_gpm": -0.06941286078724418, "msle_rna_gpm": 1.280310226842279, "msle_sispi_gpm": 1.498780647394091}