{"mae_sispi_gpm": 0.41926810673443454, "r2_sispi_gpm": -0.39026185389227064, "corrcoef_rna_gpm": [1.0, -0.1762197269624116, -0.1762197269624116, 1.0], "r2_rna_gpm": -0.021010204417851286, "med_ae_rna_gpm": 0.301, "evs_sispi_gpm": -0.36414388783234464, "mae_rna_gpm": 0.5632935196950445, "med_ae_sispi_gpm": 0.0, "mse_sispi_gpm": 3.352021570520966, "corrcoef_sispi_gpm": [1.0, 0.04767996016093122, 0.04767996016093123, 1.0], "evs_rna_gpm": -0.018634573975682356, "mse_rna_gpm": 2.461729219822109, "msle_rna_gpm": 0.20916689735190955, "msle_sispi_gpm": 0.21344088796162866}