{"mae_rna_gpm": 1.1020533672172808, "evs_rna_gpm": 0.0005050930271653931, "evs_sispi_gpm": -0.0006942850003093248, "mse_sispi_gpm": 4.293915273189327, "med_ae_sispi_gpm": 0.0, "med_ae_rna_gpm": 0.95, "msle_sispi_gpm": 0.08979415153670318, "mae_sispi_gpm": 0.20007623888182974, "msle_rna_gpm": 0.4819407276423342, "corrcoef_rna_gpm": [1.0, 0.0238677306925706, 0.0238677306925706, 0.9999999999999998], "mse_rna_gpm": 4.826915939008893, "r2_rna_gpm": -0.13344558681492247, "r2_sispi_gpm": -0.008287564575436779, "corrcoef_sispi_gpm": [0.9999999999999998, 0.03434950690756995, 0.03434950690756995, 0.9999999999999998]}