{"mae_rna_gpm": 1.0661753494282082, "evs_rna_gpm": -0.2307924290040939, "evs_sispi_gpm": -1.9141037782265489, "mse_sispi_gpm": 0.5311989440914867, "med_ae_sispi_gpm": 0.0, "med_ae_rna_gpm": 1.078, "msle_sispi_gpm": 0.022564802884585882, "mae_sispi_gpm": 0.06563786531130876, "msle_rna_gpm": 0.5207238479381603, "corrcoef_rna_gpm": [1.0, -0.31917578965538657, -0.31917578965538657, 1.0], "mse_rna_gpm": 1.2504045641677257, "r2_rna_gpm": -5.865079414783169, "r2_sispi_gpm": -1.9164344410917074, "corrcoef_sispi_gpm": [1.0, 0.3897920343215137, 0.3897920343215137, 1.0]}