{"mae_sispi_gpm": 0.004104060913705584, "r2_sispi_gpm": -0.9343684238894787, "corrcoef_rna_gpm": [1.0, -0.004032097230450647, -0.004032097230450648, 0.9999999999999999], "r2_rna_gpm": -163.28046963857187, "med_ae_rna_gpm": 0.362, "evs_sispi_gpm": -0.9333431238390371, "mae_rna_gpm": 0.36234771573604074, "med_ae_sispi_gpm": 0.0, "mse_sispi_gpm": 0.0015489314720812187, "corrcoef_sispi_gpm": [1.0, -0.00520585160741406, -0.00520585160741406, 0.9999999999999999], "evs_rna_gpm": -0.2212289457869865, "mse_rna_gpm": 0.1315463934010152, "msle_rna_gpm": 0.09564698502761039, "msle_sispi_gpm": 0.0010291673442051209}