{"mae_sispi_gpm": 0.001789072426937738, "r2_sispi_gpm": 0.0382345567028749, "corrcoef_rna_gpm": [1.0, -0.10502741848366566, -0.10502741848366566, 1.0], "r2_rna_gpm": -4430.278479611597, "med_ae_rna_gpm": 1.226, "evs_sispi_gpm": 0.04270648971252944, "mae_rna_gpm": 1.2260914866581956, "med_ae_sispi_gpm": 0.0, "mse_sispi_gpm": 0.0003267141041931385, "corrcoef_sispi_gpm": [0.9999999999999999, 0.20708859143467773, 0.20708859143467773, 1.0], "evs_rna_gpm": -4.9344456350587835, "mse_rna_gpm": 1.5053162795425667, "msle_rna_gpm": 0.6395208228794264, "msle_sispi_gpm": 0.0002457247718611219}