{"mae_sispi_gpm": 0.08157687420584497, "r2_sispi_gpm": 0.03465172104970626, "corrcoef_rna_gpm": [0.9999999999999998, 1.349668517343899e-16, 1.349668517343899e-16, 1.0], "r2_rna_gpm": -0.0049543142385088945, "med_ae_rna_gpm": 0.138, "evs_sispi_gpm": 0.039813910657991, "mae_rna_gpm": 0.20555781448538754, "med_ae_sispi_gpm": 0.0, "mse_sispi_gpm": 0.7022327890724269, "corrcoef_sispi_gpm": [1.0, 0.2067385318173683, 0.20673853181736826, 1.0], "evs_rna_gpm": 0.0, "mse_rna_gpm": 0.7310437966963151, "msle_rna_gpm": 0.05203330700549793, "msle_sispi_gpm": 0.03694316530602025}