{"mae_sispi_gpm": 0.34027064803049556, "r2_sispi_gpm": -0.08439325552396193, "corrcoef_rna_gpm": [1.0, 0.09275596356314171, 0.0927559635631417, 1.0], "r2_rna_gpm": -0.9036227318325227, "med_ae_rna_gpm": 0.197, "evs_sispi_gpm": -0.05566648600567348, "mae_rna_gpm": 0.5547407878017788, "med_ae_sispi_gpm": 0.0, "mse_sispi_gpm": 2.635203149936468, "corrcoef_sispi_gpm": [1.0, 0.13785849753751875, 0.13785849753751875, 1.0], "evs_rna_gpm": -0.9035780909149953, "mse_rna_gpm": 4.6260271296061, "msle_rna_gpm": 0.19585486037774777, "msle_sispi_gpm": 0.17510035972223237}