{"mae_rna_gpm": 0.5877979669631512, "evs_rna_gpm": -0.04857130787191344, "evs_sispi_gpm": -0.08411144491010658, "mse_sispi_gpm": 2.8927602909783987, "med_ae_sispi_gpm": 0.0, "med_ae_rna_gpm": 0.32, "msle_sispi_gpm": 0.1775808009018899, "mae_sispi_gpm": 0.3600190597204575, "msle_rna_gpm": 0.2178856877458293, "corrcoef_rna_gpm": [1.0, -0.06987461677409425, -0.06987461677409425, 1.0], "mse_rna_gpm": 2.7379265298602284, "r2_rna_gpm": -0.04885136402681045, "r2_sispi_gpm": -0.10816544706558529, "corrcoef_sispi_gpm": [1.0, 0.10702022785614577, 0.10702022785614577, 1.0]}