{"mae_sispi_gpm": 0.330418043202033, "r2_sispi_gpm": -0.1350041284419261, "corrcoef_rna_gpm": [1.0, 0.06842845291727973, 0.06842845291727973, 1.0], "r2_rna_gpm": -8.220447505435935e-05, "med_ae_rna_gpm": 0.223, "evs_sispi_gpm": -0.12465693832446467, "mae_rna_gpm": 0.46522490470139766, "med_ae_sispi_gpm": 0.0, "mse_sispi_gpm": 4.449951919949174, "corrcoef_sispi_gpm": [1.0, 0.039864939289192776, 0.03986493928919278, 1.0], "evs_rna_gpm": -4.36969500534623e-05, "mse_rna_gpm": 3.9209705184243977, "msle_rna_gpm": 0.14571945441864267, "msle_sispi_gpm": 0.15384016262151112}