{"mae_sispi_gpm": 0.08157687420584497, "r2_sispi_gpm": 0.03465172104970626, "corrcoef_rna_gpm": [1.0, -0.34075095442962444, -0.34075095442962444, 1.0], "r2_rna_gpm": -0.12267922131688458, "med_ae_rna_gpm": 0.374, "evs_sispi_gpm": 0.039813910657991, "mae_rna_gpm": 0.4318246505717916, "med_ae_sispi_gpm": 0.0, "mse_sispi_gpm": 0.7022327890724269, "corrcoef_sispi_gpm": [1.0, 0.2067385318173683, 0.20673853181736826, 1.0], "evs_rna_gpm": -0.0025325235918032263, "mse_rna_gpm": 0.8166815832274462, "msle_rna_gpm": 0.12642018073143244, "msle_sispi_gpm": 0.03694316530602025}