{"mae_rna_gpm": 0.4240837563451776, "evs_rna_gpm": 6.974830274564248e-06, "evs_sispi_gpm": -0.9333431238390371, "mse_sispi_gpm": 0.0015489314720812187, "med_ae_sispi_gpm": 0.0, "med_ae_rna_gpm": 0.425, "msle_sispi_gpm": 0.0010291673442051209, "mae_sispi_gpm": 0.004104060913705584, "msle_rna_gpm": 0.12502255613270824, "corrcoef_rna_gpm": [0.9999999999999999, 0.0028503720285860397, 0.0028503720285860392, 0.9999999999999999], "mse_rna_gpm": 0.18006700761421318, "r2_rna_gpm": -223.87497994032384, "r2_sispi_gpm": -0.9343684238894787, "corrcoef_sispi_gpm": [1.0, -0.00520585160741406, -0.00520585160741406, 0.9999999999999999]}