{"mae_sispi_gpm": 0.001789072426937738, "r2_sispi_gpm": 0.0382345567028749, "corrcoef_rna_gpm": [0.9999999999999998, 0.21495065634619825, 0.21495065634619825, 1.0], "r2_rna_gpm": -323.92172958494376, "med_ae_rna_gpm": 0.288, "evs_sispi_gpm": 0.04270648971252944, "mae_rna_gpm": 0.305118170266836, "med_ae_sispi_gpm": 0.0, "mse_sispi_gpm": 0.0003267141041931385, "corrcoef_sispi_gpm": [0.9999999999999999, 0.20708859143467773, 0.20708859143467773, 1.0], "evs_rna_gpm": -50.012985345177526, "mse_rna_gpm": 0.1103767166454892, "msle_rna_gpm": 0.07409802535534776, "msle_sispi_gpm": 0.0002457247718611219}