{"mae_sispi_gpm": 0.5022045743329098, "r2_sispi_gpm": -0.5677021600612799, "corrcoef_rna_gpm": [1.0, 0.2390808794067435, 0.2390808794067435, 0.9999999999999998], "r2_rna_gpm": 0.04287566835068879, "med_ae_rna_gpm": 0.313, "evs_sispi_gpm": -0.5644978767713333, "mae_rna_gpm": 0.6235031766200763, "med_ae_sispi_gpm": 0.0, "mse_sispi_gpm": 6.344011914866582, "corrcoef_sispi_gpm": [1.0, 0.26039429604088565, 0.2603942960408857, 0.9999999999999998], "evs_rna_gpm": 0.043458880893697094, "mse_rna_gpm": 3.8731898945362135, "msle_rna_gpm": 0.20254682611714672, "msle_sispi_gpm": 0.18978269774900292}