{"mae_sispi_gpm": 0.0029491740787801783, "r2_sispi_gpm": -0.02689406443054554, "corrcoef_rna_gpm": [1.0, 0.09975255167065933, 0.09975255167065933, 1.0], "r2_rna_gpm": -580.9917965098083, "med_ae_rna_gpm": 0.657, "evs_sispi_gpm": -0.02090713426107227, "mae_rna_gpm": 0.6680127064803051, "med_ae_sispi_gpm": 0.0, "mse_sispi_gpm": 0.0008145171537484115, "corrcoef_sispi_gpm": [1.0, 0.03358157778466294, 0.03358157778466295, 1.0], "evs_rna_gpm": -18.398108370868776, "mse_rna_gpm": 0.46162726810673455, "msle_rna_gpm": 0.26318626341429135, "msle_sispi_gpm": 0.0005719261146479861}