{"mae_sispi_gpm": 0.3459415501905972, "r2_sispi_gpm": -0.4865841453012705, "corrcoef_rna_gpm": [1.0, -0.21996497462837084, -0.21996497462837084, 1.0], "r2_rna_gpm": -0.02025221625505491, "med_ae_rna_gpm": 0.348, "evs_sispi_gpm": -0.4737088520669781, "mae_rna_gpm": 0.5533506988564167, "med_ae_sispi_gpm": 0.0, "mse_sispi_gpm": 2.9190896975857683, "corrcoef_sispi_gpm": [0.9999999999999998, 0.19052772764529394, 0.1905277276452939, 1.0], "evs_rna_gpm": -0.018777739638301094, "mse_rna_gpm": 2.0033899479034307, "msle_rna_gpm": 0.193161315585496, "msle_sispi_gpm": 0.16020787778806214}