{"mae_rna_gpm": 0.2515177664974619, "evs_rna_gpm": -1.2908888116596815, "evs_sispi_gpm": -23.18178196746239, "mse_sispi_gpm": 0.002895380710659899, "med_ae_sispi_gpm": 0.0, "med_ae_rna_gpm": 0.252, "msle_sispi_gpm": 0.0018379197395735356, "mae_sispi_gpm": 0.006791878172588833, "msle_rna_gpm": 0.05045930759523128, "corrcoef_rna_gpm": [1.0, -0.0019917019722974984, -0.0019917019722974984, 1.0], "mse_rna_gpm": 0.06353295431472082, "r2_rna_gpm": -534.5569026260348, "r2_sispi_gpm": -23.406878950455067, "corrcoef_sispi_gpm": [1.0, -0.008517934729095096, -0.008517934729095098, 1.0]}