{"mae_sispi_gpm": 0.45388564167725537, "r2_sispi_gpm": -0.06133758320082938, "corrcoef_rna_gpm": [1.0, 0.07420101404851112, 0.07420101404851112, 1.0], "r2_rna_gpm": 0.00375558236041329, "med_ae_rna_gpm": 0.268, "evs_sispi_gpm": -0.05010661838096109, "mae_rna_gpm": 0.6279898348157561, "med_ae_sispi_gpm": 0.0, "mse_sispi_gpm": 9.534796703939007, "corrcoef_sispi_gpm": [0.9999999999999999, 0.034910355565799085, 0.034910355565799085, 1.0], "evs_rna_gpm": 0.004891847921458359, "mse_rna_gpm": 8.950015659466326, "msle_rna_gpm": 0.2027064794538285, "msle_sispi_gpm": 0.2101755943281241}