{"mae_rna_gpm": 0.6731956797966964, "evs_rna_gpm": 1.0365059250339037e-05, "evs_sispi_gpm": -0.0006942850003093248, "mse_sispi_gpm": 4.293915273189327, "med_ae_sispi_gpm": 0.0, "med_ae_rna_gpm": 0.505, "msle_sispi_gpm": 0.08979415153670318, "mae_sispi_gpm": 0.20007623888182974, "msle_rna_gpm": 0.2241864153070319, "corrcoef_rna_gpm": [1.0, 0.032156781906083766, 0.032156781906083766, 0.9999999999999998], "mse_rna_gpm": 4.354791795425667, "r2_rna_gpm": -0.022582453142232062, "r2_sispi_gpm": -0.008287564575436779, "corrcoef_sispi_gpm": [0.9999999999999998, 0.03434950690756995, 0.03434950690756995, 0.9999999999999998]}