{"mae_sispi_gpm": 0.009208121827411167, "r2_sispi_gpm": -0.010025146816722064, "corrcoef_rna_gpm": [1.0, 0.006779094568177235, 0.006779094568177234, 1.0], "r2_rna_gpm": -255.91616571389898, "med_ae_rna_gpm": 1.874, "evs_sispi_gpm": -0.005876317691719146, "mae_rna_gpm": 1.860728426395939, "med_ae_sispi_gpm": 0.0, "mse_sispi_gpm": 0.013666172588832487, "corrcoef_sispi_gpm": [1.0, -0.007627744616977156, -0.007627744616977155, 1.0], "evs_rna_gpm": -0.27303340052767266, "mse_rna_gpm": 3.4762111345177664, "msle_rna_gpm": 1.104068043457461, "msle_sispi_gpm": 0.004611281584402039}