{"mae_rna_gpm": 0.45146886912325285, "evs_rna_gpm": -0.004610989303744706, "evs_sispi_gpm": -0.25604595471020786, "mse_sispi_gpm": 4.928774533672173, "med_ae_sispi_gpm": 0.0, "med_ae_rna_gpm": 0.121, "msle_sispi_gpm": 0.2192641370803907, "mae_sispi_gpm": 0.43699364675984753, "msle_rna_gpm": 0.17526104626453293, "corrcoef_rna_gpm": [1.0, 0.027093752473095947, 0.02709375247309595, 0.9999999999999999], "mse_rna_gpm": 3.940186353240152, "r2_rna_gpm": -0.01510823201685585, "r2_sispi_gpm": -0.26979770862140207, "corrcoef_sispi_gpm": [1.0, 0.028250492300377673, 0.028250492300377673, 0.9999999999999999]}