{"mae_sispi_gpm": 0.3183329097839898, "r2_sispi_gpm": -0.09178734468292227, "corrcoef_rna_gpm": [1.0, 0.013448473984349646, 0.013448473984349646, 1.0], "r2_rna_gpm": -0.0650856051640134, "med_ae_rna_gpm": 0.507, "evs_sispi_gpm": -0.07840113193461407, "mae_rna_gpm": 0.6904980940279543, "med_ae_sispi_gpm": 0.0, "mse_sispi_gpm": 3.397947235069885, "corrcoef_sispi_gpm": [1.0, 0.09594324904385318, 0.09594324904385317, 1.0], "evs_rna_gpm": -0.043935456278564766, "mse_rna_gpm": 3.3148439618805603, "msle_rna_gpm": 0.23885762605432767, "msle_sispi_gpm": 0.14802643820561892}