{"mae_rna_gpm": 0.5641588310038118, "evs_rna_gpm": -0.02823268178279248, "evs_sispi_gpm": -0.52274265839509, "mse_sispi_gpm": 3.2479876912325283, "med_ae_sispi_gpm": 0.0, "med_ae_rna_gpm": 0.348, "msle_sispi_gpm": 0.1605903947217432, "mae_sispi_gpm": 0.3305196950444727, "msle_rna_gpm": 0.18625955415614248, "corrcoef_rna_gpm": [1.0, 0.07681372422457393, 0.07681372422457393, 1.0], "mse_rna_gpm": 2.1917897395171537, "r2_rna_gpm": -0.036595726610329615, "r2_sispi_gpm": -0.536119135933312, "corrcoef_sispi_gpm": [0.9999999999999998, 0.06207674324510531, 0.062076743245105315, 1.0]}