{"mae_sispi_gpm": 0.31983735705209654, "r2_sispi_gpm": -0.05770242213623189, "corrcoef_rna_gpm": [1.0, -0.07182661055596334, -0.07182661055596334, 0.9999999999999999], "r2_rna_gpm": -0.03316938260599578, "med_ae_rna_gpm": 0.541, "evs_sispi_gpm": -0.03456648443172594, "mae_rna_gpm": 0.7354942820838628, "med_ae_sispi_gpm": 0.0, "mse_sispi_gpm": 2.1025595628970772, "corrcoef_sispi_gpm": [1.0, 0.1153724973722614, 0.11537249737226139, 0.9999999999999999], "evs_rna_gpm": -0.00039138916212788644, "mse_rna_gpm": 2.05379142566709, "msle_rna_gpm": 0.2617393600404718, "msle_sispi_gpm": 0.1680653487282269}