{"mae_rna_gpm": 0.390581956797967, "evs_rna_gpm": -0.16160285049463052, "evs_sispi_gpm": -35.12853851484161, "mse_sispi_gpm": 0.0012164853875476494, "med_ae_sispi_gpm": 0.0, "med_ae_rna_gpm": 0.391, "msle_sispi_gpm": 0.000661014177760031, "mae_sispi_gpm": 0.0027776365946632782, "msle_rna_gpm": 0.10866570127494837, "corrcoef_rna_gpm": [1.0, -0.06112007496084163, -0.06112007496084164, 1.0], "mse_rna_gpm": 0.15259321728081324, "r2_rna_gpm": -4549.506512931882, "r2_sispi_gpm": -35.27700351015589, "corrcoef_sispi_gpm": [1.0, 0.3876939300334721, 0.387693930033472, 1.0]}