{"mae_sispi_gpm": 0.41709783989834814, "r2_sispi_gpm": -0.12602289646622955, "corrcoef_rna_gpm": [1.0, 0.0038299875586028653, 0.003829987558602865, 0.9999999999999999], "r2_rna_gpm": -1.3380900201832806, "med_ae_rna_gpm": 0.395, "evs_sispi_gpm": -0.10344494310440777, "mae_rna_gpm": 0.7770139771283353, "med_ae_sispi_gpm": 0.0, "mse_sispi_gpm": 4.015334673443457, "corrcoef_sispi_gpm": [1.0, 0.08596427744943361, 0.0859642774494336, 0.9999999999999999], "evs_rna_gpm": -1.3330672050965364, "mse_rna_gpm": 8.337498249047014, "msle_rna_gpm": 0.2580347538789007, "msle_sispi_gpm": 0.1984346513153553}