{"mae_rna_gpm": 0.6444231257941551, "evs_rna_gpm": -0.00011874217166152334, "evs_sispi_gpm": -0.45528899261552014, "mse_sispi_gpm": 3.226460635324015, "med_ae_sispi_gpm": 0.0, "med_ae_rna_gpm": 0.444, "msle_sispi_gpm": 0.1840810600268061, "mae_sispi_gpm": 0.3652986022871665, "msle_rna_gpm": 0.21597901256212487, "corrcoef_rna_gpm": [1.0, -0.025076323234903858, -0.025076323234903858, 0.9999999999999999], "mse_rna_gpm": 2.215108336721728, "r2_rna_gpm": -0.009717398188699988, "r2_sispi_gpm": -0.4707242007309935, "corrcoef_sispi_gpm": [1.0, 0.06424156296589298, 0.06424156296589298, 0.9999999999999999]}