{"mae_sispi_gpm": 0.20007623888182974, "r2_sispi_gpm": -0.008287564575436779, "corrcoef_rna_gpm": [0.9999999999999998, -0.08511150065091165, -0.08511150065091165, 0.9999999999999998], "r2_rna_gpm": -0.08271496396411626, "med_ae_rna_gpm": 0.787, "evs_sispi_gpm": -0.0006942850003093248, "mae_rna_gpm": 0.9438233799237612, "med_ae_sispi_gpm": 0.0, "mse_sispi_gpm": 4.293915273189327, "corrcoef_sispi_gpm": [0.9999999999999998, 0.03434950690756995, 0.03434950690756995, 0.9999999999999998], "evs_rna_gpm": -0.00067007116210549, "mse_rna_gpm": 4.610873409148667, "msle_rna_gpm": 0.3798668482382451, "msle_sispi_gpm": 0.08979415153670318}