{"mae_rna_gpm": 0.4709618805590852, "evs_rna_gpm": 5.810386144888824e-06, "evs_sispi_gpm": -1.9141037782265489, "mse_sispi_gpm": 0.5311989440914867, "med_ae_sispi_gpm": 0.0, "med_ae_rna_gpm": 0.45, "msle_sispi_gpm": 0.022564802884585882, "mae_sispi_gpm": 0.06563786531130876, "msle_rna_gpm": 0.14647747479833634, "corrcoef_rna_gpm": [1.0, 0.02015844626663158, 0.02015844626663158, 1.0], "mse_rna_gpm": 0.35192991486658204, "r2_rna_gpm": -0.9321960933540598, "r2_sispi_gpm": -1.9164344410917074, "corrcoef_sispi_gpm": [1.0, 0.3897920343215137, 0.3897920343215137, 1.0]}