{"mae_rna_gpm": 0.2080989847715736, "evs_rna_gpm": -4.169062607985424, "evs_sispi_gpm": -1744.442538560614, "mse_sispi_gpm": 0.03610345431472082, "med_ae_sispi_gpm": 0.0, "med_ae_rna_gpm": 0.207, "msle_sispi_gpm": 0.009204495550450942, "mae_sispi_gpm": 0.018093908629441623, "msle_rna_gpm": 0.03579107580863513, "corrcoef_rna_gpm": [1.0, -0.007267637132016291, -0.007267637132016291, 0.9999999999999998], "mse_rna_gpm": 0.043411185279187824, "r2_rna_gpm": -2115.9788452235107, "r2_sispi_gpm": -1759.6118914334188, "corrcoef_sispi_gpm": [1.0, -0.004765375440222016, -0.004765375440222016, 0.9999999999999998]}