{"mae_sispi_gpm": 0.002209656925031766, "r2_sispi_gpm": -0.0017058461158767635, "corrcoef_rna_gpm": [1.0, 0.030527668026479795, 0.03052766802647979, 0.9999999999999998], "r2_rna_gpm": -1162.4522051490355, "med_ae_rna_gpm": 0.666, "evs_sispi_gpm": 0.003934879248258971, "mae_rna_gpm": 0.6673977128335452, "med_ae_sispi_gpm": 0.0, "mse_sispi_gpm": 0.0003864739517153748, "corrcoef_sispi_gpm": [1.0, 0.09828267023488675, 0.09828267023488675, 0.9999999999999998], "evs_rna_gpm": -7.96424394918912, "mse_rna_gpm": 0.44887825412960614, "msle_rna_gpm": 0.2615068937364407, "msle_sispi_gpm": 0.0002994880268348079}