{"mae_rna_gpm": 0.45610038119440915, "evs_rna_gpm": -0.00018034516521026056, "evs_sispi_gpm": 0.039813910657991, "mse_sispi_gpm": 0.7022327890724269, "med_ae_sispi_gpm": 0.0, "med_ae_rna_gpm": 0.399, "msle_sispi_gpm": 0.03694316530602025, "mae_sispi_gpm": 0.08157687420584497, "msle_rna_gpm": 0.13696483573554086, "corrcoef_rna_gpm": [1.0, -0.46333226351770523, -0.4633322635177053, 1.0], "mse_rna_gpm": 0.8306201791613723, "r2_rna_gpm": -0.14184038810542554, "r2_sispi_gpm": 0.03465172104970626, "corrcoef_sispi_gpm": [1.0, 0.2067385318173683, 0.20673853181736826, 1.0]}