{"mae_rna_gpm": 0.4753913595933927, "evs_rna_gpm": 0.0, "evs_sispi_gpm": -1.0373884193504601, "mse_sispi_gpm": 4.511451268106734, "med_ae_sispi_gpm": 0.0, "med_ae_rna_gpm": 0.231, "msle_sispi_gpm": 0.2143803031740905, "mae_sispi_gpm": 0.418864040660737, "msle_rna_gpm": 0.16399854474987718, "corrcoef_rna_gpm": [0.9999999999999998, -1.6271391851680433e-16, -1.627139185168043e-16, 1.0], "mse_rna_gpm": 2.2075416861499364, "r2_rna_gpm": -0.0020278809425977595, "r2_sispi_gpm": -1.0477982284633272, "corrcoef_sispi_gpm": [1.0, -0.00196811220161723, -0.00196811220161723, 1.0]}