{"mae_rna_gpm": 0.5781982210927572, "evs_rna_gpm": 0.0022670106241062804, "evs_sispi_gpm": 0.008790052386011826, "mse_sispi_gpm": 0.6975826861499365, "med_ae_sispi_gpm": 0.0, "med_ae_rna_gpm": 0.523, "msle_sispi_gpm": 0.044319539245402245, "mae_sispi_gpm": 0.0901092757306226, "msle_rna_gpm": 0.19806981503123328, "corrcoef_rna_gpm": [1.0, 0.15526049132184858, 0.15526049132184858, 1.0], "mse_rna_gpm": 0.8932920864040659, "r2_rna_gpm": -0.2778414665650373, "r2_sispi_gpm": 0.002118012364207944, "corrcoef_sispi_gpm": [1.0, 0.09711072433171393, 0.09711072433171394, 1.0]}