{"mae_sispi_gpm": 0.44671791613723, "r2_sispi_gpm": -0.19455115800302925, "corrcoef_rna_gpm": [1.0, 0.14350485457235929, 0.14350485457235929, 1.0], "r2_rna_gpm": -11.661807321151674, "med_ae_rna_gpm": 0.27, "evs_sispi_gpm": -0.17649962167653843, "mae_rna_gpm": 1.1341321473951715, "med_ae_sispi_gpm": 0.0, "mse_sispi_gpm": 3.2695245857687425, "corrcoef_sispi_gpm": [1.0, 0.14965297190271906, 0.14965297190271903, 1.0], "evs_rna_gpm": -11.548985477088813, "mse_rna_gpm": 34.65577012706481, "msle_rna_gpm": 0.3304213231217086, "msle_sispi_gpm": 0.22291866600614915}