{"mae_rna_gpm": 0.4220329949238578, "evs_rna_gpm": -0.006642466169985983, "evs_sispi_gpm": -23.18178196746239, "mse_sispi_gpm": 0.002895380710659899, "med_ae_sispi_gpm": 0.0, "med_ae_rna_gpm": 0.423, "msle_sispi_gpm": 0.0018379197395735356, "mae_sispi_gpm": 0.006791878172588833, "msle_rna_gpm": 0.12393603249322967, "corrcoef_rna_gpm": [1.0, 0.011323539661424839, 0.011323539661424839, 1.0], "mse_rna_gpm": 0.17823126649746188, "r2_rna_gpm": -1501.4169120745462, "r2_sispi_gpm": -23.406878950455067, "corrcoef_sispi_gpm": [1.0, -0.008517934729095096, -0.008517934729095098, 1.0]}