{"mae_rna_gpm": 0.3164289340101522, "evs_rna_gpm": -0.0007219453592453018, "evs_sispi_gpm": -0.3181629775680641, "mse_sispi_gpm": 0.018575355329949243, "med_ae_sispi_gpm": 0.0, "med_ae_rna_gpm": 0.312, "msle_sispi_gpm": 0.006932368266958242, "mae_sispi_gpm": 0.015040609137055839, "msle_rna_gpm": 0.07565760507232092, "corrcoef_rna_gpm": [0.9999999999999998, -0.010771766364582729, -0.010771766364582727, 0.9999999999999999], "mse_rna_gpm": 0.10661707360406092, "r2_rna_gpm": -6.566555481676668, "r2_sispi_gpm": -0.3182828222980405, "corrcoef_sispi_gpm": [1.0, -0.006437901136219788, -0.006437901136219788, 0.9999999999999999]}