{"mae_rna_gpm": 0.3608945362134688, "evs_rna_gpm": -0.0007561071094637217, "evs_sispi_gpm": -0.02090713426107227, "mse_sispi_gpm": 0.0008145171537484115, "med_ae_sispi_gpm": 0.0, "med_ae_rna_gpm": 0.363, "msle_sispi_gpm": 0.0005719261146479861, "mae_sispi_gpm": 0.0029491740787801783, "msle_rna_gpm": 0.09500675300771241, "corrcoef_rna_gpm": [0.9999999999999998, -0.06428069111416586, -0.06428069111416586, 1.0], "mse_rna_gpm": 0.13062809656925034, "r2_rna_gpm": -163.68801964145848, "r2_sispi_gpm": -0.02689406443054554, "corrcoef_sispi_gpm": [1.0, 0.03358157778466294, 0.03358157778466295, 1.0]}