{"mae_rna_gpm": 0.6165552731893266, "evs_rna_gpm": 0.012640570345490931, "evs_sispi_gpm": -0.3447725247805338, "mse_sispi_gpm": 5.617660059720457, "med_ae_sispi_gpm": 0.0, "med_ae_rna_gpm": 0.349, "msle_sispi_gpm": 0.2063401409271447, "mae_sispi_gpm": 0.45498475222363405, "msle_rna_gpm": 0.19853921063901206, "corrcoef_rna_gpm": [1.0, 0.12280287328222894, 0.12280287328222893, 0.9999999999999998], "mse_rna_gpm": 4.109669919949174, "r2_rna_gpm": 0.012384559575302045, "r2_sispi_gpm": -0.35000813255232677, "corrcoef_sispi_gpm": [1.0, 0.09697173589716497, 0.09697173589716497, 0.9999999999999998]}