{"mae_sispi_gpm": 0.26817534942820836, "r2_sispi_gpm": -0.021461474452852514, "corrcoef_rna_gpm": [0.9999999999999998, 5.249440261949763e-17, 5.249440261949763e-17, 1.0], "r2_rna_gpm": -0.012852530291370234, "med_ae_rna_gpm": 0.374, "evs_sispi_gpm": 0.00024049081492094615, "mae_rna_gpm": 0.549466327827192, "med_ae_sispi_gpm": 0.0, "mse_sispi_gpm": 1.428145130876747, "corrcoef_sispi_gpm": [1.0, 0.20255546174431627, 0.20255546174431627, 1.0], "evs_rna_gpm": 0.0, "mse_rna_gpm": 1.4161086302414232, "msle_rna_gpm": 0.1812790876153807, "msle_sispi_gpm": 0.13348687418147112}