{"mae_sispi_gpm": 0.3646467598475222, "r2_sispi_gpm": 0.02337719074074196, "corrcoef_rna_gpm": [0.9999999999999999, 0.09826866738344038, 0.09826866738344038, 1.0], "r2_rna_gpm": 0.0028986908907232545, "med_ae_rna_gpm": 0.223, "evs_sispi_gpm": 0.04161349142977, "mae_rna_gpm": 0.5313735705209657, "med_ae_sispi_gpm": 0.0, "mse_sispi_gpm": 4.650485904701397, "corrcoef_sispi_gpm": [1.0, 0.2095726980648332, 0.2095726980648332, 1.0], "evs_rna_gpm": 0.004611804337687597, "mse_rna_gpm": 4.748000496823381, "msle_rna_gpm": 0.1723819402488094, "msle_sispi_gpm": 0.16023270523670846}