{"mae_rna_gpm": 0.2653430749682337, "evs_rna_gpm": -7.965552237576759, "evs_sispi_gpm": 0.04270648971252944, "mse_sispi_gpm": 0.0003267141041931385, "med_ae_sispi_gpm": 0.0, "med_ae_rna_gpm": 0.259, "msle_sispi_gpm": 0.0002457247718611219, "mae_sispi_gpm": 0.001789072426937738, "msle_rna_gpm": 0.0563720007176927, "corrcoef_rna_gpm": [1.0, 0.01843310715206469, 0.01843310715206469, 1.0], "mse_rna_gpm": 0.07318040787801779, "r2_rna_gpm": -214.42500467582914, "r2_sispi_gpm": 0.0382345567028749, "corrcoef_sispi_gpm": [0.9999999999999999, 0.20708859143467773, 0.20708859143467773, 1.0]}