{"mae_sispi_gpm": 0.22284625158831003, "r2_sispi_gpm": -0.07392067366252175, "corrcoef_rna_gpm": [1.0, 0.13614514529121982, 0.1361451452912198, 0.9999999999999998], "r2_rna_gpm": 0.006012854404147783, "med_ae_rna_gpm": 0.228, "evs_sispi_gpm": -0.0568991536348733, "mae_rna_gpm": 0.39366327827191866, "med_ae_sispi_gpm": 0.0, "mse_sispi_gpm": 1.3475845438373573, "corrcoef_sispi_gpm": [1.0, 0.1432092294887529, 0.14320922948875286, 0.9999999999999998], "evs_rna_gpm": 0.009925576466036423, "mse_rna_gpm": 1.2472818030495554, "msle_rna_gpm": 0.12241593649267032, "msle_sispi_gpm": 0.10981930478195957}