{"mae_rna_gpm": 0.6344625158831004, "evs_rna_gpm": 0.029509614168910514, "evs_sispi_gpm": -0.29833213338943665, "mse_sispi_gpm": 5.259401113087675, "med_ae_sispi_gpm": 0.0, "med_ae_rna_gpm": 0.269, "msle_sispi_gpm": 0.2239977422876476, "mae_sispi_gpm": 0.48690724269377383, "msle_rna_gpm": 0.21524149855317615, "corrcoef_rna_gpm": [1.0, 0.23173182962300717, 0.23173182962300717, 1.0], "mse_rna_gpm": 3.8884768132147394, "r2_rna_gpm": 0.02933631767721978, "r2_sispi_gpm": -0.31288159772300106, "corrcoef_sispi_gpm": [1.0, 0.18297455396268306, 0.18297455396268306, 1.0]}