{"mae_sispi_gpm": 0.06563786531130876, "r2_sispi_gpm": -1.9164344410917074, "corrcoef_rna_gpm": [0.9999999999999998, -0.01438011106464513, -0.014380111064645132, 1.0], "r2_rna_gpm": -2.4065032266213855, "med_ae_rna_gpm": 0.7, "evs_sispi_gpm": -1.9141037782265489, "mae_rna_gpm": 0.7147636594663278, "med_ae_sispi_gpm": 0.0, "mse_sispi_gpm": 0.5311989440914867, "corrcoef_sispi_gpm": [1.0, 0.3897920343215137, 0.3897920343215137, 1.0], "evs_rna_gpm": -2.407603189924501e-06, "mse_rna_gpm": 0.620460001270648, "msle_rna_gpm": 0.28457017979614335, "msle_sispi_gpm": 0.022564802884585882}