{"mae_sispi_gpm": 0.002209656925031766, "r2_sispi_gpm": -0.0017058461158767635, "corrcoef_rna_gpm": [0.9999999999999999, 0.17174970865067354, 0.17174970865067354, 0.9999999999999998], "r2_rna_gpm": -159.00090993831535, "med_ae_rna_gpm": 0.246, "evs_sispi_gpm": 0.003934879248258971, "mae_rna_gpm": 0.24781575603557815, "med_ae_sispi_gpm": 0.0, "mse_sispi_gpm": 0.0003864739517153748, "corrcoef_sispi_gpm": [1.0, 0.09828267023488675, 0.09828267023488675, 0.9999999999999998], "evs_rna_gpm": -0.3467403434328433, "mse_rna_gpm": 0.06173088055908514, "msle_rna_gpm": 0.04911448901592758, "msle_sispi_gpm": 0.0002994880268348079}