{"mae_rna_gpm": 0.4261446700507613, "evs_rna_gpm": -0.0006069711296734503, "evs_sispi_gpm": -0.9333431238390371, "mse_sispi_gpm": 0.0015489314720812187, "med_ae_sispi_gpm": 0.0, "med_ae_rna_gpm": 0.427, "msle_sispi_gpm": 0.0010291673442051209, "mae_sispi_gpm": 0.004104060913705584, "msle_rna_gpm": 0.12604983586226973, "corrcoef_rna_gpm": [1.0, -0.0074956510713417674, -0.0074956510713417674, 0.9999999999999999], "mse_rna_gpm": 0.1818255609137056, "r2_rna_gpm": -226.07113260141873, "r2_sispi_gpm": -0.9343684238894787, "corrcoef_sispi_gpm": [1.0, -0.00520585160741406, -0.00520585160741406, 0.9999999999999999]}