{"mae_rna_gpm": 0.293753807106599, "evs_rna_gpm": -0.11264455135863138, "evs_sispi_gpm": -23.18178196746239, "mse_sispi_gpm": 0.002895380710659899, "med_ae_sispi_gpm": 0.0, "med_ae_rna_gpm": 0.294, "msle_sispi_gpm": 0.0018379197395735356, "mae_sispi_gpm": 0.006791878172588833, "msle_rna_gpm": 0.06637173734313608, "corrcoef_rna_gpm": [1.0, -0.011964440715905475, -0.011964440715905475, 1.0], "mse_rna_gpm": 0.08642329187817256, "r2_rna_gpm": -727.5131159451772, "r2_sispi_gpm": -23.406878950455067, "corrcoef_sispi_gpm": [1.0, -0.008517934729095096, -0.008517934729095098, 1.0]}