{"mae_sispi_gpm": 0.3567890724269377, "r2_sispi_gpm": -0.1767274464784918, "corrcoef_rna_gpm": [0.9999999999999998, 0.11835320684751702, 0.11835320684751702, 1.0], "r2_rna_gpm": 0.008725020830362085, "med_ae_rna_gpm": 0.231, "evs_sispi_gpm": -0.1498439189808929, "mae_rna_gpm": 0.4983799237611181, "med_ae_sispi_gpm": 0.0, "mse_sispi_gpm": 2.6670934447268104, "corrcoef_sispi_gpm": [0.9999999999999999, 0.056638246698477585, 0.056638246698477585, 1.0], "evs_rna_gpm": 0.009316809369333545, "mse_rna_gpm": 2.2467590152477763, "msle_rna_gpm": 0.17178150748656315, "msle_sispi_gpm": 0.18533663272745102}