{"mae_rna_gpm": 0.5906124523506989, "evs_rna_gpm": -0.0010933236888017728, "evs_sispi_gpm": -0.25968062838740047, "mse_sispi_gpm": 3.7807237776365943, "med_ae_sispi_gpm": 0.0, "med_ae_rna_gpm": 0.252, "msle_sispi_gpm": 0.20865715662267506, "mae_sispi_gpm": 0.4257293519695044, "msle_rna_gpm": 0.20923917647741389, "corrcoef_rna_gpm": [1.0, 0.09017813118420472, 0.09017813118420472, 1.0], "mse_rna_gpm": 2.9619676111817026, "r2_rna_gpm": -0.0016117919669622616, "r2_sispi_gpm": -0.2784803937609259, "corrcoef_sispi_gpm": [1.0, 0.11652771511175404, 0.11652771511175404, 1.0]}