{"mae_sispi_gpm": 0.16637738246505718, "r2_sispi_gpm": 0.03593911974423458, "corrcoef_rna_gpm": [1.0, 0.30733502523117, 0.30733502523117, 0.9999999999999999], "r2_rna_gpm": -0.09623405506007288, "med_ae_rna_gpm": 0.67, "evs_sispi_gpm": 0.04106653776467273, "mae_rna_gpm": 0.797738246505718, "med_ae_sispi_gpm": 0.0, "mse_sispi_gpm": 2.477680405336721, "corrcoef_sispi_gpm": [1.0, 0.21154063995364414, 0.2115406399536441, 0.9999999999999999], "evs_rna_gpm": 0.009174596299767246, "mse_rna_gpm": 2.8173714891994917, "msle_rna_gpm": 0.3029560623137464, "msle_sispi_gpm": 0.0634195226510932}