{"mae_sispi_gpm": 0.322571791613723, "r2_sispi_gpm": -0.27097702215565644, "corrcoef_rna_gpm": [0.9999999999999998, 0.34362481514378357, 0.3436248151437835, 1.0], "r2_rna_gpm": 0.09739984330525697, "med_ae_rna_gpm": 0.355, "evs_sispi_gpm": -0.25699674988781207, "mae_rna_gpm": 0.5561181702668361, "med_ae_sispi_gpm": 0.0, "mse_sispi_gpm": 2.713202068614994, "corrcoef_sispi_gpm": [1.0, 0.030962782496303316, 0.030962782496303312, 1.0], "evs_rna_gpm": 0.1036531672124682, "mse_rna_gpm": 1.9268142299872935, "msle_rna_gpm": 0.17612065137181648, "msle_sispi_gpm": 0.16473652229206284}