{"mae_rna_gpm": 0.511597204574333, "evs_rna_gpm": -189.1101320796482, "evs_sispi_gpm": 0.032673849184786, "mse_sispi_gpm": 0.001300269377382465, "med_ae_sispi_gpm": 0.0, "med_ae_rna_gpm": 0.485, "msle_sispi_gpm": 0.0008402822541387361, "mae_sispi_gpm": 0.0038754764930114356, "msle_rna_gpm": 0.172100439439666, "corrcoef_rna_gpm": [1.0, 0.011468913879162355, 0.011468913879162353, 1.0], "mse_rna_gpm": 0.5150937522236341, "r2_rna_gpm": -383.98466038872743, "r2_sispi_gpm": 0.028169605038975476, "corrcoef_sispi_gpm": [1.0, 0.21150478033344516, 0.21150478033344516, 1.0]}