{"mae_rna_gpm": 0.6837064803049555, "evs_rna_gpm": -7.005487549238687e-05, "evs_sispi_gpm": -0.0006942850003093248, "mse_sispi_gpm": 4.293915273189327, "med_ae_sispi_gpm": 0.0, "med_ae_rna_gpm": 0.516, "msle_sispi_gpm": 0.08979415153670318, "mae_sispi_gpm": 0.20007623888182974, "msle_rna_gpm": 0.22961152817215458, "corrcoef_rna_gpm": [1.0, -0.03599434301715779, -0.03599434301715778, 0.9999999999999998], "mse_rna_gpm": 4.361933274459976, "r2_rna_gpm": -0.024259399249653146, "r2_sispi_gpm": -0.008287564575436779, "corrcoef_sispi_gpm": [0.9999999999999998, 0.03434950690756995, 0.03434950690756995, 0.9999999999999998]}