{"mae_sispi_gpm": 0.3159135959339263, "r2_sispi_gpm": -0.02551337138493781, "corrcoef_rna_gpm": [0.9999999999999998, 0.007060026624046881, 0.007060026624046881, 0.9999999999999999], "r2_rna_gpm": -2.4224030613710634, "med_ae_rna_gpm": 0.253, "evs_sispi_gpm": -0.00573312142098481, "mae_rna_gpm": 0.6779364675984753, "med_ae_sispi_gpm": 0.0, "mse_sispi_gpm": 2.7028829555273193, "corrcoef_sispi_gpm": [1.0, 0.18430418285922956, 0.18430418285922956, 0.9999999999999999], "evs_rna_gpm": -2.414947083296077, "mse_rna_gpm": 9.020218711562897, "msle_rna_gpm": 0.2257476330019342, "msle_sispi_gpm": 0.15187851526634394}