{"mae_sispi_gpm": 0.40062897077509524, "r2_sispi_gpm": -0.49866807318775175, "corrcoef_rna_gpm": [1.0, 0.09188754141589968, 0.09188754141589968, 1.0], "r2_rna_gpm": -0.026659961477508043, "med_ae_rna_gpm": 0.273, "evs_sispi_gpm": -0.49346636279590217, "mae_rna_gpm": 0.5470444726810674, "med_ae_sispi_gpm": 0.0, "mse_sispi_gpm": 4.48198163278272, "corrcoef_sispi_gpm": [1.0, 0.055119786187106716, 0.055119786187106716, 1.0], "evs_rna_gpm": -0.024928023212090533, "mse_rna_gpm": 3.0703737357052097, "msle_rna_gpm": 0.18316631698503746, "msle_sispi_gpm": 0.19623633729941226}