{"mae_sispi_gpm": 0.002209656925031766, "r2_sispi_gpm": -0.0017058461158767635, "corrcoef_rna_gpm": [0.9999999999999998, -4.4169308840768073e-16, -4.4169308840768073e-16, 0.9999999999999998], "r2_rna_gpm": -250.84377542869183, "med_ae_rna_gpm": 0.313, "evs_sispi_gpm": 0.003934879248258971, "mae_rna_gpm": 0.31134053367217285, "med_ae_sispi_gpm": 0.0, "mse_sispi_gpm": 0.0003864739517153748, "corrcoef_sispi_gpm": [1.0, 0.09828267023488675, 0.09828267023488675, 0.9999999999999998], "evs_rna_gpm": 3.3306690738754696e-16, "mse_rna_gpm": 0.09716531003811944, "msle_rna_gpm": 0.07350824427484254, "msle_sispi_gpm": 0.0002994880268348079}