{"mae_rna_gpm": 0.39333502538071063, "evs_rna_gpm": -0.13234049976876294, "evs_sispi_gpm": -0.3181629775680641, "mse_sispi_gpm": 0.018575355329949243, "med_ae_sispi_gpm": 0.0, "med_ae_rna_gpm": 0.383, "msle_sispi_gpm": 0.006932368266958242, "mae_sispi_gpm": 0.015040609137055839, "msle_rna_gpm": 0.11015914210028759, "corrcoef_rna_gpm": [1.0, -0.011459097706227417, -0.011459097706227418, 0.9999999999999999], "mse_rna_gpm": 0.16172036040609145, "r2_rna_gpm": -10.477205649760297, "r2_sispi_gpm": -0.3182828222980405, "corrcoef_sispi_gpm": [1.0, -0.006437901136219788, -0.006437901136219788, 0.9999999999999999]}