{"mae_sispi_gpm": 0.20007623888182974, "r2_sispi_gpm": -0.008287564575436779, "corrcoef_rna_gpm": [1.0, 0.03220146347479982, 0.03220146347479982, 0.9999999999999998], "r2_rna_gpm": -0.01726124371362281, "med_ae_rna_gpm": 0.466, "evs_sispi_gpm": -0.0006942850003093248, "mae_rna_gpm": 0.6358805590851335, "med_ae_sispi_gpm": 0.0, "mse_sispi_gpm": 4.293915273189327, "corrcoef_sispi_gpm": [0.9999999999999998, 0.03434950690756995, 0.03434950690756995, 0.9999999999999998], "evs_rna_gpm": 6.8169976258358744e-06, "mse_rna_gpm": 4.3321307776365945, "msle_rna_gpm": 0.20558240137762876, "msle_sispi_gpm": 0.08979415153670318}