{"mae_rna_gpm": 0.6538780177890725, "evs_rna_gpm": -6.419185232831026e-05, "evs_sispi_gpm": -0.14187061842397175, "mse_sispi_gpm": 2.860528243964422, "med_ae_sispi_gpm": 0.0, "med_ae_rna_gpm": 0.444, "msle_sispi_gpm": 0.17515154975824196, "mae_sispi_gpm": 0.33936467598475223, "msle_rna_gpm": 0.22127708942983648, "corrcoef_rna_gpm": [1.0, -0.021443686021218468, -0.021443686021218464, 0.9999999999999999], "mse_rna_gpm": 2.4797008386277004, "r2_rna_gpm": -0.008582717989222166, "r2_sispi_gpm": -0.16347879802275478, "corrcoef_sispi_gpm": [1.0, 0.052272476353827625, 0.05227247635382762, 0.9999999999999999]}