{"mae_rna_gpm": 0.9144650571791614, "evs_rna_gpm": -0.024648470760669783, "evs_sispi_gpm": -1.9141037782265489, "mse_sispi_gpm": 0.5311989440914867, "med_ae_sispi_gpm": 0.0, "med_ae_rna_gpm": 0.906, "msle_sispi_gpm": 0.022564802884585882, "mae_sispi_gpm": 0.06563786531130876, "msle_rna_gpm": 0.41397737438691246, "corrcoef_rna_gpm": [1.0, -0.22016896346785506, -0.22016896346785506, 1.0], "mse_rna_gpm": 0.9341576493011436, "r2_rna_gpm": -4.128793217935892, "r2_sispi_gpm": -1.9164344410917074, "corrcoef_sispi_gpm": [1.0, 0.3897920343215137, 0.3897920343215137, 1.0]}