{"mae_rna_gpm": 0.5126988564167726, "evs_rna_gpm": -0.47505262094190126, "evs_sispi_gpm": -0.04045018466253114, "mse_sispi_gpm": 2.2298989377382465, "med_ae_sispi_gpm": 0.0, "med_ae_rna_gpm": 0.155, "msle_sispi_gpm": 0.19232862158523747, "mae_sispi_gpm": 0.3610266836086404, "msle_rna_gpm": 0.1917461867744004, "corrcoef_rna_gpm": [1.0, 0.13781226122548482, 0.13781226122548482, 0.9999999999999999], "mse_rna_gpm": 3.064154968233799, "r2_rna_gpm": -0.47876445645665333, "r2_sispi_gpm": -0.07615160616973182, "corrcoef_sispi_gpm": [1.0, 0.16188654314599704, 0.16188654314599701, 0.9999999999999999]}