{"mae_sispi_gpm": 0.16637738246505718, "r2_sispi_gpm": 0.03593911974423458, "corrcoef_rna_gpm": [1.0, -0.11712069052714479, -0.11712069052714477, 0.9999999999999999], "r2_rna_gpm": -0.06934418988953617, "med_ae_rna_gpm": 0.577, "evs_sispi_gpm": 0.04106653776467273, "mae_rna_gpm": 0.704095298602287, "med_ae_sispi_gpm": 0.0, "mse_sispi_gpm": 2.477680405336721, "corrcoef_sispi_gpm": [1.0, 0.21154063995364414, 0.2115406399536441, 0.9999999999999999], "evs_rna_gpm": -9.584103852811054e-05, "mse_rna_gpm": 2.74826331003812, "msle_rna_gpm": 0.2508131659065315, "msle_sispi_gpm": 0.0634195226510932}