{"mae_rna_gpm": 0.36154891994917404, "evs_rna_gpm": -0.00045967778939837167, "evs_sispi_gpm": 0.008790052386011826, "mse_sispi_gpm": 0.6975826861499365, "med_ae_sispi_gpm": 0.0, "med_ae_rna_gpm": 0.299, "msle_sispi_gpm": 0.044319539245402245, "mae_sispi_gpm": 0.0901092757306226, "msle_rna_gpm": 0.09825640591840551, "corrcoef_rna_gpm": [1.0, -0.1183346296206178, -0.11833462962061782, 1.0], "mse_rna_gpm": 0.746654707750953, "r2_rna_gpm": -0.06807880791926424, "r2_sispi_gpm": 0.002118012364207944, "corrcoef_sispi_gpm": [1.0, 0.09711072433171393, 0.09711072433171394, 1.0]}