{"mae_rna_gpm": 0.7775730622617536, "evs_rna_gpm": 0.0, "evs_sispi_gpm": 0.039813910657991, "mse_sispi_gpm": 0.7022327890724269, "med_ae_sispi_gpm": 0.0, "med_ae_rna_gpm": 0.73, "msle_sispi_gpm": 0.03694316530602025, "mae_sispi_gpm": 0.08157687420584497, "msle_rna_gpm": 0.31324000953601944, "corrcoef_rna_gpm": [1.0, 1.9759852802943356e-16, 1.9759852802943356e-16, 1.0], "mse_rna_gpm": 1.1525869123252854, "r2_rna_gpm": -0.5844429503548731, "r2_sispi_gpm": 0.03465172104970626, "corrcoef_sispi_gpm": [1.0, 0.2067385318173683, 0.20673853181736826, 1.0]}