{"mae_rna_gpm": 0.8766772554002543, "evs_rna_gpm": -0.0395400858290158, "evs_sispi_gpm": -1.9141037782265489, "mse_sispi_gpm": 0.5311989440914867, "med_ae_sispi_gpm": 0.0, "med_ae_rna_gpm": 0.868, "msle_sispi_gpm": 0.022564802884585882, "mae_sispi_gpm": 0.06563786531130876, "msle_rna_gpm": 0.3891956938466481, "corrcoef_rna_gpm": [1.0, -0.2717663015510815, -0.2717663015510815, 1.0], "mse_rna_gpm": 0.8717499301143584, "r2_rna_gpm": -3.786156953969649, "r2_sispi_gpm": -1.9164344410917074, "corrcoef_sispi_gpm": [1.0, 0.3897920343215137, 0.3897920343215137, 1.0]}