{"mae_sispi_gpm": 0.06563786531130876, "r2_sispi_gpm": -1.9164344410917074, "corrcoef_rna_gpm": [1.0, -0.2717663015510815, -0.2717663015510815, 1.0], "r2_rna_gpm": -3.786156953969649, "med_ae_rna_gpm": 0.868, "evs_sispi_gpm": -1.9141037782265489, "mae_rna_gpm": 0.8766772554002543, "med_ae_sispi_gpm": 0.0, "mse_sispi_gpm": 0.5311989440914867, "corrcoef_sispi_gpm": [1.0, 0.3897920343215137, 0.3897920343215137, 1.0], "evs_rna_gpm": -0.0395400858290158, "mse_rna_gpm": 0.8717499301143584, "msle_rna_gpm": 0.3891956938466481, "msle_sispi_gpm": 0.022564802884585882}