{"mae_sispi_gpm": 0.4360165184243965, "r2_sispi_gpm": -0.09309114031826637, "corrcoef_rna_gpm": [0.9999999999999999, 0.01560362659803081, 0.01560362659803081, 1.0], "r2_rna_gpm": -0.03159695927132633, "med_ae_rna_gpm": 0.478, "evs_sispi_gpm": -0.0811411830514408, "mae_rna_gpm": 0.772500635324015, "med_ae_sispi_gpm": 0.0, "mse_sispi_gpm": 5.92276694155019, "corrcoef_sispi_gpm": [1.0, 0.062479340878410776, 0.06247934087841078, 1.0], "evs_rna_gpm": -0.02836982762302087, "mse_rna_gpm": 5.589569013977131, "msle_rna_gpm": 0.2653896567750204, "msle_sispi_gpm": 0.2045585572121938}