{"mae_rna_gpm": 0.42843202033036853, "evs_rna_gpm": 0.0, "evs_sispi_gpm": -1.098398571747687, "mse_sispi_gpm": 2.549197745870394, "med_ae_sispi_gpm": 0.0, "med_ae_rna_gpm": 0.256, "msle_sispi_gpm": 0.15003357552140761, "mae_sispi_gpm": 0.3244396442185514, "msle_rna_gpm": 0.1380273036839027, "corrcoef_rna_gpm": [0.9999999999999998, 7.683809666206495e-17, 7.683809666206494e-17, 1.0], "mse_rna_gpm": 1.2140754663278273, "r2_rna_gpm": -0.0005191016275112315, "r2_sispi_gpm": -1.1007928331536072, "corrcoef_sispi_gpm": [0.9999999999999999, 0.18715637955020925, 0.18715637955020928, 1.0]}