{"mae_rna_gpm": 0.7334764930114358, "evs_rna_gpm": -1.1602193596128907, "evs_sispi_gpm": -0.06151421807537205, "mse_sispi_gpm": 8.965724414231257, "med_ae_sispi_gpm": 0.0, "med_ae_rna_gpm": 0.265, "msle_sispi_gpm": 0.17419539854650898, "mae_sispi_gpm": 0.39130368487928846, "msle_rna_gpm": 0.23426439687113326, "corrcoef_rna_gpm": [1.0, -0.007188633759830568, -0.007188633759830568, 0.9999999999999999], "mse_rna_gpm": 18.152183364675984, "r2_rna_gpm": -1.1619424132119165, "r2_sispi_gpm": -0.0678263593357058, "corrcoef_sispi_gpm": [1.0, 0.03957014456617514, 0.03957014456617514, 0.9999999999999999]}