{"corrcoef_sispi_gpm": [1.0, -0.015587645023012513, -0.015587645023012511, 1.0], "med_ae_sispi_gpm": 0.0, "msle_sispi_gpm": 0.08752482483453958, "evs_sispi_gpm": -16.695799301629204, "corrcoef_rna_gpm": [NaN, NaN, NaN, 1.0], "mae_rna_gpm": 0.018512, "msle_rna_gpm": 0.010812322132954732, "med_ae_rna_gpm": 0.0, "evs_rna_gpm": 0.0, "r2_sispi_gpm": -17.01239161636828, "r2_rna_gpm": -0.009271397775021395, "mse_sispi_gpm": 0.6657832266666667, "mae_sispi_gpm": 0.1452, "mse_rna_gpm": 0.037305205333333334}