{"mae_rna_gpm": 0.4271192893401015, "evs_rna_gpm": -0.0013969134863924815, "evs_sispi_gpm": -23.18178196746239, "mse_sispi_gpm": 0.002895380710659899, "med_ae_sispi_gpm": 0.0, "med_ae_rna_gpm": 0.428, "msle_sispi_gpm": 0.0018379197395735356, "mae_sispi_gpm": 0.006791878172588833, "msle_rna_gpm": 0.12646002545188853, "corrcoef_rna_gpm": [1.0, 0.00970870555153553, 0.00970870555153553, 1.0], "mse_rna_gpm": 0.18254968274111671, "r2_rna_gpm": -1537.819400399662, "r2_sispi_gpm": -23.406878950455067, "corrcoef_sispi_gpm": [1.0, -0.008517934729095096, -0.008517934729095098, 1.0]}