{"mae_rna_gpm": 0.4367306226175349, "evs_rna_gpm": -5.116782929986447, "evs_sispi_gpm": 0.032673849184786, "mse_sispi_gpm": 0.001300269377382465, "med_ae_sispi_gpm": 0.0, "med_ae_rna_gpm": 0.443, "msle_sispi_gpm": 0.0008402822541387361, "mae_sispi_gpm": 0.0038754764930114356, "msle_rna_gpm": 0.1326443817688849, "corrcoef_rna_gpm": [1.0, 0.10600678010592134, 0.10600678010592134, 1.0], "mse_rna_gpm": 0.19782931512071156, "r2_rna_gpm": -146.8590089044904, "r2_sispi_gpm": 0.028169605038975476, "corrcoef_sispi_gpm": [1.0, 0.21150478033344516, 0.21150478033344516, 1.0]}