{"mae_rna_gpm": 0.4790444726810673, "evs_rna_gpm": 1.6980903326802022e-06, "evs_sispi_gpm": 0.008790052386011826, "mse_sispi_gpm": 0.6975826861499365, "med_ae_sispi_gpm": 0.0, "med_ae_rna_gpm": 0.421, "msle_sispi_gpm": 0.044319539245402245, "mae_sispi_gpm": 0.0901092757306226, "msle_rna_gpm": 0.1482989851806669, "corrcoef_rna_gpm": [1.0, 0.005250677344440885, 0.005250677344440885, 1.0], "mse_rna_gpm": 0.8144341296060986, "r2_rna_gpm": -0.16503629488745442, "r2_sispi_gpm": 0.002118012364207944, "corrcoef_sispi_gpm": [1.0, 0.09711072433171393, 0.09711072433171394, 1.0]}