{"mae_rna_gpm": 0.8669873096446702, "evs_rna_gpm": -0.04115540479452462, "evs_sispi_gpm": -0.005876317691719146, "mse_sispi_gpm": 0.013666172588832487, "med_ae_sispi_gpm": 0.0, "med_ae_rna_gpm": 0.871, "msle_sispi_gpm": 0.004611281584402039, "mae_sispi_gpm": 0.009208121827411167, "msle_rna_gpm": 0.3889846267625323, "corrcoef_rna_gpm": [0.9999999999999999, 0.007636622425463887, 0.007636622425463886, 1.0], "mse_rna_gpm": 0.7537615964467006, "r2_rna_gpm": -54.7082213156014, "r2_sispi_gpm": -0.010025146816722064, "corrcoef_sispi_gpm": [1.0, -0.007627744616977156, -0.007627744616977155, 1.0]}