{"mae_sispi_gpm": 0.37914104193138504, "r2_sispi_gpm": -0.24105239680074075, "corrcoef_rna_gpm": [0.9999999999999999, -0.08821752038150153, -0.08821752038150153, 1.0], "r2_rna_gpm": -0.013392891767244341, "med_ae_rna_gpm": 0.3, "evs_sispi_gpm": -0.22723798486899716, "mae_rna_gpm": 0.5510940279542567, "med_ae_sispi_gpm": 0.0, "mse_sispi_gpm": 2.841780874205845, "corrcoef_sispi_gpm": [1.0, 0.14242756213649785, 0.14242756213649785, 1.0], "evs_rna_gpm": -0.013168709392184397, "mse_rna_gpm": 2.320482636594663, "msle_rna_gpm": 0.19630890685423877, "msle_sispi_gpm": 0.18841349700911655}