{"mae_rna_gpm": 0.5872770012706481, "evs_rna_gpm": 0.016311091113075604, "evs_sispi_gpm": -0.33405377762390454, "mse_sispi_gpm": 3.525212218551461, "med_ae_sispi_gpm": 0.0, "med_ae_rna_gpm": 0.321, "msle_sispi_gpm": 0.18747204163821665, "mae_sispi_gpm": 0.3817458703939009, "msle_rna_gpm": 0.1946282008257061, "corrcoef_rna_gpm": [1.0, 0.12782664095423862, 0.1278266409542386, 1.0], "mse_rna_gpm": 2.5607392109275735, "r2_rna_gpm": 0.016076430013913234, "r2_sispi_gpm": -0.3545070799221768, "corrcoef_sispi_gpm": [0.9999999999999998, 0.06609364805873626, 0.06609364805873626, 1.0]}