{"mae_sispi_gpm": 0.06563786531130876, "r2_sispi_gpm": -1.9164344410917074, "corrcoef_rna_gpm": [1.0, 0.12098119468295628, 0.12098119468295628, 1.0], "r2_rna_gpm": -3.2465664182050826, "med_ae_rna_gpm": 0.808, "evs_sispi_gpm": -1.9141037782265489, "mae_rna_gpm": 0.8198017789072427, "med_ae_sispi_gpm": 0.0, "mse_sispi_gpm": 0.5311989440914867, "corrcoef_sispi_gpm": [1.0, 0.3897920343215137, 0.3897920343215137, 1.0], "evs_rna_gpm": 0.006368783701678038, "mse_rna_gpm": 0.7734689885641678, "msle_rna_gpm": 0.3512666050552722, "msle_sispi_gpm": 0.022564802884585882}