{"mae_rna_gpm": 0.13330114358322745, "evs_rna_gpm": -0.8184968578884038, "evs_sispi_gpm": 0.04270648971252944, "mse_sispi_gpm": 0.0003267141041931385, "med_ae_sispi_gpm": 0.0, "med_ae_rna_gpm": 0.135, "msle_sispi_gpm": 0.0002457247718611219, "mae_sispi_gpm": 0.001789072426937738, "msle_rna_gpm": 0.015826522611615813, "corrcoef_rna_gpm": [0.9999999999999999, -0.24892247682998564, -0.24892247682998567, 1.0], "mse_rna_gpm": 0.018035710292249048, "r2_rna_gpm": -52.092666284615575, "r2_sispi_gpm": 0.0382345567028749, "corrcoef_sispi_gpm": [0.9999999999999999, 0.20708859143467773, 0.20708859143467773, 1.0]}