{"mae_rna_gpm": 0.5905895806861499, "evs_rna_gpm": -0.04798032100213723, "evs_sispi_gpm": 0.08482123499007554, "mse_sispi_gpm": 2.6478701867852608, "med_ae_sispi_gpm": 0.0, "med_ae_rna_gpm": 0.237, "msle_sispi_gpm": 0.2083087078247163, "mae_sispi_gpm": 0.3945476493011436, "msle_rna_gpm": 0.2171817961144274, "corrcoef_rna_gpm": [0.9999999999999998, 0.1031911218451132, 0.1031911218451132, 1.0], "mse_rna_gpm": 2.938757318932656, "r2_rna_gpm": -0.04950045781671175, "r2_sispi_gpm": 0.05438228758553887, "corrcoef_sispi_gpm": [1.0, 0.2913404147586722, 0.2913404147586722, 1.0]}