{"mae_rna_gpm": 0.6746302414231258, "evs_rna_gpm": 0.029697560507695786, "evs_sispi_gpm": -0.360565885854907, "mse_sispi_gpm": 7.440211786531131, "med_ae_sispi_gpm": 0.0, "med_ae_rna_gpm": 0.304, "msle_sispi_gpm": 0.22001385060342632, "mae_sispi_gpm": 0.5175603557814485, "msle_rna_gpm": 0.22529139983834442, "corrcoef_rna_gpm": [1.0, 0.20323658832079483, 0.20323658832079483, 1.0], "mse_rna_gpm": 5.282838724269377, "r2_rna_gpm": 0.027088325039179795, "r2_sispi_gpm": -0.37022333807821384, "corrcoef_sispi_gpm": [0.9999999999999998, 0.2194073422239629, 0.2194073422239629, 1.0]}