{"mae_rna_gpm": 0.4190864040660738, "evs_rna_gpm": 0.0009525265020121632, "evs_sispi_gpm": 0.04106653776467273, "mse_sispi_gpm": 2.477680405336721, "med_ae_sispi_gpm": 0.0, "med_ae_rna_gpm": 0.281, "msle_sispi_gpm": 0.0634195226510932, "mae_sispi_gpm": 0.16637738246505718, "msle_rna_gpm": 0.11951786166253435, "corrcoef_rna_gpm": [0.9999999999999999, 0.1357729330757104, 0.13577293307571037, 0.9999999999999999], "mse_rna_gpm": 2.583523856416774, "r2_rna_gpm": -0.005244372040161371, "r2_sispi_gpm": 0.03593911974423458, "corrcoef_sispi_gpm": [1.0, 0.21154063995364414, 0.2115406399536441, 0.9999999999999999]}