{"mae_rna_gpm": 0.605443456162643, "evs_rna_gpm": -0.026777104215707448, "evs_sispi_gpm": -0.5965458662264143, "mse_sispi_gpm": 5.791607340533672, "med_ae_sispi_gpm": 0.0, "med_ae_rna_gpm": 0.324, "msle_sispi_gpm": 0.21844663260074995, "mae_sispi_gpm": 0.45299745870393904, "msle_rna_gpm": 0.2027269410558715, "corrcoef_rna_gpm": [0.9999999999999999, 0.02343677588296716, 0.02343677588296716, 1.0], "mse_rna_gpm": 3.7123274027954256, "r2_rna_gpm": -0.027946323983592425, "r2_sispi_gpm": -0.6037005440778078, "corrcoef_sispi_gpm": [0.9999999999999999, 0.006565560724568486, 0.006565560724568485, 1.0]}