{"mae_sispi_gpm": 0.45299745870393904, "r2_sispi_gpm": -0.6037005440778078, "corrcoef_rna_gpm": [0.9999999999999999, 0.02343677588296716, 0.02343677588296716, 1.0], "r2_rna_gpm": -0.027946323983592425, "med_ae_rna_gpm": 0.324, "evs_sispi_gpm": -0.5965458662264143, "mae_rna_gpm": 0.605443456162643, "med_ae_sispi_gpm": 0.0, "mse_sispi_gpm": 5.791607340533672, "corrcoef_sispi_gpm": [0.9999999999999999, 0.006565560724568486, 0.006565560724568485, 1.0], "evs_rna_gpm": -0.026777104215707448, "mse_rna_gpm": 3.7123274027954256, "msle_rna_gpm": 0.2027269410558715, "msle_sispi_gpm": 0.21844663260074995}