{"mae_rna_gpm": 0.3581804320203303, "evs_rna_gpm": -19.42811104277726, "evs_sispi_gpm": -0.02090713426107227, "mse_sispi_gpm": 0.0008145171537484115, "med_ae_sispi_gpm": 0.0, "med_ae_rna_gpm": 0.345, "msle_sispi_gpm": 0.0005719261146479861, "mae_sispi_gpm": 0.0029491740787801783, "msle_rna_gpm": 0.09635557947276865, "corrcoef_rna_gpm": [0.9999999999999998, 0.07135259323770621, 0.07135259323770621, 1.0], "mse_rna_gpm": 0.14405631766200758, "r2_rna_gpm": -180.6175102882236, "r2_sispi_gpm": -0.02689406443054554, "corrcoef_sispi_gpm": [1.0, 0.03358157778466294, 0.03358157778466295, 1.0]}