{"mae_sispi_gpm": 0.16637738246505718, "r2_sispi_gpm": 0.03593911974423458, "corrcoef_rna_gpm": [1.0, -0.1442236856682869, -0.14422368566828692, 0.9999999999999999], "r2_rna_gpm": -0.007536356466543159, "med_ae_rna_gpm": 0.294, "evs_sispi_gpm": 0.04106653776467273, "mae_rna_gpm": 0.43177382465057185, "med_ae_sispi_gpm": 0.0, "mse_sispi_gpm": 2.477680405336721, "corrcoef_sispi_gpm": [1.0, 0.21154063995364414, 0.2115406399536441, 0.9999999999999999], "evs_rna_gpm": -2.69727811379461e-05, "mse_rna_gpm": 2.5894143608640414, "msle_rna_gpm": 0.12443796040483023, "msle_sispi_gpm": 0.0634195226510932}