{"mae_rna_gpm": 0.4705400254129607, "evs_rna_gpm": 0.0, "evs_sispi_gpm": 0.01806655888020381, "mse_sispi_gpm": 3.530441137229987, "med_ae_sispi_gpm": 0.0, "med_ae_rna_gpm": 0.215, "msle_sispi_gpm": 0.1628767787940986, "mae_sispi_gpm": 0.3346467598475222, "msle_rna_gpm": 0.16102179474010547, "corrcoef_rna_gpm": [0.9999999999999998, -1.128233242382527e-16, -1.128233242382527e-16, 0.9999999999999999], "mse_rna_gpm": 3.547186626429479, "r2_rna_gpm": -0.0030328445768132983, "r2_sispi_gpm": 0.0017022532442176885, "corrcoef_sispi_gpm": [1.0, 0.19029931655002022, 0.1902993165500202, 0.9999999999999999]}