{"mae_rna_gpm": 1.8755082592121983, "evs_rna_gpm": 4.894377814257389e-06, "evs_sispi_gpm": -0.0006942850003093248, "mse_sispi_gpm": 4.293915273189327, "med_ae_sispi_gpm": 0.0, "med_ae_rna_gpm": 1.753, "msle_sispi_gpm": 0.08979415153670318, "mae_sispi_gpm": 0.20007623888182974, "msle_rna_gpm": 1.0326546618497103, "corrcoef_rna_gpm": [1.0, 0.0033677118389431556, 0.003367711838943155, 0.9999999999999998], "mse_rna_gpm": 6.686269706480305, "r2_rna_gpm": -0.5700548728885673, "r2_sispi_gpm": -0.008287564575436779, "corrcoef_sispi_gpm": [0.9999999999999998, 0.03434950690756995, 0.03434950690756995, 0.9999999999999998]}