{"mae_rna_gpm": 0.5296162642947904, "evs_rna_gpm": 0.08730754264075713, "evs_sispi_gpm": -0.3605115385078994, "mse_sispi_gpm": 3.109694099110546, "med_ae_sispi_gpm": 0.0, "med_ae_rna_gpm": 0.258, "msle_sispi_gpm": 0.1903147121007992, "mae_sispi_gpm": 0.39643710292249046, "msle_rna_gpm": 0.1693865766204876, "corrcoef_rna_gpm": [1.0, 0.31451168885050707, 0.314511688850507, 1.0], "mse_rna_gpm": 2.0728395374841173, "r2_rna_gpm": 0.08730749677624627, "r2_sispi_gpm": -0.3692301986009794, "corrcoef_sispi_gpm": [1.0, 0.1852496880400316, 0.18524968804003158, 1.0]}