{"mae_rna_gpm": 0.5587890724269378, "evs_rna_gpm": 0.08024315573750096, "evs_sispi_gpm": -2.2062210126805746, "mse_sispi_gpm": 7.023410628970775, "med_ae_sispi_gpm": 0.0, "med_ae_rna_gpm": 0.341, "msle_sispi_gpm": 0.19553832267280363, "mae_sispi_gpm": 0.5009517153748412, "msle_rna_gpm": 0.17689722880332096, "corrcoef_rna_gpm": [0.9999999999999999, 0.2851261996214711, 0.2851261996214711, 0.9999999999999999], "mse_rna_gpm": 2.020461833545108, "r2_rna_gpm": 0.07764932180997108, "r2_sispi_gpm": -2.2062211962063407, "corrcoef_sispi_gpm": [1.0, 0.24680219282843352, 0.24680219282843355, 0.9999999999999999]}