{"mae_rna_gpm": 0.5429047013977127, "evs_rna_gpm": -0.00024253599836843165, "evs_sispi_gpm": -0.0006942850003093248, "mse_sispi_gpm": 4.293915273189327, "med_ae_sispi_gpm": 0.0, "med_ae_rna_gpm": 0.369, "msle_sispi_gpm": 0.08979415153670318, "mae_sispi_gpm": 0.20007623888182974, "msle_rna_gpm": 0.16367077038731992, "corrcoef_rna_gpm": [1.0, -0.07052950094266171, -0.07052950094266171, 0.9999999999999998], "mse_rna_gpm": 4.289868665819568, "r2_rna_gpm": -0.007337349298688567, "r2_sispi_gpm": -0.008287564575436779, "corrcoef_sispi_gpm": [0.9999999999999998, 0.03434950690756995, 0.03434950690756995, 0.9999999999999998]}