{"mae_sispi_gpm": 0.45698602287166457, "r2_sispi_gpm": -0.6548016451787657, "corrcoef_rna_gpm": [1.0, 0.03641755154884805, 0.03641755154884805, 1.0], "r2_rna_gpm": -0.01998278332061698, "med_ae_rna_gpm": 0.119, "evs_sispi_gpm": -0.6439400185810495, "mae_rna_gpm": 0.4151550190597204, "med_ae_sispi_gpm": 0.0, "mse_sispi_gpm": 4.12720226429479, "corrcoef_sispi_gpm": [1.0, 0.033291008460840286, 0.033291008460840286, 1.0], "evs_rna_gpm": -0.005065491312997494, "mse_rna_gpm": 2.543915317662008, "msle_rna_gpm": 0.16977424577226882, "msle_sispi_gpm": 0.23467154548866018}