{"mae_sispi_gpm": 0.3066226175349428, "r2_sispi_gpm": -0.24846321417528983, "corrcoef_rna_gpm": [1.0, 0.03197373431605633, 0.03197373431605634, 1.0], "r2_rna_gpm": -0.22328390879887206, "med_ae_rna_gpm": 0.479, "evs_sispi_gpm": -0.2324629382478116, "mae_rna_gpm": 0.6649758576874206, "med_ae_sispi_gpm": 0.0, "mse_sispi_gpm": 2.448283725540025, "corrcoef_sispi_gpm": [1.0, -0.008255502577107996, -0.008255502577107996, 1.0], "evs_rna_gpm": -0.18541794258614108, "mse_rna_gpm": 2.3989061524777635, "msle_rna_gpm": 0.22760226579642726, "msle_sispi_gpm": 0.16311899704894686}