{"mae_sispi_gpm": 0.5760152477763659, "r2_sispi_gpm": -0.9890053434839183, "corrcoef_rna_gpm": [1.0, 0.016751058786314502, 0.016751058786314502, 1.0], "r2_rna_gpm": -0.11848321254596361, "med_ae_rna_gpm": 0.317, "evs_sispi_gpm": -0.9858733784060307, "mae_rna_gpm": 0.6645095298602288, "med_ae_sispi_gpm": 0.0, "mse_sispi_gpm": 6.29880159339263, "corrcoef_sispi_gpm": [1.0, 0.11838948708244086, 0.11838948708244086, 1.0], "evs_rna_gpm": -0.11784311758997523, "mse_rna_gpm": 3.5420235870393904, "msle_rna_gpm": 0.24815087810057146, "msle_sispi_gpm": 0.2687701326134286}