{"mae_rna_gpm": 0.5951232528589581, "evs_rna_gpm": 0.0475613174371603, "evs_sispi_gpm": -0.19880226826845382, "mse_sispi_gpm": 3.201813891994918, "med_ae_sispi_gpm": 0.0, "med_ae_rna_gpm": 0.264, "msle_sispi_gpm": 0.21090929629509583, "mae_sispi_gpm": 0.44625031766200757, "msle_rna_gpm": 0.19943128883247035, "corrcoef_rna_gpm": [0.9999999999999999, 0.22116124713133908, 0.2211612471313391, 1.0], "mse_rna_gpm": 2.5144494739517156, "r2_rna_gpm": 0.047528493290584395, "r2_sispi_gpm": -0.2128446141010425, "corrcoef_sispi_gpm": [0.9999999999999998, 0.23745638794698973, 0.23745638794698973, 1.0]}