{"mae_rna_gpm": 1.1180622617534943, "evs_rna_gpm": -10.10647288864407, "evs_sispi_gpm": -0.23536838541103622, "mse_sispi_gpm": 3.8474593722998724, "med_ae_sispi_gpm": 0.0, "med_ae_rna_gpm": 0.205, "msle_sispi_gpm": 0.19027055208608365, "mae_sispi_gpm": 0.42880050825921223, "msle_rna_gpm": 0.31145119164735696, "corrcoef_rna_gpm": [1.0, 0.1337331475465832, 0.1337331475465832, 1.0], "mse_rna_gpm": 34.43485376238882, "r2_rna_gpm": -10.191753724298705, "r2_sispi_gpm": -0.2504719217381075, "corrcoef_sispi_gpm": [1.0, 0.24082104150645922, 0.24082104150645922, 1.0]}