{"mae_rna_gpm": 0.5858348157560356, "evs_rna_gpm": 0.0029031244971242653, "evs_sispi_gpm": 0.039813910657991, "mse_sispi_gpm": 0.7022327890724269, "med_ae_sispi_gpm": 0.0, "med_ae_rna_gpm": 0.532, "msle_sispi_gpm": 0.03694316530602025, "mae_sispi_gpm": 0.08157687420584497, "msle_rna_gpm": 0.20148595245707798, "corrcoef_rna_gpm": [0.9999999999999998, 0.05424900800230869, 0.054249008002308696, 1.0], "mse_rna_gpm": 0.934584823379924, "r2_rna_gpm": -0.28475893581469136, "r2_sispi_gpm": 0.03465172104970626, "corrcoef_sispi_gpm": [1.0, 0.2067385318173683, 0.20673853181736826, 1.0]}