{"mae_rna_gpm": 0.6030749682337992, "evs_rna_gpm": -1.3879028027787097, "evs_sispi_gpm": -0.1538377298265614, "mse_sispi_gpm": 2.8398525196950444, "med_ae_sispi_gpm": 0.0, "med_ae_rna_gpm": 0.284, "msle_sispi_gpm": 0.18292418528423704, "mae_sispi_gpm": 0.363848792884371, "msle_rna_gpm": 0.1896037205890424, "corrcoef_rna_gpm": [1.0, 0.18177337428004398, 0.18177337428004398, 1.0], "mse_rna_gpm": 5.7656304371029234, "r2_rna_gpm": -1.3895635169405578, "r2_sispi_gpm": -0.17697588296428934, "corrcoef_sispi_gpm": [1.0, 0.06992877820781518, 0.06992877820781518, 1.0]}