{"mae_rna_gpm": 0.823800508259212, "evs_rna_gpm": 0.0, "evs_sispi_gpm": 0.04106653776467273, "mse_sispi_gpm": 2.477680405336721, "med_ae_sispi_gpm": 0.0, "med_ae_rna_gpm": 0.701, "msle_sispi_gpm": 0.0634195226510932, "mae_sispi_gpm": 0.16637738246505718, "msle_rna_gpm": 0.319865573660524, "corrcoef_rna_gpm": [0.9999999999999998, -4.815164996237635e-16, -4.815164996237634e-16, 0.9999999999999999], "mse_rna_gpm": 2.868099144853875, "r2_rna_gpm": -0.11597209240263706, "r2_sispi_gpm": 0.03593911974423458, "corrcoef_sispi_gpm": [1.0, 0.21154063995364414, 0.2115406399536441, 0.9999999999999999]}