{"mae_sispi_gpm": 0.16637738246505718, "r2_sispi_gpm": 0.03593911974423458, "corrcoef_rna_gpm": [1.0, 0.12344065408887192, 0.12344065408887192, 0.9999999999999999], "r2_rna_gpm": -0.017300207146601743, "med_ae_rna_gpm": 0.366, "evs_sispi_gpm": 0.04106653776467273, "mae_rna_gpm": 0.5007763659466328, "med_ae_sispi_gpm": 0.0, "mse_sispi_gpm": 2.477680405336721, "corrcoef_sispi_gpm": [1.0, 0.21154063995364414, 0.2115406399536441, 0.9999999999999999], "evs_rna_gpm": 1.4487335682766833e-05, "mse_rna_gpm": 2.614507902160102, "msle_rna_gpm": 0.15124296985320457, "msle_sispi_gpm": 0.0634195226510932}