{"mae_sispi_gpm": 0.0038754764930114356, "r2_sispi_gpm": 0.028169605038975476, "corrcoef_rna_gpm": [0.9999999999999999, 0.02115435191032261, 0.021154351910322607, 1.0], "r2_rna_gpm": -120.44015453606795, "med_ae_rna_gpm": 0.405, "evs_sispi_gpm": 0.032673849184786, "mae_rna_gpm": 0.4025412960609913, "med_ae_sispi_gpm": 0.0, "mse_sispi_gpm": 0.001300269377382465, "corrcoef_sispi_gpm": [1.0, 0.21150478033344516, 0.21150478033344516, 1.0], "evs_rna_gpm": 0.0004474602196020694, "mse_rna_gpm": 0.16248196696315126, "msle_rna_gpm": 0.11443341465786856, "msle_sispi_gpm": 0.0008402822541387361}