{"mae_sispi_gpm": 0.015040609137055839, "r2_sispi_gpm": -0.3182828222980405, "corrcoef_rna_gpm": [1.0, 0.006030698683147097, 0.006030698683147097, 0.9999999999999999], "r2_rna_gpm": -6.422198569090209, "med_ae_rna_gpm": 0.309, "evs_sispi_gpm": -0.3181629775680641, "mae_rna_gpm": 0.31311421319796956, "med_ae_sispi_gpm": 0.0, "mse_sispi_gpm": 0.018575355329949243, "corrcoef_sispi_gpm": [1.0, -0.006437901136219788, -0.006437901136219788, 0.9999999999999999], "evs_rna_gpm": 8.29628873733057e-06, "mse_rna_gpm": 0.10458300253807107, "msle_rna_gpm": 0.0742972382732656, "msle_sispi_gpm": 0.006932368266958242}