{"mae_sispi_gpm": 0.009208121827411167, "r2_sispi_gpm": -0.010025146816722064, "corrcoef_rna_gpm": [1.0, -0.008497526796108086, -0.008497526796108084, 1.0], "r2_rna_gpm": -1.6116159725586936, "med_ae_rna_gpm": 0.156, "evs_sispi_gpm": -0.005876317691719146, "mae_rna_gpm": 0.161992385786802, "med_ae_sispi_gpm": 0.0, "mse_sispi_gpm": 0.013666172588832487, "corrcoef_sispi_gpm": [1.0, -0.007627744616977156, -0.007627744616977155, 1.0], "evs_rna_gpm": -2.3593797615850676e-05, "mse_rna_gpm": 0.03533654060913705, "msle_rna_gpm": 0.024096707263767538, "msle_sispi_gpm": 0.004611281584402039}