{"mae_sispi_gpm": 0.009208121827411167, "r2_sispi_gpm": -0.010025146816722064, "corrcoef_rna_gpm": [NaN, NaN, NaN, 1.0], "r2_rna_gpm": -9.989731751894572, "med_ae_rna_gpm": 0.376, "evs_sispi_gpm": -0.005876317691719146, "mae_rna_gpm": 0.37961928934010153, "med_ae_sispi_gpm": 0.0, "mse_sispi_gpm": 0.013666172588832487, "corrcoef_sispi_gpm": [1.0, -0.007627744616977156, -0.007627744616977155, 1.0], "evs_rna_gpm": 0.0, "mse_rna_gpm": 0.1486968629441624, "msle_rna_gpm": 0.10318185360462703, "msle_sispi_gpm": 0.004611281584402039}