{"mae_rna_gpm": 0.6171880559085133, "evs_rna_gpm": 0.005225730955096375, "evs_sispi_gpm": 0.06315098196415236, "mse_sispi_gpm": 3.5900443036848797, "med_ae_sispi_gpm": 0.0, "med_ae_rna_gpm": 0.41, "msle_sispi_gpm": 0.12321287708750818, "mae_sispi_gpm": 0.27630114358322744, "msle_rna_gpm": 0.19547909691805285, "corrcoef_rna_gpm": [1.0, 0.09768557881986224, 0.09768557881986223, 1.0], "mse_rna_gpm": 3.7726351524777644, "r2_rna_gpm": -0.001399482700030319, "r2_sispi_gpm": 0.04706700667328367, "corrcoef_sispi_gpm": [1.0, 0.2823993484912512, 0.2823993484912512, 1.0]}