{"mae_rna_gpm": 0.5926569250317661, "evs_rna_gpm": 0.005184074086823087, "evs_sispi_gpm": 0.037669268763376396, "mse_sispi_gpm": 3.45600009656925, "med_ae_sispi_gpm": 0.0, "med_ae_rna_gpm": 0.308, "msle_sispi_gpm": 0.18424318961334163, "mae_sispi_gpm": 0.38382973316391356, "msle_rna_gpm": 0.19792325491330387, "corrcoef_rna_gpm": [0.9999999999999998, 0.08748759425703474, 0.08748759425703476, 1.0], "mse_rna_gpm": 3.5112807153748413, "r2_rna_gpm": 0.004794670173415949, "r2_sispi_gpm": 0.020462903769932317, "corrcoef_sispi_gpm": [1.0, 0.25084154620514376, 0.25084154620514376, 1.0]}