{"mae_rna_gpm": 4.283528589580684, "evs_rna_gpm": -737.5539295254152, "evs_sispi_gpm": 0.04270648971252944, "mse_sispi_gpm": 0.0003267141041931385, "med_ae_sispi_gpm": 0.0, "med_ae_rna_gpm": 4.361, "msle_sispi_gpm": 0.0002457247718611219, "mae_sispi_gpm": 0.001789072426937738, "msle_rna_gpm": 2.7633841536811183, "corrcoef_rna_gpm": [1.0, -0.007445272813183972, -0.007445272813183973, 1.0], "mse_rna_gpm": 18.59950577763659, "r2_rna_gpm": -54751.34062365826, "r2_sispi_gpm": 0.0382345567028749, "corrcoef_sispi_gpm": [0.9999999999999999, 0.20708859143467773, 0.20708859143467773, 1.0]}