{"mae_rna_gpm": 0.6155844980940279, "evs_rna_gpm": 0.0014015818759605114, "evs_sispi_gpm": -0.1430928432961509, "mse_sispi_gpm": 6.750682747141042, "med_ae_sispi_gpm": 0.0, "med_ae_rna_gpm": 0.242, "msle_sispi_gpm": 0.2424998735841066, "mae_sispi_gpm": 0.49903684879288435, "msle_rna_gpm": 0.2133236334524767, "corrcoef_rna_gpm": [1.0, 0.05855028854864379, 0.058550288548643796, 0.9999999999999998], "mse_rna_gpm": 5.836342905972045, "r2_rna_gpm": -0.0018569530305481141, "r2_sispi_gpm": -0.1588110152003137, "corrcoef_sispi_gpm": [1.0, 0.01734717940737248, 0.017347179407372484, 0.9999999999999998]}