{"mae_sispi_gpm": 0.20007623888182974, "r2_sispi_gpm": -0.008287564575436779, "corrcoef_rna_gpm": [0.9999999999999999, -0.03046410909423312, -0.03046410909423312, 0.9999999999999998], "r2_rna_gpm": -0.0782254551705277, "med_ae_rna_gpm": 0.772, "evs_sispi_gpm": -0.0006942850003093248, "mae_rna_gpm": 0.9297585768742059, "med_ae_sispi_gpm": 0.0, "mse_sispi_gpm": 4.293915273189327, "corrcoef_sispi_gpm": [0.9999999999999998, 0.03434950690756995, 0.03434950690756995, 0.9999999999999998], "evs_rna_gpm": -6.145019745051883e-06, "mse_rna_gpm": 4.591754289707751, "msle_rna_gpm": 0.3708872157341453, "msle_sispi_gpm": 0.08979415153670318}