{"mae_sispi_gpm": 0.32059212198221093, "r2_sispi_gpm": -0.5461254786322531, "corrcoef_rna_gpm": [0.9999999999999998, 0.13373718599195342, 0.13373718599195342, 1.0], "r2_rna_gpm": -0.06508231490407823, "med_ae_rna_gpm": 0.259, "evs_sispi_gpm": -0.5354184933541783, "mae_rna_gpm": 0.46806988564167723, "med_ae_sispi_gpm": 0.0, "mse_sispi_gpm": 3.1823774561626426, "corrcoef_sispi_gpm": [1.0, 0.13376851792793926, 0.13376851792793926, 1.0], "evs_rna_gpm": -0.06395967822992565, "mse_rna_gpm": 2.192250237611182, "msle_rna_gpm": 0.1404367566528664, "msle_sispi_gpm": 0.1395829642163213}