{"mae_sispi_gpm": 0.47772808132147393, "r2_sispi_gpm": -0.34769023492901696, "corrcoef_rna_gpm": [0.9999999999999999, 0.06661309032300443, 0.06661309032300443, 1.0], "r2_rna_gpm": 0.002461575633382007, "med_ae_rna_gpm": 0.343, "evs_sispi_gpm": -0.32986174062635554, "mae_rna_gpm": 0.670279542566709, "med_ae_sispi_gpm": 0.0, "mse_sispi_gpm": 7.4140255857687425, "corrcoef_sispi_gpm": [1.0, 0.05811817716506149, 0.0581181771650615, 1.0], "evs_rna_gpm": 0.0034934053574064983, "mse_rna_gpm": 5.487741329097839, "msle_rna_gpm": 0.22064114588866285, "msle_sispi_gpm": 0.21535477168286302}