{"mae_rna_gpm": 0.670279542566709, "evs_rna_gpm": 0.0034934053574064983, "evs_sispi_gpm": -0.32986174062635554, "mse_sispi_gpm": 7.4140255857687425, "med_ae_sispi_gpm": 0.0, "med_ae_rna_gpm": 0.343, "msle_sispi_gpm": 0.21535477168286302, "mae_sispi_gpm": 0.47772808132147393, "msle_rna_gpm": 0.22064114588866285, "corrcoef_rna_gpm": [0.9999999999999999, 0.06661309032300443, 0.06661309032300443, 1.0], "mse_rna_gpm": 5.487741329097839, "r2_rna_gpm": 0.002461575633382007, "r2_sispi_gpm": -0.34769023492901696, "corrcoef_sispi_gpm": [1.0, 0.05811817716506149, 0.0581181771650615, 1.0]}