{"mae_rna_gpm": 0.6790088945362136, "evs_rna_gpm": 0.012343486087404099, "evs_sispi_gpm": -0.010448821678435971, "mse_sispi_gpm": 4.647650124523507, "med_ae_sispi_gpm": 0.0, "med_ae_rna_gpm": 0.297, "msle_sispi_gpm": 0.23401055452456512, "mae_sispi_gpm": 0.4576238881829733, "msle_rna_gpm": 0.23665225919331376, "corrcoef_rna_gpm": [1.0, 0.11183405757989166, 0.11183405757989166, 1.0], "mse_rna_gpm": 4.398623756035579, "r2_rna_gpm": 0.009579940847321056, "r2_sispi_gpm": -0.04649230453851416, "corrcoef_sispi_gpm": [0.9999999999999999, 0.06930951234335281, 0.06930951234335281, 1.0]}