{"mae_rna_gpm": 0.47332528589580686, "evs_rna_gpm": -1.0751499901319153, "evs_sispi_gpm": -0.06340874065668167, "mse_sispi_gpm": 2.2303167331639133, "med_ae_sispi_gpm": 0.0, "med_ae_rna_gpm": 0.206, "msle_sispi_gpm": 0.143631444542634, "mae_sispi_gpm": 0.2991550190597205, "msle_rna_gpm": 0.1445009975975413, "corrcoef_rna_gpm": [0.9999999999999999, 0.08252113038237541, 0.08252113038237541, 1.0], "mse_rna_gpm": 4.278195958068614, "r2_rna_gpm": -1.0753636097900179, "r2_sispi_gpm": -0.0819322517437393, "corrcoef_sispi_gpm": [1.0, 0.15946422444536204, 0.15946422444536204, 1.0]}