{"mae_sispi_gpm": 0.3142109275730623, "r2_sispi_gpm": -0.10798558005745917, "corrcoef_rna_gpm": [1.0, 0.0979721149992715, 0.0979721149992715, 1.0], "r2_rna_gpm": -1.1418682734128316, "med_ae_rna_gpm": 0.096, "evs_sispi_gpm": -0.07372443844110221, "mae_rna_gpm": 0.4155933926302414, "med_ae_sispi_gpm": 0.0, "mse_sispi_gpm": 1.9221928818297331, "corrcoef_sispi_gpm": [1.0, 0.10878953425374276, 0.10878953425374276, 1.0], "evs_rna_gpm": -1.1317488351381644, "mse_rna_gpm": 3.71582809656925, "msle_rna_gpm": 0.16430933473487813, "msle_sispi_gpm": 0.1629301606710646}