{"mae_rna_gpm": 0.4251435832274461, "evs_rna_gpm": -0.00010582918943091713, "evs_sispi_gpm": 0.008790052386011826, "mse_sispi_gpm": 0.6975826861499365, "med_ae_sispi_gpm": 0.0, "med_ae_rna_gpm": 0.365, "msle_sispi_gpm": 0.044319539245402245, "mae_sispi_gpm": 0.0901092757306226, "msle_rna_gpm": 0.12390468013830717, "corrcoef_rna_gpm": [1.0, -0.0833746242486988, -0.0833746242486988, 1.0], "mse_rna_gpm": 0.7795898932655653, "r2_rna_gpm": -0.1151921165448897, "r2_sispi_gpm": 0.002118012364207944, "corrcoef_sispi_gpm": [1.0, 0.09711072433171393, 0.09711072433171394, 1.0]}