{"mae_rna_gpm": 0.3836040609137055, "evs_rna_gpm": -3.5406169484941685e-05, "evs_sispi_gpm": -0.005876317691719146, "mse_sispi_gpm": 0.013666172588832487, "med_ae_sispi_gpm": 0.0, "med_ae_rna_gpm": 0.38, "msle_sispi_gpm": 0.004611281584402039, "mae_sispi_gpm": 0.009208121827411167, "msle_rna_gpm": 0.10502563763185241, "corrcoef_rna_gpm": [1.0, -0.007755371207946254, -0.007755371207946254, 1.0], "mse_rna_gpm": 0.1516734060913706, "r2_rna_gpm": -10.209718980193003, "r2_sispi_gpm": -0.010025146816722064, "corrcoef_sispi_gpm": [1.0, -0.007627744616977156, -0.007627744616977155, 1.0]}