{"mae_sispi_gpm": 0.40253748411689966, "r2_sispi_gpm": -0.15103334932156032, "corrcoef_rna_gpm": [1.0, 0.015745932377623544, 0.015745932377623544, 1.0], "r2_rna_gpm": -0.8762290823008019, "med_ae_rna_gpm": 0.372, "evs_sispi_gpm": -0.11469169129347634, "mae_rna_gpm": 0.6868551461245236, "med_ae_sispi_gpm": 0.0, "mse_sispi_gpm": 2.924727246505718, "corrcoef_sispi_gpm": [1.0, 0.039686856307949055, 0.039686856307949055, 1.0], "evs_rna_gpm": -0.874868316250816, "mse_rna_gpm": 4.7674190508259215, "msle_rna_gpm": 0.2336603159252926, "msle_sispi_gpm": 0.21515847384229517}