{"mae_sispi_gpm": 0.34698983481575607, "r2_sispi_gpm": -0.24677047945178465, "corrcoef_rna_gpm": [1.0, 0.19021859366824365, 0.19021859366824365, 1.0], "r2_rna_gpm": 0.004706053947181821, "med_ae_rna_gpm": 0.353, "evs_sispi_gpm": -0.2327645463944572, "mae_rna_gpm": 0.5924243964421855, "med_ae_sispi_gpm": 0.0, "mse_sispi_gpm": 2.7135015412960617, "corrcoef_sispi_gpm": [1.0, 0.1724306680236351, 0.1724306680236351, 1.0], "evs_rna_gpm": 0.008839574051768606, "mse_rna_gpm": 2.166181908513342, "msle_rna_gpm": 0.20077302202649422, "msle_sispi_gpm": 0.17155637106708232}