{"mae_sispi_gpm": 0.06563786531130876, "r2_sispi_gpm": -1.9164344410917074, "corrcoef_rna_gpm": [1.0, 0.29976466727360107, 0.29976466727360107, 1.0], "r2_rna_gpm": -1.4322532031083268, "med_ae_rna_gpm": 0.553, "evs_sispi_gpm": -1.9141037782265489, "mae_rna_gpm": 0.570271918678526, "med_ae_sispi_gpm": 0.0, "mse_sispi_gpm": 0.5311989440914867, "corrcoef_sispi_gpm": [1.0, 0.3897920343215137, 0.3897920343215137, 1.0], "evs_rna_gpm": 0.027092978466041306, "mse_rna_gpm": 0.4430102439644219, "msle_rna_gpm": 0.1990027342386406, "msle_sispi_gpm": 0.022564802884585882}