{"mae_sispi_gpm": 0.5273824650571791, "r2_sispi_gpm": -0.18508216436531755, "corrcoef_rna_gpm": [1.0, 0.1568175814430264, 0.15681758144302638, 0.9999999999999998], "r2_rna_gpm": 0.011678539769199636, "med_ae_rna_gpm": 0.322, "evs_sispi_gpm": -0.17361749395361903, "mae_rna_gpm": 0.6965069885641678, "med_ae_sispi_gpm": 0.0, "mse_sispi_gpm": 6.9642140914866575, "corrcoef_sispi_gpm": [1.0, 0.16619604072130695, 0.16619604072130695, 0.9999999999999998], "evs_rna_gpm": 0.014100749900138099, "mse_rna_gpm": 5.807936738246505, "msle_rna_gpm": 0.23037274215093276, "msle_sispi_gpm": 0.23250262354942242}