{"mae_rna_gpm": 0.7397700127064802, "evs_rna_gpm": 0.0, "evs_sispi_gpm": -0.20389841627277128, "mse_sispi_gpm": 11.90021821346887, "med_ae_sispi_gpm": 0.0, "med_ae_rna_gpm": 0.411, "msle_sispi_gpm": 0.2288344005928378, "mae_sispi_gpm": 0.560592121982211, "msle_rna_gpm": 0.23676866213466896, "corrcoef_rna_gpm": [0.9999999999999998, 1.8121917020423107e-16, 1.8121917020423107e-16, 1.0], "mse_rna_gpm": 9.851545294790348, "r2_rna_gpm": -1.3621848735656528e-06, "r2_sispi_gpm": -0.207956119336846, "corrcoef_sispi_gpm": [1.0, 0.06282769701571306, 0.06282769701571307, 1.0]}