{"mae_sispi_gpm": 0.3050368487928844, "r2_sispi_gpm": -0.4801429313024228, "corrcoef_rna_gpm": [1.0, -0.018527829059811474, -0.018527829059811474, 0.9999999999999998], "r2_rna_gpm": -19.865894866987816, "med_ae_rna_gpm": 0.309, "evs_sispi_gpm": -0.4695542517676776, "mae_rna_gpm": 0.9224675984752223, "med_ae_sispi_gpm": 0.0, "mse_sispi_gpm": 1.90857974841169, "corrcoef_sispi_gpm": [1.0, 0.15800486096639163, 0.1580048609663916, 0.9999999999999998], "evs_rna_gpm": -19.66957905301118, "mse_rna_gpm": 26.905661293519696, "msle_rna_gpm": 0.2899898006239274, "msle_sispi_gpm": 0.1492275403108219}