{"mae_sispi_gpm": 0.2580584498094028, "r2_sispi_gpm": -0.3122242468801044, "corrcoef_rna_gpm": [1.0, -0.1573910678396058, -0.15739106783960577, 1.0], "r2_rna_gpm": -0.011282092178943381, "med_ae_rna_gpm": 0.211, "evs_sispi_gpm": -0.29477279149702573, "mae_rna_gpm": 0.3716060991105464, "med_ae_sispi_gpm": 0.0, "mse_sispi_gpm": 1.7532083100381193, "corrcoef_sispi_gpm": [1.0, 0.05627120520183386, 0.05627120520183386, 1.0], "evs_rna_gpm": -0.011120100702587843, "mse_rna_gpm": 1.351131997458704, "msle_rna_gpm": 0.12486658637313741, "msle_sispi_gpm": 0.13139956711818884}