{"mae_sispi_gpm": 0.001789072426937738, "r2_sispi_gpm": 0.0382345567028749, "corrcoef_rna_gpm": [0.9999999999999998, -0.011372362627184846, -0.011372362627184844, 1.0], "r2_rna_gpm": -3304.8937843619733, "med_ae_rna_gpm": 1.074, "evs_sispi_gpm": 0.04270648971252944, "mae_rna_gpm": 1.0513011435832276, "med_ae_sispi_gpm": 0.0, "mse_sispi_gpm": 0.0003267141041931385, "corrcoef_sispi_gpm": [0.9999999999999999, 0.20708859143467773, 0.20708859143467773, 1.0], "evs_rna_gpm": -52.25473267298724, "mse_rna_gpm": 1.1230203100381195, "msle_rna_gpm": 0.5181078633864578, "msle_sispi_gpm": 0.0002457247718611219}