{"mae_sispi_gpm": 0.4315628970775095, "r2_sispi_gpm": -0.2198818453407505, "corrcoef_rna_gpm": [1.0, 0.14583632738247398, 0.14583632738247398, 1.0], "r2_rna_gpm": 0.015448251290220316, "med_ae_rna_gpm": 0.281, "evs_sispi_gpm": -0.2090618634939354, "mae_rna_gpm": 0.5793697585768742, "med_ae_sispi_gpm": 0.0, "mse_sispi_gpm": 4.744094249047014, "corrcoef_sispi_gpm": [1.0, 0.08691620884351313, 0.08691620884351313, 1.0], "evs_rna_gpm": 0.015449833174177252, "mse_rna_gpm": 3.8289005667090215, "msle_rna_gpm": 0.18413298218193966, "msle_sispi_gpm": 0.19527002769998966}