{"mae_rna_gpm": 0.6717598475222364, "evs_rna_gpm": 0.0037556030155188047, "evs_sispi_gpm": -0.19254425961719712, "mse_sispi_gpm": 3.9332355006353232, "med_ae_sispi_gpm": 0.0, "med_ae_rna_gpm": 0.329, "msle_sispi_gpm": 0.2510316720438202, "mae_sispi_gpm": 0.4883748411689962, "msle_rna_gpm": 0.23597611503417446, "corrcoef_rna_gpm": [1.0, 0.0642077996152206, 0.0642077996152206, 1.0], "mse_rna_gpm": 3.227618392630241, "r2_rna_gpm": 0.0018985787921133035, "r2_sispi_gpm": -0.21630486184280762, "corrcoef_sispi_gpm": [1.0, 0.11576175664885198, 0.11576175664885198, 1.0]}