{"mae_sispi_gpm": 0.5719771283354511, "r2_sispi_gpm": -0.17123810377378978, "corrcoef_rna_gpm": [1.0, 0.12378263875983808, 0.12378263875983807, 0.9999999999999999], "r2_rna_gpm": 0.012859715931841875, "med_ae_rna_gpm": 0.28, "evs_sispi_gpm": -0.16694546973551372, "mae_rna_gpm": 0.6646404066073699, "med_ae_sispi_gpm": 0.0, "mse_sispi_gpm": 11.965724017789073, "corrcoef_sispi_gpm": [1.0, 0.09230144114455985, 0.09230144114455985, 0.9999999999999999], "evs_rna_gpm": 0.013753750101583861, "mse_rna_gpm": 10.084924805590855, "msle_rna_gpm": 0.20523910765242795, "msle_sispi_gpm": 0.2383478741620173}