{"mae_rna_gpm": 0.5206111817026684, "evs_rna_gpm": -0.002254688056932519, "evs_sispi_gpm": -0.5119724945622657, "mse_sispi_gpm": 2.2452843570520966, "med_ae_sispi_gpm": 0.0, "med_ae_rna_gpm": 0.293, "msle_sispi_gpm": 0.16952300466344888, "mae_sispi_gpm": 0.3464841168996188, "msle_rna_gpm": 0.1702793027034084, "corrcoef_rna_gpm": [1.0, 0.12702694406212534, 0.12702694406212534, 1.0], "mse_rna_gpm": 1.4809267992376112, "r2_rna_gpm": -0.00719201116304502, "r2_sispi_gpm": -0.5270386546967902, "corrcoef_sispi_gpm": [0.9999999999999999, 0.09482222072341742, 0.09482222072341742, 1.0]}