{"mae_sispi_gpm": 0.002209656925031766, "r2_sispi_gpm": -0.0017058461158767635, "corrcoef_rna_gpm": [1.0, 0.022092656416142428, 0.022092656416142428, 0.9999999999999998], "r2_rna_gpm": -2011997.0129896444, "med_ae_rna_gpm": 27.863, "evs_sispi_gpm": 0.003934879248258971, "mae_rna_gpm": 27.860782719186787, "med_ae_sispi_gpm": 0.0, "mse_sispi_gpm": 0.0003864739517153748, "corrcoef_sispi_gpm": [1.0, 0.09828267023488675, 0.09828267023488675, 0.9999999999999998], "evs_rna_gpm": -96.01001451475506, "mse_rna_gpm": 776.2606417229987, "msle_rna_gpm": 11.29521640179166, "msle_sispi_gpm": 0.0002994880268348079}