{"mae_rna_gpm": 0.8387001270648031, "evs_rna_gpm": -0.00027501742257496353, "evs_sispi_gpm": -1.4612755931111105, "mse_sispi_gpm": 6.071175623888183, "med_ae_sispi_gpm": 0.0, "med_ae_rna_gpm": 0.662, "msle_sispi_gpm": 0.2317238896292031, "mae_sispi_gpm": 0.5124040660736975, "msle_rna_gpm": 0.3136690439825798, "corrcoef_rna_gpm": [1.0, -0.05623814403877102, -0.05623814403877102, 1.0], "mse_rna_gpm": 2.604765889453621, "r2_rna_gpm": -0.05600133197868051, "r2_sispi_gpm": -1.4613227512923368, "corrcoef_sispi_gpm": [0.9999999999999999, 0.06012412590401129, 0.06012412590401129, 1.0]}