{"mae_sispi_gpm": 0.0901092757306226, "r2_sispi_gpm": 0.002118012364207944, "corrcoef_rna_gpm": [NaN, NaN, NaN, 1.0], "r2_rna_gpm": -0.018812551212197715, "med_ae_rna_gpm": 0.196, "evs_sispi_gpm": 0.008790052386011826, "mae_rna_gpm": 0.2630952986022872, "med_ae_sispi_gpm": 0.0, "mse_sispi_gpm": 0.6975826861499365, "corrcoef_sispi_gpm": [1.0, 0.09711072433171393, 0.09711072433171394, 1.0], "evs_rna_gpm": 3.3306690738754696e-16, "mse_rna_gpm": 0.7122144752223634, "msle_rna_gpm": 0.0664708468653917, "msle_sispi_gpm": 0.044319539245402245}