{"mae_sispi_gpm": 0.0027776365946632782, "r2_sispi_gpm": -35.27700351015589, "corrcoef_rna_gpm": [1.0, 0.015154758511744448, 0.01515475851174445, 1.0], "r2_rna_gpm": -3767.9521141341843, "med_ae_rna_gpm": 0.345, "evs_sispi_gpm": -35.12853851484161, "mae_rna_gpm": 0.3525222363405336, "med_ae_sispi_gpm": 0.0, "mse_sispi_gpm": 0.0012164853875476494, "corrcoef_sispi_gpm": [1.0, 0.3876939300334721, 0.387693930033472, 1.0], "evs_rna_gpm": -62.01928313164609, "mse_rna_gpm": 0.12638516772554, "msle_rna_gpm": 0.09177626905380137, "msle_sispi_gpm": 0.000661014177760031}