{"mae_rna_gpm": 0.3525222363405336, "evs_rna_gpm": -62.01928313164609, "evs_sispi_gpm": -35.12853851484161, "mse_sispi_gpm": 0.0012164853875476494, "med_ae_sispi_gpm": 0.0, "med_ae_rna_gpm": 0.345, "msle_sispi_gpm": 0.000661014177760031, "mae_sispi_gpm": 0.0027776365946632782, "msle_rna_gpm": 0.09177626905380137, "corrcoef_rna_gpm": [1.0, 0.015154758511744448, 0.01515475851174445, 1.0], "mse_rna_gpm": 0.12638516772554, "r2_rna_gpm": -3767.9521141341843, "r2_sispi_gpm": -35.27700351015589, "corrcoef_sispi_gpm": [1.0, 0.3876939300334721, 0.387693930033472, 1.0]}