{"mae_sispi_gpm": 0.37306226175349433, "r2_sispi_gpm": -0.01304811621244406, "corrcoef_rna_gpm": [0.9999999999999998, 7.01586147966289e-17, 7.015861479662889e-17, 0.9999999999999999], "r2_rna_gpm": -5.087242632262345e-06, "med_ae_rna_gpm": 0.336, "evs_sispi_gpm": 0.007512826041070508, "mae_rna_gpm": 0.6040889453621346, "med_ae_sispi_gpm": 0.0, "mse_sispi_gpm": 3.288176157560356, "corrcoef_sispi_gpm": [1.0, 0.14750739486079203, 0.14750739486079203, 0.9999999999999999], "evs_rna_gpm": -2.220446049250313e-16, "mse_rna_gpm": 3.245840777636595, "msle_rna_gpm": 0.2042523480406604, "msle_sispi_gpm": 0.1888788132401101}