{"mae_rna_gpm": 0.661496823379924, "evs_rna_gpm": 0.016055884136016663, "evs_sispi_gpm": 0.04106653776467273, "mse_sispi_gpm": 2.477680405336721, "med_ae_sispi_gpm": 0.0, "med_ae_rna_gpm": 0.53, "msle_sispi_gpm": 0.0634195226510932, "mae_sispi_gpm": 0.16637738246505718, "msle_rna_gpm": 0.2247743971082205, "corrcoef_rna_gpm": [1.0, 0.30531329649862454, 0.30531329649862454, 0.9999999999999999], "mse_rna_gpm": 2.675212411689962, "r2_rna_gpm": -0.04092021994841333, "r2_sispi_gpm": 0.03593911974423458, "corrcoef_sispi_gpm": [1.0, 0.21154063995364414, 0.2115406399536441, 0.9999999999999999]}