{"mae_sispi_gpm": 0.43021473951715367, "r2_sispi_gpm": -0.010029771391501852, "corrcoef_rna_gpm": [1.0, 0.08437194120676446, 0.08437194120676446, 1.0], "r2_rna_gpm": -0.0013914912487971165, "med_ae_rna_gpm": 0.321, "evs_sispi_gpm": 0.010600749382945307, "mae_rna_gpm": 0.6590584498094028, "med_ae_sispi_gpm": 0.0, "mse_sispi_gpm": 7.22512934815756, "corrcoef_sispi_gpm": [1.0, 0.10298502487301173, 0.10298502487301173, 1.0], "evs_rna_gpm": 8.558840805195089e-05, "mse_rna_gpm": 7.16333642566709, "msle_rna_gpm": 0.21266614230949266, "msle_sispi_gpm": 0.1985405282358146}