{"mae_rna_gpm": 0.6067979669631512, "evs_rna_gpm": 0.006288654570382413, "evs_sispi_gpm": -0.43431732735092066, "mse_sispi_gpm": 5.8759077674714115, "med_ae_sispi_gpm": 0.0, "med_ae_rna_gpm": 0.314, "msle_sispi_gpm": 0.19478443105174575, "mae_sispi_gpm": 0.4111372299872935, "msle_rna_gpm": 0.19866261394319276, "corrcoef_rna_gpm": [1.0, 0.09049396513808061, 0.09049396513808061, 1.0], "mse_rna_gpm": 4.031217768742058, "r2_rna_gpm": 0.006246084712994149, "r2_sispi_gpm": -0.4484968773126261, "corrcoef_sispi_gpm": [1.0, 0.024195897369640687, 0.02419589736964069, 1.0]}