{"mae_sispi_gpm": 0.06563786531130876, "r2_sispi_gpm": -1.9164344410917074, "corrcoef_rna_gpm": [0.9999999999999999, -0.18654225798832053, -0.18654225798832053, 1.0], "r2_rna_gpm": -0.9560660875011424, "med_ae_rna_gpm": 0.455, "evs_sispi_gpm": -1.9141037782265489, "mae_rna_gpm": 0.47575730622617535, "med_ae_sispi_gpm": 0.0, "mse_sispi_gpm": 0.5311989440914867, "corrcoef_sispi_gpm": [1.0, 0.3897920343215137, 0.3897920343215137, 1.0], "evs_rna_gpm": -0.0016914317548650804, "mse_rna_gpm": 0.35627759212198223, "msle_rna_gpm": 0.148949496435622, "msle_sispi_gpm": 0.022564802884585882}