{"mae_rna_gpm": 0.4136759847522236, "evs_rna_gpm": -8.933737656093058, "evs_sispi_gpm": 0.032673849184786, "mse_sispi_gpm": 0.001300269377382465, "med_ae_sispi_gpm": 0.0, "med_ae_rna_gpm": 0.408, "msle_sispi_gpm": 0.0008402822541387361, "mae_sispi_gpm": 0.0038754764930114356, "msle_rna_gpm": 0.1206951774059525, "corrcoef_rna_gpm": [1.0, 0.1923935888747958, 0.1923935888747958, 1.0], "mse_rna_gpm": 0.1839775057179161, "r2_rna_gpm": -136.50607001582512, "r2_sispi_gpm": 0.028169605038975476, "corrcoef_sispi_gpm": [1.0, 0.21150478033344516, 0.21150478033344516, 1.0]}