{"mae_sispi_gpm": 0.44848538754764933, "r2_sispi_gpm": -0.2987647417351691, "corrcoef_rna_gpm": [1.0, 0.08933302616667202, 0.089333026166672, 0.9999999999999998], "r2_rna_gpm": -0.008839450849275288, "med_ae_rna_gpm": 0.256, "evs_sispi_gpm": -0.2853021181703752, "mae_rna_gpm": 0.5997789072426939, "med_ae_sispi_gpm": 0.0, "mse_sispi_gpm": 5.5735037890724275, "corrcoef_sispi_gpm": [1.0, 0.13088816349631763, 0.13088816349631763, 0.9999999999999998], "evs_rna_gpm": -0.008402121485535652, "mse_rna_gpm": 4.329321794155019, "msle_rna_gpm": 0.2070137784583779, "msle_sispi_gpm": 0.20931719473576366}