{"mae_sispi_gpm": 0.06563786531130876, "r2_sispi_gpm": -1.9164344410917074, "corrcoef_rna_gpm": [1.0, -0.0343627847656502, -0.0343627847656502, 1.0], "r2_rna_gpm": -1.9574206513491088, "med_ae_rna_gpm": 0.635, "evs_sispi_gpm": -1.9141037782265489, "mae_rna_gpm": 0.6513049555273188, "med_ae_sispi_gpm": 0.0, "mse_sispi_gpm": 0.5311989440914867, "corrcoef_sispi_gpm": [1.0, 0.3897920343215137, 0.3897920343215137, 1.0], "evs_rna_gpm": -8.33041376526733e-05, "mse_rna_gpm": 0.538664166454892, "msle_rna_gpm": 0.24606308855381384, "msle_sispi_gpm": 0.022564802884585882}