{"mae_sispi_gpm": 0.002209656925031766, "r2_sispi_gpm": -0.0017058461158767635, "corrcoef_rna_gpm": [1.0, 0.08510617091283376, 0.08510617091283375, 0.9999999999999998], "r2_rna_gpm": -255.01656341246593, "med_ae_rna_gpm": 0.309, "evs_sispi_gpm": 0.003934879248258971, "mae_rna_gpm": 0.3120254129606099, "med_ae_sispi_gpm": 0.0, "mse_sispi_gpm": 0.0003864739517153748, "corrcoef_sispi_gpm": [1.0, 0.09828267023488675, 0.09828267023488675, 0.9999999999999998], "evs_rna_gpm": -3.0835265129964915, "mse_rna_gpm": 0.09877523761118169, "msle_rna_gpm": 0.07410590306821885, "msle_sispi_gpm": 0.0002994880268348079}