{"mae_sispi_gpm": 0.0027776365946632782, "r2_sispi_gpm": -35.27700351015589, "corrcoef_rna_gpm": [1.0, 0.09804121308358808, 0.09804121308358808, 1.0], "r2_rna_gpm": -357.3652188541555, "med_ae_rna_gpm": 0.097, "evs_sispi_gpm": -35.12853851484161, "mae_rna_gpm": 0.10327827191867851, "med_ae_sispi_gpm": 0.0, "mse_sispi_gpm": 0.0012164853875476494, "corrcoef_sispi_gpm": [1.0, 0.3876939300334721, 0.387693930033472, 1.0], "evs_rna_gpm": -40.68804958128883, "mse_rna_gpm": 0.012017146124523507, "msle_rna_gpm": 0.010444585759893226, "msle_sispi_gpm": 0.000661014177760031}