{"mae_rna_gpm": 0.4723341804320203, "evs_rna_gpm": 0.12800956981913492, "evs_sispi_gpm": -0.33392055287334066, "mse_sispi_gpm": 3.5204919555273193, "med_ae_sispi_gpm": 0.0, "med_ae_rna_gpm": 0.282, "msle_sispi_gpm": 0.12780718112454587, "mae_sispi_gpm": 0.31648157560355783, "msle_rna_gpm": 0.1330186202320192, "corrcoef_rna_gpm": [1.0, 0.45850431622615684, 0.4585043162261568, 0.9999999999999999], "mse_rna_gpm": 2.2911162909783993, "r2_rna_gpm": 0.1265602392646341, "r2_sispi_gpm": -0.34211330232977377, "corrcoef_sispi_gpm": [1.0, 0.1455687635180217, 0.1455687635180217, 0.9999999999999999]}