{"mae_sispi_gpm": 0.2919186785260483, "r2_sispi_gpm": -0.20473910659703853, "corrcoef_rna_gpm": [1.0, 0.34457114805098654, 0.34457114805098654, 1.0], "r2_rna_gpm": 0.09845898934783515, "med_ae_rna_gpm": 0.271, "evs_sispi_gpm": -0.19044401224072804, "mae_rna_gpm": 0.4495984752223634, "med_ae_sispi_gpm": 0.0, "mse_sispi_gpm": 1.9138002185514615, "corrcoef_sispi_gpm": [1.0, 0.23121458644888337, 0.23121458644888337, 1.0], "evs_rna_gpm": 0.10086393631028034, "mse_rna_gpm": 1.4321518856416773, "msle_rna_gpm": 0.13390008578120524, "msle_sispi_gpm": 0.13116113647753597}