{"mae_sispi_gpm": 0.015040609137055839, "r2_sispi_gpm": -0.3182828222980405, "corrcoef_rna_gpm": [1.0, -0.01058722587548473, -0.01058722587548473, 0.9999999999999999], "r2_rna_gpm": -3.1543569308733135, "med_ae_rna_gpm": 0.215, "evs_sispi_gpm": -0.3181629775680641, "mae_rna_gpm": 0.22306091370558376, "med_ae_sispi_gpm": 0.0, "mse_sispi_gpm": 0.018575355329949243, "corrcoef_sispi_gpm": [1.0, -0.006437901136219788, -0.006437901136219788, 0.9999999999999999], "evs_rna_gpm": -0.030199814973605132, "mse_rna_gpm": 0.05853725380710659, "msle_rna_gpm": 0.041595436490682265, "msle_sispi_gpm": 0.006932368266958242}