{"mae_sispi_gpm": 0.39477890724269377, "r2_sispi_gpm": -0.16380473530712436, "corrcoef_rna_gpm": [0.9999999999999998, 0.014324471300927021, 0.01432447130092702, 0.9999999999999998], "r2_rna_gpm": -0.2751247766035769, "med_ae_rna_gpm": 0.188, "evs_sispi_gpm": -0.15162580540839898, "mae_rna_gpm": 0.5303354510800508, "med_ae_sispi_gpm": 0.0, "mse_sispi_gpm": 4.678145365946633, "corrcoef_sispi_gpm": [1.0, 0.0808674698331816, 0.0808674698331816, 0.9999999999999998], "evs_rna_gpm": -0.2740304053703524, "mse_rna_gpm": 5.125618485387547, "msle_rna_gpm": 0.1852082784267639, "msle_sispi_gpm": 0.18577456519849533}