{"mae_rna_gpm": 0.5496226175349428, "evs_rna_gpm": 0.02249427431042994, "evs_sispi_gpm": -0.12752227504255154, "mse_sispi_gpm": 3.9447306772554, "med_ae_sispi_gpm": 0.0, "med_ae_rna_gpm": 0.285, "msle_sispi_gpm": 0.15962574922847575, "mae_sispi_gpm": 0.38343964421855137, "msle_rna_gpm": 0.170127110596309, "corrcoef_rna_gpm": [1.0, 0.15738589955339008, 0.15738589955339008, 1.0], "mse_rna_gpm": 3.389354420584497, "r2_rna_gpm": 0.022405524974762447, "r2_sispi_gpm": -0.13778213695409636, "corrcoef_sispi_gpm": [0.9999999999999998, 0.20569562185649073, 0.20569562185649076, 1.0]}