,modelo,corrcoef_sispi_gpm,corrcoef_rna_gpm,r2_rna_gpm,r2_sispi_gpm,evs_rna_gpm,evs_sispi_gpm,mae_sispi_gpm,mae_rna_gpm,med_ae_sispi_gpm,med_ae_rna_gpm,mse_sispi_gpm,mse_rna_gpm,msle_sispi_gpm,msle_rna_gpm
0,2017060421,0.051269,0.732939,0.394086,-0.109710,0.456952,0.002479,1.071045,0.789723,0.000000,0.000000,10.829417,5.912982,0.599371,0.314297
1,2017060423,-0.058483,0.755461,0.462740,-3.834346,0.481792,-3.688267,1.454091,0.259272,0.000000,0.000000,17.057198,1.895634,0.790509,0.091821
2,2017060420,-0.012022,-0.011202,-0.260374,-0.963519,-0.253872,-0.962525,0.043280,0.033539,0.000000,0.000000,0.077273,0.049601,0.024826,0.018398
3,2017060422,0.327007,0.784380,0.182662,-0.213146,0.259530,-0.213120,1.525080,0.970165,0.000000,0.000000,14.854527,10.008009,0.624207,0.360481
4,2017060419,-0.015588,    nan,-0.009271,-17.012392,0.000000,-16.695799,0.145200,0.018512,0.000000,0.000000,0.665783,0.037305,0.087525,0.010812
