{"mae_sispi_gpm": 0.001789072426937738, "r2_sispi_gpm": 0.0382345567028749, "corrcoef_rna_gpm": [1.0, -0.3816292470147538, -0.38162924701475387, 1.0], "r2_rna_gpm": -422.0430357274034, "med_ae_rna_gpm": 0.382, "evs_sispi_gpm": 0.04270648971252944, "mae_rna_gpm": 0.37856925031766203, "med_ae_sispi_gpm": 0.0, "mse_sispi_gpm": 0.0003267141041931385, "corrcoef_sispi_gpm": [0.9999999999999999, 0.20708859143467773, 0.20708859143467773, 1.0], "evs_rna_gpm": -0.5678215004721647, "mse_rna_gpm": 0.1437087674714104, "msle_rna_gpm": 0.10314559508284929, "msle_sispi_gpm": 0.0002457247718611219}