{"mae_rna_gpm": 0.07708375634517768, "evs_rna_gpm": 5.7433617361435374e-05, "evs_sispi_gpm": -0.005876317691719146, "mse_sispi_gpm": 0.013666172588832487, "med_ae_sispi_gpm": 0.0, "med_ae_rna_gpm": 0.07, "msle_sispi_gpm": 0.004611281584402039, "mae_sispi_gpm": 0.009208121827411167, "msle_rna_gpm": 0.008417820554474705, "corrcoef_rna_gpm": [1.0, 0.008975988828256612, 0.008975988828256612, 1.0], "mse_rna_gpm": 0.017305758883248732, "r2_rna_gpm": -0.27901587245513926, "r2_sispi_gpm": -0.010025146816722064, "corrcoef_sispi_gpm": [1.0, -0.007627744616977156, -0.007627744616977155, 1.0]}