{"mae_sispi_gpm": 0.006791878172588833, "r2_sispi_gpm": -23.406878950455067, "corrcoef_rna_gpm": [1.0, -0.014060895070875733, -0.014060895070875733, 1.0], "r2_rna_gpm": -1770.4148515389145, "med_ae_rna_gpm": 0.456, "evs_sispi_gpm": -23.18178196746239, "mae_rna_gpm": 0.45803045685279203, "med_ae_sispi_gpm": 0.0, "mse_sispi_gpm": 0.002895380710659899, "corrcoef_sispi_gpm": [1.0, -0.008517934729095096, -0.008517934729095098, 1.0], "evs_rna_gpm": -1.954671256977781, "mse_rna_gpm": 0.21014241116751275, "msle_rna_gpm": 0.14220818684738454, "msle_sispi_gpm": 0.0018379197395735356}