{"mae_sispi_gpm": 0.33525794155019056, "r2_sispi_gpm": -0.4603578117122855, "corrcoef_rna_gpm": [1.0, 0.07397253956128912, 0.07397253956128912, 1.0], "r2_rna_gpm": -5.5126181017150255, "med_ae_rna_gpm": 2.805, "evs_sispi_gpm": -0.45577593088224044, "mae_rna_gpm": 2.787143583227446, "med_ae_sispi_gpm": 0.0, "mse_sispi_gpm": 1.9314199898348159, "corrcoef_sispi_gpm": [1.0, 0.23273121418401943, 0.23273121418401943, 1.0], "evs_rna_gpm": -0.3884455789835686, "mse_rna_gpm": 8.613369057179161, "msle_rna_gpm": 1.6795045394029091, "msle_sispi_gpm": 0.1690803931630083}