{"mae_rna_gpm": 2.787143583227446, "evs_rna_gpm": -0.3884455789835686, "evs_sispi_gpm": -0.45577593088224044, "mse_sispi_gpm": 1.9314199898348159, "med_ae_sispi_gpm": 0.0, "med_ae_rna_gpm": 2.805, "msle_sispi_gpm": 0.1690803931630083, "mae_sispi_gpm": 0.33525794155019056, "msle_rna_gpm": 1.6795045394029091, "corrcoef_rna_gpm": [1.0, 0.07397253956128912, 0.07397253956128912, 1.0], "mse_rna_gpm": 8.613369057179161, "r2_rna_gpm": -5.5126181017150255, "r2_sispi_gpm": -0.4603578117122855, "corrcoef_sispi_gpm": [1.0, 0.23273121418401943, 0.23273121418401943, 1.0]}