{"mae_sispi_gpm": 0.6286886912325286, "r2_sispi_gpm": -0.061982058666678164, "corrcoef_rna_gpm": [0.9999999999999998, 0.03135291895164752, 0.03135291895164752, 1.0], "r2_rna_gpm": -0.0038151752563144736, "med_ae_rna_gpm": 0.286, "evs_sispi_gpm": -0.049426887591329516, "mae_rna_gpm": 0.7934866581956798, "med_ae_sispi_gpm": 0.0, "mse_sispi_gpm": 16.467572688691234, "corrcoef_sispi_gpm": [1.0, 0.030486036658503614, 0.03048603665850361, 1.0], "evs_rna_gpm": -0.0003166741940601181, "mse_rna_gpm": 15.565610764930115, "msle_rna_gpm": 0.25976884122525384, "msle_sispi_gpm": 0.28375381802645905}