{"mae_rna_gpm": 0.585445997458704, "evs_rna_gpm": 0.008704541803455923, "evs_sispi_gpm": -0.10660746882418537, "mse_sispi_gpm": 5.138342238881829, "med_ae_sispi_gpm": 0.0, "med_ae_rna_gpm": 0.264, "msle_sispi_gpm": 0.1919503954434069, "mae_sispi_gpm": 0.41919440914866574, "msle_rna_gpm": 0.19099045603003403, "corrcoef_rna_gpm": [1.0, 0.10518634118426416, 0.10518634118426415, 1.0], "mse_rna_gpm": 4.539792500635324, "r2_rna_gpm": 0.007665195229666355, "r2_sispi_gpm": -0.1231693610997382, "corrcoef_sispi_gpm": [1.0, 0.10718858400594437, 0.10718858400594437, 1.0]}