{"mae_rna_gpm": 1.2462986022871665, "evs_rna_gpm": -0.0027887487401798694, "evs_sispi_gpm": -0.0006942850003093248, "mse_sispi_gpm": 4.293915273189327, "med_ae_sispi_gpm": 0.0, "med_ae_rna_gpm": 1.103, "msle_sispi_gpm": 0.08979415153670318, "mae_sispi_gpm": 0.20007623888182974, "msle_rna_gpm": 0.5814080999181225, "corrcoef_rna_gpm": [1.0, -0.09027881653165973, -0.09027881653165973, 0.9999999999999998], "mse_rna_gpm": 5.0885296531130875, "r2_rna_gpm": -0.1948771330544754, "r2_sispi_gpm": -0.008287564575436779, "corrcoef_sispi_gpm": [0.9999999999999998, 0.03434950690756995, 0.03434950690756995, 0.9999999999999998]}