{"mae_rna_gpm": 0.43150761421319805, "evs_rna_gpm": -0.03145854601533582, "evs_sispi_gpm": -23.18178196746239, "mse_sispi_gpm": 0.002895380710659899, "med_ae_sispi_gpm": 0.0, "med_ae_rna_gpm": 0.432, "msle_sispi_gpm": 0.0018379197395735356, "mae_sispi_gpm": 0.006791878172588833, "msle_rna_gpm": 0.12865226196457719, "corrcoef_rna_gpm": [0.9999999999999999, -0.013304946357333633, -0.013304946357333633, 1.0], "mse_rna_gpm": 0.1863211827411167, "r2_rna_gpm": -1569.6116077673285, "r2_sispi_gpm": -23.406878950455067, "corrcoef_sispi_gpm": [1.0, -0.008517934729095096, -0.008517934729095098, 1.0]}