{"mae_sispi_gpm": 0.2739390088945362, "r2_sispi_gpm": -0.34227330479522977, "corrcoef_rna_gpm": [1.0, 0.04920305482873626, 0.04920305482873626, 1.0], "r2_rna_gpm": -1.8338854049420092, "med_ae_rna_gpm": 0.265, "evs_sispi_gpm": -0.32845844465044993, "mae_rna_gpm": 0.5564701397712833, "med_ae_sispi_gpm": 0.0, "mse_sispi_gpm": 1.8609911664548924, "corrcoef_sispi_gpm": [0.9999999999999999, 0.08916964713701087, 0.08916964713701085, 1.0], "evs_rna_gpm": -1.805003884618308, "mse_rna_gpm": 3.929032698856417, "msle_rna_gpm": 0.19239499210527927, "msle_sispi_gpm": 0.14288658686511452}