{"mae_rna_gpm": 0.23289593908629444, "evs_rna_gpm": -1130.3114393868, "evs_sispi_gpm": -1744.442538560614, "mse_sispi_gpm": 0.03610345431472082, "med_ae_sispi_gpm": 0.0, "med_ae_rna_gpm": 0.22, "msle_sispi_gpm": 0.009204495550450942, "mae_sispi_gpm": 0.018093908629441623, "msle_rna_gpm": 0.04717368451831247, "corrcoef_rna_gpm": [0.9999999999999998, -0.004349071989252877, -0.004349071989252877, 0.9999999999999998], "mse_rna_gpm": 0.07743941370558374, "r2_rna_gpm": -3775.390797599975, "r2_sispi_gpm": -1759.6118914334188, "corrcoef_sispi_gpm": [1.0, -0.004765375440222016, -0.004765375440222016, 0.9999999999999998]}