{"mae_rna_gpm": 0.7756289707750953, "evs_rna_gpm": 0.0, "evs_sispi_gpm": 0.039813910657991, "mse_sispi_gpm": 0.7022327890724269, "med_ae_sispi_gpm": 0.0, "med_ae_rna_gpm": 0.728, "msle_sispi_gpm": 0.03694316530602025, "mae_sispi_gpm": 0.08157687420584497, "msle_rna_gpm": 0.3120354726878814, "corrcoef_rna_gpm": [0.9999999999999998, 1.349668517343899e-16, 1.349668517343899e-16, 1.0], "mse_rna_gpm": 1.1499827801778906, "r2_rna_gpm": -0.5808630911888446, "r2_sispi_gpm": 0.03465172104970626, "corrcoef_sispi_gpm": [1.0, 0.2067385318173683, 0.20673853181736826, 1.0]}