{"mae_sispi_gpm": 0.3419339263024142, "r2_sispi_gpm": -0.12489951219523943, "corrcoef_rna_gpm": [0.9999999999999998, 0.15729218810632578, 0.15729218810632578, 1.0], "r2_rna_gpm": -0.04130054871760791, "med_ae_rna_gpm": 0.291, "evs_sispi_gpm": -0.11356463581208076, "mae_rna_gpm": 0.5478246505717916, "med_ae_sispi_gpm": 0.0, "mse_sispi_gpm": 2.6538573392630243, "corrcoef_sispi_gpm": [1.0, 0.2315635805872473, 0.2315635805872473, 1.0], "evs_rna_gpm": -0.03922160815256803, "mse_rna_gpm": 2.4566310800508258, "msle_rna_gpm": 0.17357427082653193, "msle_sispi_gpm": 0.15116684809662634}