{"mae_rna_gpm": 0.515423125794155, "evs_rna_gpm": 0.06692902249742971, "evs_sispi_gpm": -0.03305926014205918, "mse_sispi_gpm": 2.3018485641677255, "med_ae_sispi_gpm": 0.0, "med_ae_rna_gpm": 0.266, "msle_sispi_gpm": 0.1596542544765256, "mae_sispi_gpm": 0.3323506988564167, "msle_rna_gpm": 0.16827940680304482, "corrcoef_rna_gpm": [1.0, 0.25961451256672097, 0.25961451256672097, 1.0], "mse_rna_gpm": 2.041020005082592, "r2_rna_gpm": 0.06654125086800233, "r2_sispi_gpm": -0.052748466966809904, "corrcoef_sispi_gpm": [1.0, 0.16979982464162316, 0.16979982464162316, 1.0]}