{"mae_sispi_gpm": 0.015040609137055839, "r2_sispi_gpm": -0.3182828222980405, "corrcoef_rna_gpm": [1.0, -0.012469163843964967, -0.01246916384396497, 0.9999999999999999], "r2_rna_gpm": -3.8737339361412086, "med_ae_rna_gpm": 0.241, "evs_sispi_gpm": -0.3181629775680641, "mae_rna_gpm": 0.24655329949238586, "med_ae_sispi_gpm": 0.0, "mse_sispi_gpm": 0.018575355329949243, "corrcoef_sispi_gpm": [1.0, -0.006437901136219788, -0.006437901136219788, 0.9999999999999999], "evs_rna_gpm": -0.0020480966218872076, "mse_rna_gpm": 0.06867368527918781, "msle_rna_gpm": 0.0492093173337104, "msle_sispi_gpm": 0.006932368266958242}