{"mae_sispi_gpm": 0.20007623888182974, "r2_sispi_gpm": -0.008287564575436779, "corrcoef_rna_gpm": [1.0, -0.03109168187812686, -0.03109168187812686, 0.9999999999999998], "r2_rna_gpm": -0.029128887635592182, "med_ae_rna_gpm": 0.547, "evs_sispi_gpm": -0.0006942850003093248, "mae_rna_gpm": 0.7133735705209656, "med_ae_sispi_gpm": 0.0, "mse_sispi_gpm": 4.293915273189327, "corrcoef_sispi_gpm": [0.9999999999999998, 0.03434950690756995, 0.03434950690756995, 0.9999999999999998], "evs_rna_gpm": -1.2808724577428876e-05, "mse_rna_gpm": 4.382670583227447, "msle_rna_gpm": 0.24518146471854882, "msle_sispi_gpm": 0.08979415153670318}