{"mae_rna_gpm": 0.5037496823379924, "evs_rna_gpm": -0.000176066910208883, "evs_sispi_gpm": 0.0014171608832652671, "mse_sispi_gpm": 3.022579233799238, "med_ae_sispi_gpm": 0.0, "med_ae_rna_gpm": 0.282, "msle_sispi_gpm": 0.15573644570779122, "mae_sispi_gpm": 0.30816137229987295, "msle_rna_gpm": 0.16975471003005152, "corrcoef_rna_gpm": [0.9999999999999999, 0.03197869443659517, 0.03197869443659517, 0.9999999999999999], "mse_rna_gpm": 2.9540347865311305, "r2_rna_gpm": -0.0004923784172217172, "r2_sispi_gpm": -0.023707473035350146, "corrcoef_sispi_gpm": [0.9999999999999999, 0.07401983219018636, 0.07401983219018636, 0.9999999999999999]}