{"mae_sispi_gpm": 0.30816137229987295, "r2_sispi_gpm": -0.023707473035350146, "corrcoef_rna_gpm": [0.9999999999999999, 0.03197869443659517, 0.03197869443659517, 0.9999999999999999], "r2_rna_gpm": -0.0004923784172217172, "med_ae_rna_gpm": 0.282, "evs_sispi_gpm": 0.0014171608832652671, "mae_rna_gpm": 0.5037496823379924, "med_ae_sispi_gpm": 0.0, "mse_sispi_gpm": 3.022579233799238, "corrcoef_sispi_gpm": [0.9999999999999999, 0.07401983219018636, 0.07401983219018636, 0.9999999999999999], "evs_rna_gpm": -0.000176066910208883, "mse_rna_gpm": 2.9540347865311305, "msle_rna_gpm": 0.16975471003005152, "msle_sispi_gpm": 0.15573644570779122}