{"mae_rna_gpm": 0.5762274459974587, "evs_rna_gpm": 0.025383768197311585, "evs_sispi_gpm": -0.17646316889488656, "mse_sispi_gpm": 3.9716223977128338, "med_ae_sispi_gpm": 0.0, "med_ae_rna_gpm": 0.313, "msle_sispi_gpm": 0.16874224317550726, "mae_sispi_gpm": 0.37389453621346885, "msle_rna_gpm": 0.18293375858944885, "corrcoef_rna_gpm": [1.0, 0.17484407083679573, 0.17484407083679573, 1.0], "mse_rna_gpm": 3.259997630241423, "r2_rna_gpm": 0.025309986692999886, "r2_sispi_gpm": -0.1874550618585642, "corrcoef_sispi_gpm": [1.0, 0.2506808922367785, 0.2506808922367785, 1.0]}