{"mae_rna_gpm": 0.46130456852791873, "evs_rna_gpm": -0.18301999692689175, "evs_sispi_gpm": -0.9333431238390371, "mse_sispi_gpm": 0.0015489314720812187, "med_ae_sispi_gpm": 0.0, "med_ae_rna_gpm": 0.463, "msle_sispi_gpm": 0.0010291673442051209, "mae_sispi_gpm": 0.004104060913705584, "msle_rna_gpm": 0.1440325510039891, "corrcoef_rna_gpm": [1.0, 0.00273099826458724, 0.00273099826458724, 0.9999999999999999], "mse_rna_gpm": 0.21329516243654825, "r2_rna_gpm": -265.37164692073725, "r2_sispi_gpm": -0.9343684238894787, "corrcoef_sispi_gpm": [1.0, -0.00520585160741406, -0.00520585160741406, 0.9999999999999999]}