{"mae_sispi_gpm": 0.3546467598475222, "r2_sispi_gpm": -0.5678128063803425, "corrcoef_rna_gpm": [1.0, 0.021973864638472364, 0.021973864638472364, 0.9999999999999999], "r2_rna_gpm": -0.34336770866875166, "med_ae_rna_gpm": 0.466, "evs_sispi_gpm": -0.5523612041361021, "mae_rna_gpm": 0.7181473951715375, "med_ae_sispi_gpm": 0.0, "mse_sispi_gpm": 3.4492447026683606, "corrcoef_sispi_gpm": [0.9999999999999998, 0.05228848366356081, 0.05228848366356081, 0.9999999999999999], "evs_rna_gpm": -0.31063671338311005, "mse_rna_gpm": 2.9554573951715377, "msle_rna_gpm": 0.259575600698331, "msle_sispi_gpm": 0.17315795754820054}