{"mae_rna_gpm": 0.24144670050761413, "evs_rna_gpm": -0.0017686753130574662, "evs_sispi_gpm": -0.3181629775680641, "mse_sispi_gpm": 0.018575355329949243, "med_ae_sispi_gpm": 0.0, "med_ae_rna_gpm": 0.236, "msle_sispi_gpm": 0.006932368266958242, "mae_sispi_gpm": 0.015040609137055839, "msle_rna_gpm": 0.04746349194083094, "corrcoef_rna_gpm": [1.0, -0.010248215589316224, -0.010248215589316222, 0.9999999999999999], "mse_rna_gpm": 0.06628715228426395, "r2_rna_gpm": -3.7043629929655975, "r2_sispi_gpm": -0.3182828222980405, "corrcoef_sispi_gpm": [1.0, -0.006437901136219788, -0.006437901136219788, 0.9999999999999999]}