{"mae_sispi_gpm": 0.0901092757306226, "r2_sispi_gpm": 0.002118012364207944, "corrcoef_rna_gpm": [1.0, 0.13468968036119158, 0.13468968036119158, 1.0], "r2_rna_gpm": -0.14140948588915725, "med_ae_rna_gpm": 0.397, "evs_sispi_gpm": 0.008790052386011826, "mae_rna_gpm": 0.4571003811944092, "med_ae_sispi_gpm": 0.0, "mse_sispi_gpm": 0.6975826861499365, "corrcoef_sispi_gpm": [1.0, 0.09711072433171393, 0.09711072433171394, 1.0], "evs_rna_gpm": 0.0024503847946889534, "mse_rna_gpm": 0.7979174942820837, "msle_rna_gpm": 0.1378491806547297, "msle_sispi_gpm": 0.044319539245402245}