{"mae_sispi_gpm": 0.009208121827411167, "r2_sispi_gpm": -0.010025146816722064, "corrcoef_rna_gpm": [1.0, -0.01097572479134701, -0.01097572479134701, 1.0], "r2_rna_gpm": -10.26544688458035, "med_ae_rna_gpm": 0.381, "evs_sispi_gpm": -0.005876317691719146, "mae_rna_gpm": 0.3846065989847716, "med_ae_sispi_gpm": 0.0, "mse_sispi_gpm": 0.013666172588832487, "corrcoef_sispi_gpm": [1.0, -0.007627744616977156, -0.007627744616977155, 1.0], "evs_rna_gpm": -5.157289841584145e-05, "mse_rna_gpm": 0.15242743401015232, "msle_rna_gpm": 0.10549136798326052, "msle_sispi_gpm": 0.004611281584402039}