{"mae_rna_gpm": 0.427, "evs_rna_gpm": -0.01604635136942112, "evs_sispi_gpm": 0.004123027102818755, "mse_sispi_gpm": 1.3197433634053366, "med_ae_sispi_gpm": 0.0, "med_ae_rna_gpm": 0.242, "msle_sispi_gpm": 0.1198525029331499, "mae_sispi_gpm": 0.24232147395171535, "msle_rna_gpm": 0.1340131956534407, "corrcoef_rna_gpm": [1.0, 0.1494550288535137, 0.1494550288535137, 0.9999999999999998], "mse_rna_gpm": 1.3253446060991108, "r2_rna_gpm": -0.020311541807945588, "r2_sispi_gpm": -0.015999446264925776, "corrcoef_sispi_gpm": [1.0, 0.223906549901274, 0.223906549901274, 0.9999999999999998]}