{"mae_sispi_gpm": 0.3645857687420584, "r2_sispi_gpm": 0.03970086905850023, "corrcoef_rna_gpm": [1.0, 0.3901566411519829, 0.39015664115198284, 1.0], "r2_rna_gpm": 0.13319163612049512, "med_ae_rna_gpm": 0.312, "evs_sispi_gpm": 0.05745878856658515, "mae_rna_gpm": 0.5892261753494282, "med_ae_sispi_gpm": 0.0, "mse_sispi_gpm": 2.432282921219822, "corrcoef_sispi_gpm": [1.0, 0.353409426327607, 0.353409426327607, 1.0], "evs_rna_gpm": 0.13382699580965474, "mse_rna_gpm": 2.1954858767471412, "msle_rna_gpm": 0.18484714926576448, "msle_sispi_gpm": 0.17112753045725798}