{"mae_sispi_gpm": 0.0029491740787801783, "r2_sispi_gpm": -0.02689406443054554, "corrcoef_rna_gpm": [1.0, 0.028244644576008816, 0.028244644576008816, 1.0], "r2_rna_gpm": -163.7279516072072, "med_ae_rna_gpm": 0.347, "evs_sispi_gpm": -0.02090713426107227, "mae_rna_gpm": 0.351843710292249, "med_ae_sispi_gpm": 0.0, "mse_sispi_gpm": 0.0008145171537484115, "corrcoef_sispi_gpm": [1.0, 0.03358157778466294, 0.03358157778466295, 1.0], "evs_rna_gpm": -8.19657662051746, "mse_rna_gpm": 0.13065977001270648, "msle_rna_gpm": 0.09208639879720265, "msle_sispi_gpm": 0.0005719261146479861}