{"mae_sispi_gpm": 0.015040609137055839, "r2_sispi_gpm": -0.3182828222980405, "corrcoef_rna_gpm": [1.0, -0.010446546435848117, -0.010446546435848117, 0.9999999999999999], "r2_rna_gpm": -4.676543459898485, "med_ae_rna_gpm": 0.264, "evs_sispi_gpm": -0.3181629775680641, "mae_rna_gpm": 0.2693730964467006, "med_ae_sispi_gpm": 0.0, "mse_sispi_gpm": 0.018575355329949243, "corrcoef_sispi_gpm": [1.0, -0.006437901136219788, -0.006437901136219788, 0.9999999999999999], "evs_rna_gpm": -0.002866947680761456, "mse_rna_gpm": 0.07998572842639595, "msle_rna_gpm": 0.05733693508271729, "msle_sispi_gpm": 0.006932368266958242}