{"mae_sispi_gpm": 0.0027776365946632782, "r2_sispi_gpm": -35.27700351015589, "corrcoef_rna_gpm": [0.9999999999999998, 0.14435889291314624, 0.14435889291314627, 1.0], "r2_rna_gpm": -6596.466372722089, "med_ae_rna_gpm": 0.337, "evs_sispi_gpm": -35.12853851484161, "mae_rna_gpm": 0.36964421855146135, "med_ae_sispi_gpm": 0.0, "mse_sispi_gpm": 0.0012164853875476494, "corrcoef_sispi_gpm": [1.0, 0.3876939300334721, 0.387693930033472, 1.0], "evs_rna_gpm": -2521.797267409322, "mse_rna_gpm": 0.22123440914866582, "msle_rna_gpm": 0.10490274196405334, "msle_sispi_gpm": 0.000661014177760031}