{"mae_sispi_gpm": 0.3742439644218551, "r2_sispi_gpm": -0.1621749037277127, "corrcoef_rna_gpm": [1.0, 0.04860967378189012, 0.04860967378189012, 1.0], "r2_rna_gpm": -0.3735290131882132, "med_ae_rna_gpm": 0.272, "evs_sispi_gpm": -0.14034767666573655, "mae_rna_gpm": 0.6204523506988565, "med_ae_sispi_gpm": 0.0, "mse_sispi_gpm": 2.876628866581957, "corrcoef_sispi_gpm": [0.9999999999999999, 0.056968712022839756, 0.05696871202283976, 1.0], "evs_rna_gpm": -0.37182615688470055, "mse_rna_gpm": 3.3997750216010165, "msle_rna_gpm": 0.2213418203648263, "msle_sispi_gpm": 0.19268996435119168}