{"mae_rna_gpm": 0.5053883248730964, "evs_rna_gpm": -0.010234006762449122, "evs_sispi_gpm": -0.9333431238390371, "mse_sispi_gpm": 0.0015489314720812187, "med_ae_sispi_gpm": 0.0, "med_ae_rna_gpm": 0.507, "msle_sispi_gpm": 0.0010291673442051209, "mae_sispi_gpm": 0.004104060913705584, "msle_rna_gpm": 0.1674886412318711, "corrcoef_rna_gpm": [1.0, 0.005278434597617587, 0.005278434597617587, 0.9999999999999999], "mse_rna_gpm": 0.2559544340101523, "r2_rna_gpm": -318.64627488554294, "r2_sispi_gpm": -0.9343684238894787, "corrcoef_sispi_gpm": [1.0, -0.00520585160741406, -0.00520585160741406, 0.9999999999999999]}