{"mae_rna_gpm": 0.5402935196950445, "evs_rna_gpm": -0.005681228479939904, "evs_sispi_gpm": -1.9141037782265489, "mse_sispi_gpm": 0.5311989440914867, "med_ae_sispi_gpm": 0.0, "med_ae_rna_gpm": 0.521, "msle_sispi_gpm": 0.022564802884585882, "mae_sispi_gpm": 0.06563786531130876, "msle_rna_gpm": 0.18273236178646116, "corrcoef_rna_gpm": [0.9999999999999998, -0.1375026191470717, -0.13750261914707174, 1.0], "mse_rna_gpm": 0.41588954129606115, "r2_rna_gpm": -1.283352772848826, "r2_sispi_gpm": -1.9164344410917074, "corrcoef_sispi_gpm": [1.0, 0.3897920343215137, 0.3897920343215137, 1.0]}