{"mae_sispi_gpm": 0.002209656925031766, "r2_sispi_gpm": -0.0017058461158767635, "corrcoef_rna_gpm": [1.0, 0.04034840340984675, 0.04034840340984675, 0.9999999999999998], "r2_rna_gpm": -8177.20208366128, "med_ae_rna_gpm": 1.785, "evs_sispi_gpm": 0.003934879248258971, "mae_rna_gpm": 1.7650432020330369, "med_ae_sispi_gpm": 0.0, "mse_sispi_gpm": 0.0003864739517153748, "corrcoef_sispi_gpm": [1.0, 0.09828267023488675, 0.09828267023488675, 0.9999999999999998], "evs_rna_gpm": -102.42279825735899, "mse_rna_gpm": 3.155279655654384, "msle_rna_gpm": 1.0345505027531359, "msle_sispi_gpm": 0.0002994880268348079}