{"mae_rna_gpm": 0.863274459974587, "evs_rna_gpm": -1.7712070778572002, "evs_sispi_gpm": -0.09171825500870834, "mse_sispi_gpm": 1.433743546378653, "med_ae_sispi_gpm": 0.0, "med_ae_rna_gpm": 0.702, "msle_sispi_gpm": 0.14675245890243538, "mae_sispi_gpm": 0.281015247776366, "msle_rna_gpm": 0.3292988035422656, "corrcoef_rna_gpm": [1.0, -0.0042744914111062324, -0.0042744914111062324, 0.9999999999999998], "mse_rna_gpm": 3.7853035209656922, "r2_rna_gpm": -1.9750377617201536, "r2_sispi_gpm": -0.12684258144004268, "corrcoef_sispi_gpm": [1.0, 0.06408825574070492, 0.06408825574070492, 0.9999999999999998]}