{"mae_sispi_gpm": 0.002209656925031766, "r2_sispi_gpm": -0.0017058461158767635, "corrcoef_rna_gpm": [1.0, -0.022867976610416285, -0.022867976610416285, 0.9999999999999998], "r2_rna_gpm": -2022.1086335599846, "med_ae_rna_gpm": 0.63, "evs_sispi_gpm": 0.003934879248258971, "mae_rna_gpm": 0.6346060991105463, "med_ae_sispi_gpm": 0.0, "mse_sispi_gpm": 0.0003864739517153748, "corrcoef_sispi_gpm": [1.0, 0.09828267023488675, 0.09828267023488675, 0.9999999999999998], "evs_rna_gpm": -979.4518638233023, "mse_rna_gpm": 0.780547294790343, "msle_rna_gpm": 0.24387886462359074, "msle_sispi_gpm": 0.0002994880268348079}