{"mae_sispi_gpm": 0.46079161372299876, "r2_sispi_gpm": -0.11785368268215812, "corrcoef_rna_gpm": [1.0, 0.07858327116868956, 0.07858327116868956, 0.9999999999999999], "r2_rna_gpm": -4.953407210890809, "med_ae_rna_gpm": 0.238, "evs_sispi_gpm": -0.09155339726874767, "mae_rna_gpm": 0.8780368487928844, "med_ae_sispi_gpm": 0.0, "mse_sispi_gpm": 4.295683625158832, "corrcoef_sispi_gpm": [1.0, 0.14139806823607878, 0.14139806823607878, 0.9999999999999999], "evs_rna_gpm": -4.949888773630201, "mse_rna_gpm": 22.87772922871665, "msle_rna_gpm": 0.2779797561959781, "msle_sispi_gpm": 0.2331194460677476}