{"mae_sispi_gpm": 0.4950495552731894, "r2_sispi_gpm": -0.37601675621096287, "corrcoef_rna_gpm": [1.0, 0.13606308716240972, 0.13606308716240972, 1.0], "r2_rna_gpm": 0.01198647366586525, "med_ae_rna_gpm": 0.308, "evs_sispi_gpm": -0.35696395460258445, "mae_rna_gpm": 0.6520927573062261, "med_ae_sispi_gpm": 0.0, "mse_sispi_gpm": 5.686632421855147, "corrcoef_sispi_gpm": [0.9999999999999999, 0.14204406292095584, 0.1420440629209558, 1.0], "evs_rna_gpm": 0.014502653359400708, "mse_rna_gpm": 4.083140504447268, "msle_rna_gpm": 0.22288776776221916, "msle_sispi_gpm": 0.22583253236837678}