{"mae_rna_gpm": 0.813012706480305, "evs_rna_gpm": -0.001294520451384562, "evs_sispi_gpm": -0.02792982456209292, "mse_sispi_gpm": 2.404004546378653, "med_ae_sispi_gpm": 0.0, "med_ae_rna_gpm": 0.61, "msle_sispi_gpm": 0.1717555414825285, "mae_sispi_gpm": 0.33825667090216005, "msle_rna_gpm": 0.2980746637968071, "corrcoef_rna_gpm": [1.0, -0.20404833994120133, -0.20404833994120133, 0.9999999999999999], "mse_rna_gpm": 2.3702405273189324, "r2_rna_gpm": -0.037837515687835444, "r2_sispi_gpm": -0.05262148603037886, "corrcoef_sispi_gpm": [1.0, 0.19443556142928473, 0.19443556142928473, 0.9999999999999999]}