{"mae_sispi_gpm": 0.2829707750952986, "r2_sispi_gpm": -0.058366355615659504, "corrcoef_rna_gpm": [0.9999999999999999, 0.13420605610833547, 0.13420605610833547, 1.0], "r2_rna_gpm": 0.0013469962717440609, "med_ae_rna_gpm": 0.26, "evs_sispi_gpm": -0.03566765040516362, "mae_rna_gpm": 0.4797293519695045, "med_ae_sispi_gpm": 0.0, "mse_sispi_gpm": 1.8606164726810672, "corrcoef_sispi_gpm": [1.0, 0.13602771023579735, 0.13602771023579735, 1.0], "evs_rna_gpm": 0.003240373106756511, "mse_rna_gpm": 1.7556399250317665, "msle_rna_gpm": 0.15905993503177526, "msle_sispi_gpm": 0.1382379475582314}