{"mae_rna_gpm": 0.4088094027954256, "evs_rna_gpm": 8.81448649847627e-07, "evs_sispi_gpm": 0.008790052386011826, "mse_sispi_gpm": 0.6975826861499365, "med_ae_sispi_gpm": 0.0, "med_ae_rna_gpm": 0.348, "msle_sispi_gpm": 0.044319539245402245, "mae_sispi_gpm": 0.0901092757306226, "msle_rna_gpm": 0.11695679536966783, "corrcoef_rna_gpm": [1.0, 0.006016578436752249, 0.006016578436752249, 1.0], "mse_rna_gpm": 0.7701780978398982, "r2_rna_gpm": -0.10172867871442826, "r2_sispi_gpm": 0.002118012364207944, "corrcoef_sispi_gpm": [1.0, 0.09711072433171393, 0.09711072433171394, 1.0]}