{"mae_rna_gpm": 8.583397712833545, "evs_rna_gpm": -1947.0379418164039, "evs_sispi_gpm": 0.032673849184786, "mse_sispi_gpm": 0.001300269377382465, "med_ae_sispi_gpm": 0.0, "med_ae_rna_gpm": 8.623, "msle_sispi_gpm": 0.0008402822541387361, "mae_sispi_gpm": 0.0038754764930114356, "msle_rna_gpm": 5.070631060532121, "corrcoef_rna_gpm": [1.0, -0.1631171440536556, -0.1631171440536556, 1.0], "mse_rna_gpm": 76.28111150190598, "r2_rna_gpm": -57012.0343823038, "r2_sispi_gpm": 0.028169605038975476, "corrcoef_sispi_gpm": [1.0, 0.21150478033344516, 0.21150478033344516, 1.0]}