{"mae_sispi_gpm": 0.004104060913705584, "r2_sispi_gpm": -0.9343684238894787, "corrcoef_rna_gpm": [1.0, 0.0045830979332627374, 0.004583097933262738, 0.9999999999999999], "r2_rna_gpm": -125.94657489173736, "med_ae_rna_gpm": 0.32, "evs_sispi_gpm": -0.9333431238390371, "mae_rna_gpm": 0.31848730964467, "med_ae_sispi_gpm": 0.0, "mse_sispi_gpm": 0.0015489314720812187, "corrcoef_sispi_gpm": [1.0, -0.00520585160741406, -0.00520585160741406, 0.9999999999999999], "evs_rna_gpm": -0.23873407232746247, "mse_rna_gpm": 0.10165154822335028, "msle_rna_gpm": 0.07648298015100959, "msle_sispi_gpm": 0.0010291673442051209}