{"mae_sispi_gpm": 0.35503811944091485, "r2_sispi_gpm": -0.08877538521711403, "corrcoef_rna_gpm": [0.9999999999999999, 0.09457369771377235, 0.09457369771377235, 1.0], "r2_rna_gpm": -6.096056508155134, "med_ae_rna_gpm": 0.202, "evs_sispi_gpm": -0.06493382834160188, "mae_rna_gpm": 0.8395844980940279, "med_ae_sispi_gpm": 0.0, "mse_sispi_gpm": 2.5145543443456164, "corrcoef_sispi_gpm": [1.0, 0.19497367474755714, 0.19497367474755717, 1.0], "evs_rna_gpm": -6.065736077843616, "mse_rna_gpm": 16.388522336721728, "msle_rna_gpm": 0.28148530476492967, "msle_sispi_gpm": 0.1828029108577919}