{"mae_rna_gpm": 0.45424619289340107, "evs_rna_gpm": -0.01286956224904734, "evs_sispi_gpm": -0.005876317691719146, "mse_sispi_gpm": 0.013666172588832487, "med_ae_sispi_gpm": 0.0, "med_ae_rna_gpm": 0.453, "msle_sispi_gpm": 0.004611281584402039, "mae_sispi_gpm": 0.009208121827411167, "msle_rna_gpm": 0.13960159133837458, "corrcoef_rna_gpm": [0.9999999999999999, 0.00806362988925837, 0.00806362988925837, 1.0], "mse_rna_gpm": 0.21000538324873097, "r2_rna_gpm": -14.520857553155068, "r2_sispi_gpm": -0.010025146816722064, "corrcoef_sispi_gpm": [1.0, -0.007627744616977156, -0.007627744616977155, 1.0]}