{"mae_sispi_gpm": 0.018093908629441623, "r2_sispi_gpm": -1759.6118914334188, "corrcoef_rna_gpm": [1.0, -0.006944947974778051, -0.006944947974778052, 0.9999999999999998], "r2_rna_gpm": -13874.389069204917, "med_ae_rna_gpm": 0.514, "evs_sispi_gpm": -1744.442538560614, "mae_rna_gpm": 0.5259746192893403, "med_ae_sispi_gpm": 0.0, "mse_sispi_gpm": 0.03610345431472082, "corrcoef_sispi_gpm": [1.0, -0.004765375440222016, -0.004765375440222016, 0.9999999999999998], "evs_rna_gpm": -383.37950177488773, "mse_rna_gpm": 0.284531461928934, "msle_rna_gpm": 0.17970336231711762, "msle_sispi_gpm": 0.009204495550450942}