{"mae_rna_gpm": 0.13468106734434562, "evs_rna_gpm": -796.0101689751217, "evs_sispi_gpm": -35.12853851484161, "mse_sispi_gpm": 0.0012164853875476494, "med_ae_sispi_gpm": 0.0, "med_ae_rna_gpm": 0.129, "msle_sispi_gpm": 0.000661014177760031, "mae_sispi_gpm": 0.0027776365946632782, "msle_rna_gpm": 0.018644275299209607, "corrcoef_rna_gpm": [1.0, 0.25509228596913247, 0.25509228596913247, 1.0], "mse_rna_gpm": 0.04486532147395171, "r2_rna_gpm": -1336.9358611745486, "r2_sispi_gpm": -35.27700351015589, "corrcoef_sispi_gpm": [1.0, 0.3876939300334721, 0.387693930033472, 1.0]}