{"mae_rna_gpm": 0.4395933926302414, "evs_rna_gpm": 7.88857370648266e-07, "evs_sispi_gpm": 0.008790052386011826, "mse_sispi_gpm": 0.6975826861499365, "med_ae_sispi_gpm": 0.0, "med_ae_rna_gpm": 0.38, "msle_sispi_gpm": 0.044319539245402245, "mae_sispi_gpm": 0.0901092757306226, "msle_rna_gpm": 0.1302162154841034, "corrcoef_rna_gpm": [1.0, 0.0019230719845551645, 0.0019230719845551645, 1.0], "mse_rna_gpm": 0.7882716213468871, "r2_rna_gpm": -0.12761120355193278, "r2_sispi_gpm": 0.002118012364207944, "corrcoef_sispi_gpm": [1.0, 0.09711072433171393, 0.09711072433171394, 1.0]}