{"mae_rna_gpm": 0.5292909783989835, "evs_rna_gpm": -0.6495907494773514, "evs_sispi_gpm": -0.23535773017946937, "mse_sispi_gpm": 2.0468694383735704, "med_ae_sispi_gpm": 0.0, "med_ae_rna_gpm": 0.274, "msle_sispi_gpm": 0.16460709697145098, "mae_sispi_gpm": 0.3103710292249047, "msle_rna_gpm": 0.1660490446914933, "corrcoef_rna_gpm": [0.9999999999999998, 0.20137209820933655, 0.20137209820933658, 1.0], "mse_rna_gpm": 2.7174183659466324, "r2_rna_gpm": -0.6570086030457749, "r2_sispi_gpm": -0.24812590920830213, "corrcoef_sispi_gpm": [0.9999999999999999, 0.2099261265321105, 0.2099261265321105, 1.0]}