{"mae_sispi_gpm": 0.38745997458703946, "r2_sispi_gpm": -0.8456272220789303, "corrcoef_rna_gpm": [1.0, -0.20316503252837614, -0.20316503252837614, 1.0], "r2_rna_gpm": -0.021568857458751367, "med_ae_rna_gpm": 0.27, "evs_sispi_gpm": -0.8403420519780556, "mae_rna_gpm": 0.4873621346886912, "med_ae_sispi_gpm": 0.0, "mse_sispi_gpm": 3.5307971423125797, "corrcoef_sispi_gpm": [1.0, 0.11854138650906003, 0.11854138650906004, 1.0], "evs_rna_gpm": -0.021238592763275443, "mse_rna_gpm": 1.954323364675985, "msle_rna_gpm": 0.17629972859513174, "msle_sispi_gpm": 0.17787300343822984}