{"mae_sispi_gpm": 0.0029491740787801783, "r2_sispi_gpm": -0.02689406443054554, "corrcoef_rna_gpm": [1.0, 0.06901361908436034, 0.06901361908436035, 1.0], "r2_rna_gpm": -315.4420376105478, "med_ae_rna_gpm": 0.475, "evs_sispi_gpm": -0.02090713426107227, "mae_rna_gpm": 0.48843074968233796, "med_ae_sispi_gpm": 0.0, "mse_sispi_gpm": 0.0008145171537484115, "corrcoef_sispi_gpm": [1.0, 0.03358157778466294, 0.03358157778466295, 1.0], "evs_rna_gpm": -15.02462592019263, "mse_rna_gpm": 0.2509971346886912, "msle_rna_gpm": 0.1598537683081139, "msle_sispi_gpm": 0.0005719261146479861}