{"mae_rna_gpm": 0.10210419313850062, "evs_rna_gpm": -3.8181859144587227, "evs_sispi_gpm": 0.032673849184786, "mse_sispi_gpm": 0.001300269377382465, "med_ae_sispi_gpm": 0.0, "med_ae_rna_gpm": 0.091, "msle_sispi_gpm": 0.0008402822541387361, "mae_sispi_gpm": 0.0038754764930114356, "msle_rna_gpm": 0.011620017956715129, "corrcoef_rna_gpm": [1.0, 0.2330036840802196, 0.23300368408021957, 1.0], "mse_rna_gpm": 0.016392226175349425, "r2_rna_gpm": -11.25166409005912, "r2_sispi_gpm": 0.028169605038975476, "corrcoef_sispi_gpm": [1.0, 0.21150478033344516, 0.21150478033344516, 1.0]}