{"mae_sispi_gpm": 0.08157687420584497, "r2_sispi_gpm": 0.03465172104970626, "corrcoef_rna_gpm": [0.9999999999999998, -0.3645305033834895, -0.3645305033834895, 1.0], "r2_rna_gpm": -0.06427882933633322, "med_ae_rna_gpm": 0.294, "evs_sispi_gpm": 0.039813910657991, "mae_rna_gpm": 0.35447141041931385, "med_ae_sispi_gpm": 0.0, "mse_sispi_gpm": 0.7022327890724269, "corrcoef_sispi_gpm": [1.0, 0.2067385318173683, 0.20673853181736826, 1.0], "evs_rna_gpm": -0.00013779300590766042, "mse_rna_gpm": 0.7741988119440915, "msle_rna_gpm": 0.0948543847276832, "msle_sispi_gpm": 0.03694316530602025}