{"mae_rna_gpm": 0.5797039390088945, "evs_rna_gpm": -0.00953890977276517, "evs_sispi_gpm": -0.15694092179078534, "mse_sispi_gpm": 2.5520172223634057, "med_ae_sispi_gpm": 0.0, "med_ae_rna_gpm": 0.339, "msle_sispi_gpm": 0.18103081967462456, "mae_sispi_gpm": 0.3580838627700127, "msle_rna_gpm": 0.19823042761823742, "corrcoef_rna_gpm": [1.0, 0.02305187457158378, 0.02305187457158378, 1.0], "mse_rna_gpm": 2.196231543837357, "r2_rna_gpm": -0.011724544024699357, "r2_sispi_gpm": -0.17562215508821732, "corrcoef_sispi_gpm": [1.0, 0.06877642563812436, 0.06877642563812436, 1.0]}