{"mae_rna_gpm": 0.7653735705209656, "evs_rna_gpm": -4.1311516410862374, "evs_sispi_gpm": -0.1394270803272628, "mse_sispi_gpm": 2.3480168233799237, "med_ae_sispi_gpm": 0.0, "med_ae_rna_gpm": 0.354, "msle_sispi_gpm": 0.18897257918369817, "mae_sispi_gpm": 0.36243456162642945, "msle_rna_gpm": 0.2537223995373325, "corrcoef_rna_gpm": [1.0, 0.005136370208002391, 0.005136370208002391, 1.0], "mse_rna_gpm": 10.378426669631509, "r2_rna_gpm": -4.155129136022961, "r2_sispi_gpm": -0.1662971973870193, "corrcoef_sispi_gpm": [1.0, 0.07390418924259519, 0.07390418924259519, 1.0]}