{"mae_sispi_gpm": 0.0038754764930114356, "r2_sispi_gpm": 0.028169605038975476, "corrcoef_rna_gpm": [0.9999999999999999, 0.23359056763958977, 0.23359056763958977, 1.0], "r2_rna_gpm": -9.079539888397353, "med_ae_rna_gpm": 0.104, "evs_sispi_gpm": 0.032673849184786, "mae_rna_gpm": 0.10662007623888184, "med_ae_sispi_gpm": 0.0, "mse_sispi_gpm": 0.001300269377382465, "corrcoef_sispi_gpm": [1.0, 0.21150478033344516, 0.21150478033344516, 1.0], "evs_rna_gpm": -1.1062200711366725, "mse_rna_gpm": 0.013486012706480302, "msle_rna_gpm": 0.011010793056570071, "msle_sispi_gpm": 0.0008402822541387361}