{"mae_rna_gpm": 0.7102299872935197, "evs_rna_gpm": -0.02657770957738048, "evs_sispi_gpm": -0.05543297445970907, "mse_sispi_gpm": 3.1045531537484115, "med_ae_sispi_gpm": 0.0, "med_ae_rna_gpm": 0.513, "msle_sispi_gpm": 0.16542929135238613, "mae_sispi_gpm": 0.33936975857687424, "msle_rna_gpm": 0.2567930208386479, "corrcoef_rna_gpm": [0.9999999999999998, -0.13457116500486738, -0.13457116500486738, 1.0], "mse_rna_gpm": 3.0216468297331636, "r2_rna_gpm": -0.038220561504789474, "r2_sispi_gpm": -0.06670670006487067, "corrcoef_sispi_gpm": [1.0, 0.27537885464910533, 0.2753788546491054, 1.0]}