{"mae_sispi_gpm": 0.06563786531130876, "r2_sispi_gpm": -1.9164344410917074, "corrcoef_rna_gpm": [1.0, -0.032591774187841156, -0.03259177418784116, 1.0], "r2_rna_gpm": -0.3541054216542212, "med_ae_rna_gpm": 0.29, "evs_sispi_gpm": -1.9141037782265489, "mae_rna_gpm": 0.31655908513341807, "med_ae_sispi_gpm": 0.0, "mse_sispi_gpm": 0.5311989440914867, "corrcoef_sispi_gpm": [1.0, 0.3897920343215137, 0.3897920343215137, 1.0], "evs_rna_gpm": -0.005281472654441455, "mse_rna_gpm": 0.24663656416772556, "msle_rna_gpm": 0.07804752072308972, "msle_sispi_gpm": 0.022564802884585882}