{"mae_rna_gpm": 0.41049047013977125, "evs_rna_gpm": -0.09548788729459723, "evs_sispi_gpm": 0.032673849184786, "mse_sispi_gpm": 0.001300269377382465, "med_ae_sispi_gpm": 0.0, "med_ae_rna_gpm": 0.412, "msle_sispi_gpm": 0.0008402822541387361, "mae_sispi_gpm": 0.0038754764930114356, "msle_rna_gpm": 0.11830588689007193, "corrcoef_rna_gpm": [1.0, 0.10825476488673277, 0.10825476488673279, 1.0], "mse_rna_gpm": 0.16913255400254124, "r2_rna_gpm": -125.41084964097307, "r2_sispi_gpm": 0.028169605038975476, "corrcoef_sispi_gpm": [1.0, 0.21150478033344516, 0.21150478033344516, 1.0]}