{"mae_rna_gpm": 0.22760609911054636, "evs_rna_gpm": -107.86215377510275, "evs_sispi_gpm": -35.12853851484161, "mse_sispi_gpm": 0.0012164853875476494, "med_ae_sispi_gpm": 0.0, "med_ae_rna_gpm": 0.227, "msle_sispi_gpm": 0.000661014177760031, "mae_sispi_gpm": 0.0027776365946632782, "msle_rna_gpm": 0.04281607042919221, "corrcoef_rna_gpm": [0.9999999999999999, 0.31582104522027543, 0.31582104522027543, 1.0], "mse_rna_gpm": 0.05545503684879289, "r2_rna_gpm": -1652.7334414472648, "r2_sispi_gpm": -35.27700351015589, "corrcoef_sispi_gpm": [1.0, 0.3876939300334721, 0.387693930033472, 1.0]}