{"mae_sispi_gpm": 0.0029491740787801783, "r2_sispi_gpm": -0.02689406443054554, "corrcoef_rna_gpm": [1.0, 0.05718334911064182, 0.057183349110641817, 1.0], "r2_rna_gpm": -162.82616712921066, "med_ae_rna_gpm": 0.362, "evs_sispi_gpm": -0.02090713426107227, "mae_rna_gpm": 0.35994917407878024, "med_ae_sispi_gpm": 0.0, "mse_sispi_gpm": 0.0008145171537484115, "corrcoef_sispi_gpm": [1.0, 0.03358157778466294, 0.03358157778466295, 1.0], "evs_rna_gpm": 0.0010089434515357931, "mse_rna_gpm": 0.12994448792884367, "msle_rna_gpm": 0.09457860150977217, "msle_sispi_gpm": 0.0005719261146479861}