{"mae_rna_gpm": 0.646966963151207, "evs_rna_gpm": 0.038322825271117966, "evs_sispi_gpm": -0.3235369485704722, "mse_sispi_gpm": 6.506576552731892, "med_ae_sispi_gpm": 0.0, "med_ae_rna_gpm": 0.273, "msle_sispi_gpm": 0.2464464042748614, "mae_sispi_gpm": 0.5412693773824651, "msle_rna_gpm": 0.2199323996677139, "corrcoef_rna_gpm": [1.0, 0.19949171640599705, 0.19949171640599705, 0.9999999999999998], "mse_rna_gpm": 4.692623149936466, "r2_rna_gpm": 0.035530200687362234, "r2_sispi_gpm": -0.3372896952338067, "corrcoef_sispi_gpm": [0.9999999999999999, 0.12750919569921068, 0.12750919569921068, 0.9999999999999998]}