{"mae_rna_gpm": 0.43223096446700504, "evs_rna_gpm": -0.0012811420751976943, "evs_sispi_gpm": -23.18178196746239, "mse_sispi_gpm": 0.002895380710659899, "med_ae_sispi_gpm": 0.0, "med_ae_rna_gpm": 0.433, "msle_sispi_gpm": 0.0018379197395735356, "mae_sispi_gpm": 0.006791878172588833, "msle_rna_gpm": 0.1290133025960926, "corrcoef_rna_gpm": [1.0, -0.01124299298276378, -0.01124299298276378, 1.0], "mse_rna_gpm": 0.18694238832487303, "r2_rna_gpm": -1574.848117574231, "r2_sispi_gpm": -23.406878950455067, "corrcoef_sispi_gpm": [1.0, -0.008517934729095096, -0.008517934729095098, 1.0]}