{"mae_sispi_gpm": 0.006791878172588833, "r2_sispi_gpm": -23.406878950455067, "corrcoef_rna_gpm": [1.0, -0.01124299298276378, -0.01124299298276378, 1.0], "r2_rna_gpm": -1574.848117574231, "med_ae_rna_gpm": 0.433, "evs_sispi_gpm": -23.18178196746239, "mae_rna_gpm": 0.43223096446700504, "med_ae_sispi_gpm": 0.0, "mse_sispi_gpm": 0.002895380710659899, "corrcoef_sispi_gpm": [1.0, -0.008517934729095096, -0.008517934729095098, 1.0], "evs_rna_gpm": -0.0012811420751976943, "mse_rna_gpm": 0.18694238832487303, "msle_rna_gpm": 0.1290133025960926, "msle_sispi_gpm": 0.0018379197395735356}