{"mae_sispi_gpm": 0.20007623888182974, "r2_sispi_gpm": -0.008287564575436779, "corrcoef_rna_gpm": [1.0, -0.014524865328877697, -0.014524865328877696, 0.9999999999999998], "r2_rna_gpm": -0.11984703166619792, "med_ae_rna_gpm": 0.908, "evs_sispi_gpm": -0.0006942850003093248, "mae_rna_gpm": 1.0609440914866581, "med_ae_sispi_gpm": 0.0, "mse_sispi_gpm": 4.293915273189327, "corrcoef_sispi_gpm": [0.9999999999999998, 0.03434950690756995, 0.03434950690756995, 0.9999999999999998], "evs_rna_gpm": -0.0005223122010571402, "mse_rna_gpm": 4.769004837357052, "msle_rna_gpm": 0.45522925958356864, "msle_sispi_gpm": 0.08979415153670318}