{"mae_sispi_gpm": 0.16637738246505718, "r2_sispi_gpm": 0.03593911974423458, "corrcoef_rna_gpm": [1.0, -0.06374750043161853, -0.06374750043161852, 0.9999999999999999], "r2_rna_gpm": -0.16038097257394712, "med_ae_rna_gpm": 0.793, "evs_sispi_gpm": 0.04106653776467273, "mae_rna_gpm": 0.9137827191867852, "med_ae_sispi_gpm": 0.0, "mse_sispi_gpm": 2.477680405336721, "corrcoef_sispi_gpm": [1.0, 0.21154063995364414, 0.2115406399536441, 0.9999999999999999], "evs_rna_gpm": -0.002536052148159218, "mse_rna_gpm": 2.9822319911054627, "msle_rna_gpm": 0.37626551898945393, "msle_sispi_gpm": 0.0634195226510932}