{"mae_sispi_gpm": 0.37994027954256676, "r2_sispi_gpm": -0.32611492469171854, "corrcoef_rna_gpm": [1.0, -0.07060755241541078, -0.07060755241541077, 1.0], "r2_rna_gpm": -0.0603365017294788, "med_ae_rna_gpm": 0.647, "evs_sispi_gpm": -0.3199401462700062, "mae_rna_gpm": 0.8080889453621348, "med_ae_sispi_gpm": 0.0, "mse_sispi_gpm": 3.942254893265565, "corrcoef_sispi_gpm": [1.0, 0.07584667693810868, 0.07584667693810868, 1.0], "evs_rna_gpm": -0.02374480007758617, "mse_rna_gpm": 3.1521527166454892, "msle_rna_gpm": 0.30605601298226054, "msle_sispi_gpm": 0.18404429535675557}