{"mae_rna_gpm": 0.4528959390862945, "evs_rna_gpm": -4.9220993332488305e-05, "evs_sispi_gpm": -0.005876317691719146, "mse_sispi_gpm": 0.013666172588832487, "med_ae_sispi_gpm": 0.0, "med_ae_rna_gpm": 0.45, "msle_sispi_gpm": 0.004611281584402039, "mae_sispi_gpm": 0.009208121827411167, "msle_rna_gpm": 0.13884665453290557, "corrcoef_rna_gpm": [1.0, -0.004484552743863465, -0.004484552743863465, 1.0], "mse_rna_gpm": 0.20861035279187826, "r2_rna_gpm": -14.417755105645526, "r2_sispi_gpm": -0.010025146816722064, "corrcoef_sispi_gpm": [1.0, -0.007627744616977156, -0.007627744616977155, 1.0]}