{"mae_rna_gpm": 0.41310927573062256, "evs_rna_gpm": 0.010335707085058266, "evs_sispi_gpm": -0.13099956562783954, "mse_sispi_gpm": 1.2600155921219822, "med_ae_sispi_gpm": 0.0, "med_ae_rna_gpm": 0.248, "msle_sispi_gpm": 0.11831581033789404, "mae_sispi_gpm": 0.24688818297331638, "msle_rna_gpm": 0.12636412987295959, "corrcoef_rna_gpm": [1.0, 0.16979366662486234, 0.16979366662486237, 0.9999999999999998], "mse_rna_gpm": 1.0941463621346885, "r2_rna_gpm": 0.0030397545614208044, "r2_sispi_gpm": -0.14809635845019864, "corrcoef_sispi_gpm": [1.0, 0.15669973995925413, 0.15669973995925413, 0.9999999999999998]}