{"mae_rna_gpm": 0.4863316391359593, "evs_rna_gpm": -4.590260761760945e-05, "evs_sispi_gpm": 0.04106653776467273, "mse_sispi_gpm": 2.477680405336721, "med_ae_sispi_gpm": 0.0, "med_ae_rna_gpm": 0.351, "msle_sispi_gpm": 0.0634195226510932, "mae_sispi_gpm": 0.16637738246505718, "msle_rna_gpm": 0.14531157596083416, "corrcoef_rna_gpm": [0.9999999999999999, -0.19857577658579578, -0.19857577658579575, 0.9999999999999999], "mse_rna_gpm": 2.608543200762388, "r2_rna_gpm": -0.014979352823519143, "r2_sispi_gpm": 0.03593911974423458, "corrcoef_sispi_gpm": [1.0, 0.21154063995364414, 0.2115406399536441, 0.9999999999999999]}