{"mae_rna_gpm": 0.5372541296060992, "evs_rna_gpm": -0.02803400266869338, "evs_sispi_gpm": -0.29859872648000585, "mse_sispi_gpm": 2.444647447268107, "med_ae_sispi_gpm": 0.0, "med_ae_rna_gpm": 0.327, "msle_sispi_gpm": 0.1745131357799829, "mae_sispi_gpm": 0.33636975857687423, "msle_rna_gpm": 0.1794003378845007, "corrcoef_rna_gpm": [1.0, 0.0036383745953284304, 0.0036383745953284304, 1.0], "mse_rna_gpm": 1.9167389263024142, "r2_rna_gpm": -0.03218100533200641, "r2_sispi_gpm": -0.31646445177135196, "corrcoef_sispi_gpm": [1.0, 0.008990584064764861, 0.008990584064764861, 1.0]}