{"mae_rna_gpm": 0.6563748411689962, "evs_rna_gpm": -0.03563936638548082, "evs_sispi_gpm": -0.13527589488778236, "mse_sispi_gpm": 3.816592758576874, "med_ae_sispi_gpm": 0.0, "med_ae_rna_gpm": 0.391, "msle_sispi_gpm": 0.19089362115985956, "mae_sispi_gpm": 0.4083545108005083, "msle_rna_gpm": 0.2470872648217762, "corrcoef_rna_gpm": [0.9999999999999998, -0.1732314200777853, -0.17323142007778533, 1.0], "mse_rna_gpm": 3.449019094027954, "r2_rna_gpm": -0.03590269470630769, "r2_sispi_gpm": -0.14630235885099463, "corrcoef_sispi_gpm": [0.9999999999999999, 0.1261805078909894, 0.12618050789098936, 1.0]}