{"mae_rna_gpm": 1.4314282083862775, "evs_rna_gpm": -3.6944925221329292, "evs_sispi_gpm": -0.02090713426107227, "mse_sispi_gpm": 0.0008145171537484115, "med_ae_sispi_gpm": 0.0, "med_ae_rna_gpm": 1.431, "msle_sispi_gpm": 0.0005719261146479861, "mae_sispi_gpm": 0.0029491740787801783, "msle_rna_gpm": 0.7877297253498625, "corrcoef_rna_gpm": [1.0, 0.03215461056528277, 0.03215461056528277, 1.0], "mse_rna_gpm": 2.0527103176620076, "r2_rna_gpm": -2586.933270038349, "r2_sispi_gpm": -0.02689406443054554, "corrcoef_sispi_gpm": [1.0, 0.03358157778466294, 0.03358157778466295, 1.0]}