{"mae_rna_gpm": 0.5836327827191867, "evs_rna_gpm": -10.680037533725818, "evs_sispi_gpm": -0.9702369588625577, "mse_sispi_gpm": 1.812479160101652, "med_ae_sispi_gpm": 0.0, "med_ae_rna_gpm": 0.272, "msle_sispi_gpm": 0.152310122251223, "mae_sispi_gpm": 0.29298221092757304, "msle_rna_gpm": 0.18110653194091186, "corrcoef_rna_gpm": [1.0, -0.0077274131272832515, -0.0077274131272832515, 1.0], "mse_rna_gpm": 10.755329950444729, "r2_rna_gpm": -10.736194135295682, "r2_sispi_gpm": -0.9777735678161206, "corrcoef_sispi_gpm": [0.9999999999999998, 0.07857992704764057, 0.07857992704764057, 1.0]}