{"mae_sispi_gpm": 0.0029491740787801783, "r2_sispi_gpm": -0.02689406443054554, "corrcoef_rna_gpm": [1.0, -0.028721128608520153, -0.028721128608520153, 1.0], "r2_rna_gpm": -164.10141729128304, "med_ae_rna_gpm": 0.364, "evs_sispi_gpm": -0.02090713426107227, "mae_rna_gpm": 0.3612757306226175, "med_ae_sispi_gpm": 0.0, "mse_sispi_gpm": 0.0008145171537484115, "corrcoef_sispi_gpm": [1.0, 0.03358157778466294, 0.03358157778466295, 1.0], "evs_rna_gpm": -0.0653239813605393, "mse_rna_gpm": 0.1309559974587039, "msle_rna_gpm": 0.09520393870241638, "msle_sispi_gpm": 0.0005719261146479861}