{"mae_sispi_gpm": 0.24266073697585766, "r2_sispi_gpm": 0.011872384578275774, "corrcoef_rna_gpm": [1.0, 0.05588337085289945, 0.05588337085289945, 0.9999999999999998], "r2_rna_gpm": -0.00036449843845010044, "med_ae_rna_gpm": 0.283, "evs_sispi_gpm": 0.040649028213656124, "mae_rna_gpm": 0.44394536213468866, "med_ae_sispi_gpm": 0.0, "mse_sispi_gpm": 1.4299291359593391, "corrcoef_sispi_gpm": [1.0, 0.2021532840703394, 0.2021532840703394, 0.9999999999999998], "evs_rna_gpm": 0.001720083932210903, "mse_rna_gpm": 1.447637249047014, "msle_rna_gpm": 0.13923911353697027, "msle_sispi_gpm": 0.12371642101689782}