{"mae_sispi_gpm": 0.0901092757306226, "r2_sispi_gpm": 0.002118012364207944, "corrcoef_rna_gpm": [0.9999999999999999, 0.08616117747877763, 0.08616117747877762, 1.0], "r2_rna_gpm": -0.07284125801178565, "med_ae_rna_gpm": 0.307, "evs_sispi_gpm": 0.008790052386011826, "mae_rna_gpm": 0.369418043202033, "med_ae_sispi_gpm": 0.0, "mse_sispi_gpm": 0.6975826861499365, "corrcoef_sispi_gpm": [1.0, 0.09711072433171393, 0.09711072433171394, 1.0], "evs_rna_gpm": 2.189772887173369e-05, "mse_rna_gpm": 0.7499839618805592, "msle_rna_gpm": 0.10118318681235483, "msle_sispi_gpm": 0.044319539245402245}