{"mae_rna_gpm": 0.3902233502538072, "evs_rna_gpm": -0.44147896836615974, "evs_sispi_gpm": -1744.442538560614, "mse_sispi_gpm": 0.03610345431472082, "med_ae_sispi_gpm": 0.0, "med_ae_rna_gpm": 0.39, "msle_sispi_gpm": 0.009204495550450942, "mae_sispi_gpm": 0.018093908629441623, "msle_rna_gpm": 0.10853289086831241, "corrcoef_rna_gpm": [1.0, -0.007661924262460811, -0.007661924262460812, 0.9999999999999998], "mse_rna_gpm": 0.15230382233502535, "r2_rna_gpm": -7426.209551094776, "r2_sispi_gpm": -1759.6118914334188, "corrcoef_sispi_gpm": [1.0, -0.004765375440222016, -0.004765375440222016, 0.9999999999999998]}