{"mae_rna_gpm": 0.4450432020330369, "evs_rna_gpm": -7.806268707000186e-07, "evs_sispi_gpm": -0.4753403763542341, "mse_sispi_gpm": 2.5304971092757307, "med_ae_sispi_gpm": 0.0, "med_ae_rna_gpm": 0.243, "msle_sispi_gpm": 0.16292376406438733, "mae_sispi_gpm": 0.31611562897077505, "msle_rna_gpm": 0.15008397495336914, "corrcoef_rna_gpm": [1.0, -0.010065858927072785, -0.010065858927072785, 1.0], "mse_rna_gpm": 1.6926322960609914, "r2_rna_gpm": -0.00016020436203789679, "r2_sispi_gpm": -0.4952464937840013, "corrcoef_sispi_gpm": [0.9999999999999999, 0.032099251368534996, 0.032099251368534996, 1.0]}