{"mae_sispi_gpm": 0.3775324015247776, "r2_sispi_gpm": -0.048732155622901674, "corrcoef_rna_gpm": [1.0, 0.045404944891225735, 0.04540494489122573, 1.0], "r2_rna_gpm": -1.5369251421836316, "med_ae_rna_gpm": 0.261, "evs_sispi_gpm": -0.031885156434619644, "mae_rna_gpm": 0.6699720457433292, "med_ae_sispi_gpm": 0.0, "mse_sispi_gpm": 4.355408045743328, "corrcoef_sispi_gpm": [1.0, 0.03492520722006981, 0.034925207220069816, 1.0], "evs_rna_gpm": -1.535329079498112, "mse_rna_gpm": 10.53590672935197, "msle_rna_gpm": 0.20776556883091205, "msle_sispi_gpm": 0.188892561046814}