{"mae_rna_gpm": 0.822576874205845, "evs_rna_gpm": -0.005809036141841473, "evs_sispi_gpm": -0.0018076426869635398, "mse_sispi_gpm": 3.9870031880559087, "med_ae_sispi_gpm": 0.0, "med_ae_rna_gpm": 0.585, "msle_sispi_gpm": 0.1798090169168811, "mae_sispi_gpm": 0.37215374841168997, "msle_rna_gpm": 0.29569904736603136, "corrcoef_rna_gpm": [1.0, -0.044087552136402974, -0.044087552136402974, 0.9999999999999999], "mse_rna_gpm": 3.9580659415501898, "r2_rna_gpm": -0.017708443315662903, "r2_sispi_gpm": -0.025148865110061536, "corrcoef_sispi_gpm": [0.9999999999999998, 0.13173281856360688, 0.1317328185636069, 0.9999999999999999]}