{"mae_rna_gpm": 1.866182973316391, "evs_rna_gpm": -0.25516473385683835, "evs_sispi_gpm": 0.032673849184786, "mse_sispi_gpm": 0.001300269377382465, "med_ae_sispi_gpm": 0.0, "med_ae_rna_gpm": 1.865, "msle_sispi_gpm": 0.0008402822541387361, "mae_sispi_gpm": 0.0038754764930114356, "msle_rna_gpm": 1.105786823303102, "corrcoef_rna_gpm": [1.0, 0.14263815014420891, 0.1426381501442089, 1.0], "mse_rna_gpm": 3.4843182490470155, "r2_rna_gpm": -2603.203743502643, "r2_sispi_gpm": 0.028169605038975476, "corrcoef_sispi_gpm": [1.0, 0.21150478033344516, 0.21150478033344516, 1.0]}