{"mae_rna_gpm": 0.733705209656925, "evs_rna_gpm": -0.007343209622162394, "evs_sispi_gpm": 0.004946190043447318, "mse_sispi_gpm": 5.9460626912325285, "med_ae_sispi_gpm": 0.0, "med_ae_rna_gpm": 0.491, "msle_sispi_gpm": 0.16150554651385457, "mae_sispi_gpm": 0.3696111817026684, "msle_rna_gpm": 0.2500295751420723, "corrcoef_rna_gpm": [1.0, 0.1399363731161662, 0.13993637311616622, 1.0], "mse_rna_gpm": 5.976382439644217, "r2_rna_gpm": -0.011462046156275552, "r2_sispi_gpm": -0.006330635126754025, "corrcoef_sispi_gpm": [1.0, 0.19151167810769792, 0.1915116781076979, 1.0]}