{"mae_rna_gpm": 0.6656963151207116, "evs_rna_gpm": 0.0055734791122529215, "evs_sispi_gpm": -0.056627133763412996, "mse_sispi_gpm": 6.26678340533672, "med_ae_sispi_gpm": 0.0, "med_ae_rna_gpm": 0.341, "msle_sispi_gpm": 0.20013791675034062, "mae_sispi_gpm": 0.47565438373570523, "msle_rna_gpm": 0.21710762346360574, "corrcoef_rna_gpm": [1.0, 0.07584270963583563, 0.07584270963583563, 1.0], "mse_rna_gpm": 5.8356791473951715, "r2_rna_gpm": 0.005071990980330843, "r2_sispi_gpm": -0.06842720083612464, "corrcoef_sispi_gpm": [1.0, 0.18943442805377594, 0.18943442805377592, 1.0]}