{"mae_rna_gpm": 0.2938005082592123, "evs_rna_gpm": -57.655413031243526, "evs_sispi_gpm": -0.02090713426107227, "mse_sispi_gpm": 0.0008145171537484115, "med_ae_sispi_gpm": 0.0, "med_ae_rna_gpm": 0.264, "msle_sispi_gpm": 0.0005719261146479861, "mae_sispi_gpm": 0.0029491740787801783, "msle_rna_gpm": 0.07375752443712023, "corrcoef_rna_gpm": [0.9999999999999999, 0.11215188149380116, 0.11215188149380116, 1.0], "mse_rna_gpm": 0.13211765311308768, "r2_rna_gpm": -165.56596262456318, "r2_sispi_gpm": -0.02689406443054554, "corrcoef_sispi_gpm": [1.0, 0.03358157778466294, 0.03358157778466295, 1.0]}