{"mae_rna_gpm": 0.3272376111817026, "evs_rna_gpm": -4.826364855336217, "evs_sispi_gpm": 0.032673849184786, "mse_sispi_gpm": 0.001300269377382465, "med_ae_sispi_gpm": 0.0, "med_ae_rna_gpm": 0.32, "msle_sispi_gpm": 0.0008402822541387361, "mae_sispi_gpm": 0.0038754764930114356, "msle_rna_gpm": 0.08150120370641148, "corrcoef_rna_gpm": [1.0, 0.31513404274751206, 0.31513404274751206, 1.0], "mse_rna_gpm": 0.11447445235069886, "r2_rna_gpm": -84.55900352347015, "r2_sispi_gpm": 0.028169605038975476, "corrcoef_sispi_gpm": [1.0, 0.21150478033344516, 0.21150478033344516, 1.0]}