{"mae_sispi_gpm": 0.4984803049555273, "r2_sispi_gpm": -0.7564666163922416, "corrcoef_rna_gpm": [1.0, 0.163495679075416, 0.16349567907541604, 1.0], "r2_rna_gpm": 0.02368017399311728, "med_ae_rna_gpm": 0.316, "evs_sispi_gpm": -0.7487855417228639, "mae_rna_gpm": 0.6266442185514612, "med_ae_sispi_gpm": 0.0, "mse_sispi_gpm": 7.02952385768742, "corrcoef_sispi_gpm": [1.0, 0.09814828524101933, 0.09814828524101933, 1.0], "evs_rna_gpm": 0.024170622808059594, "mse_rna_gpm": 3.9073122401524785, "msle_rna_gpm": 0.20952328552431276, "msle_sispi_gpm": 0.22859328109554655}