{"mae_sispi_gpm": 0.2999771283354511, "r2_sispi_gpm": -0.06607577736934589, "corrcoef_rna_gpm": [0.9999999999999999, -0.01864078224627809, -0.01864078224627809, 1.0], "r2_rna_gpm": -0.07103861675164214, "med_ae_rna_gpm": 0.324, "evs_sispi_gpm": -0.04160962109663968, "mae_rna_gpm": 0.5322617534942821, "med_ae_sispi_gpm": 0.0, "mse_sispi_gpm": 2.0260342693773823, "corrcoef_sispi_gpm": [0.9999999999999998, 0.14584576554207496, 0.14584576554207496, 1.0], "evs_rna_gpm": -0.06991521493397945, "mse_rna_gpm": 2.0354659466327827, "msle_rna_gpm": 0.1816426752806103, "msle_sispi_gpm": 0.14528115618753165}