{"mae_sispi_gpm": 0.3139707750952986, "r2_sispi_gpm": 0.02753518792015508, "corrcoef_rna_gpm": [1.0, 0.11204940982170024, 0.11204940982170022, 0.9999999999999999], "r2_rna_gpm": -0.308643488720052, "med_ae_rna_gpm": 0.277, "evs_sispi_gpm": 0.05058960435414783, "mae_rna_gpm": 0.5702757306226176, "med_ae_sispi_gpm": 0.0, "mse_sispi_gpm": 2.9776538437102924, "corrcoef_sispi_gpm": [1.0, 0.2314436105343897, 0.2314436105343897, 0.9999999999999999], "evs_rna_gpm": -0.3079152533767784, "mse_rna_gpm": 4.007021401524778, "msle_rna_gpm": 0.1810135096314002, "msle_sispi_gpm": 0.14847013494846747}