{"mae_sispi_gpm": 0.39896442185514613, "r2_sispi_gpm": -0.4321476799852151, "corrcoef_rna_gpm": [1.0, 0.09882614236922509, 0.0988261423692251, 1.0], "r2_rna_gpm": -0.14374454106504886, "med_ae_rna_gpm": 0.278, "evs_sispi_gpm": -0.4087319094564441, "mae_rna_gpm": 0.572884371029225, "med_ae_sispi_gpm": 0.0, "mse_sispi_gpm": 3.1348980419313848, "corrcoef_sispi_gpm": [1.0, 0.07987449004054434, 0.07987449004054434, 1.0], "evs_rna_gpm": -0.143720509456156, "mse_rna_gpm": 2.503598317662008, "msle_rna_gpm": 0.19745459272038268, "msle_sispi_gpm": 0.20597442404580094}