{"mae_sispi_gpm": 0.06563786531130876, "r2_sispi_gpm": -1.9164344410917074, "corrcoef_rna_gpm": [1.0, 0.3321297616125944, 0.33212976161259444, 1.0], "r2_rna_gpm": -0.3434653857609482, "med_ae_rna_gpm": 0.295, "evs_sispi_gpm": -1.9141037782265489, "mae_rna_gpm": 0.31931893265565436, "med_ae_sispi_gpm": 0.0, "mse_sispi_gpm": 0.5311989440914867, "corrcoef_sispi_gpm": [1.0, 0.3897920343215137, 0.3897920343215137, 1.0], "evs_rna_gpm": 0.021968452968130325, "mse_rna_gpm": 0.24469858958068613, "msle_rna_gpm": 0.07825378228516018, "msle_sispi_gpm": 0.022564802884585882}