{"mae_rna_gpm": 0.4174701397712834, "evs_rna_gpm": 0.0, "evs_sispi_gpm": 0.008790052386011826, "mse_sispi_gpm": 0.6975826861499365, "med_ae_sispi_gpm": 0.0, "med_ae_rna_gpm": 0.357, "msle_sispi_gpm": 0.044319539245402245, "mae_sispi_gpm": 0.0901092757306226, "msle_rna_gpm": 0.12060702162883048, "corrcoef_rna_gpm": [0.9999999999999998, -2.429627725050665e-16, -2.429627725050665e-16, 1.0], "mse_rna_gpm": 0.7750619606099112, "r2_rna_gpm": -0.10871497408133113, "r2_sispi_gpm": 0.002118012364207944, "corrcoef_sispi_gpm": [1.0, 0.09711072433171393, 0.09711072433171394, 1.0]}