{"mae_rna_gpm": 0.43755273189326555, "evs_rna_gpm": -0.0376965443279873, "evs_sispi_gpm": -0.7688267301478735, "mse_sispi_gpm": 3.2565493964421854, "med_ae_sispi_gpm": 0.0, "med_ae_rna_gpm": 0.176, "msle_sispi_gpm": 0.18898270780899842, "mae_sispi_gpm": 0.3823265565438374, "msle_rna_gpm": 0.15606811819185704, "corrcoef_rna_gpm": [0.9999999999999998, 0.1777696492447376, 0.17776964924473757, 1.0], "mse_rna_gpm": 1.9022863888182975, "r2_rna_gpm": -0.03792836427880908, "r2_sispi_gpm": -0.7768433859961965, "corrcoef_sispi_gpm": [0.9999999999999998, 0.07336282351162812, 0.07336282351162812, 1.0]}