{"mae_rna_gpm": 0.5442414231257942, "evs_rna_gpm": -0.5065313835301866, "evs_sispi_gpm": 0.032673849184786, "mse_sispi_gpm": 0.001300269377382465, "med_ae_sispi_gpm": 0.0, "med_ae_rna_gpm": 0.548, "msle_sispi_gpm": 0.0008402822541387361, "mae_sispi_gpm": 0.0038754764930114356, "msle_rna_gpm": 0.18898519869969513, "corrcoef_rna_gpm": [1.0, -0.13642184037063587, -0.13642184037063587, 1.0], "mse_rna_gpm": 0.29743762388818307, "r2_rna_gpm": -221.30695310337757, "r2_sispi_gpm": 0.028169605038975476, "corrcoef_sispi_gpm": [1.0, 0.21150478033344516, 0.21150478033344516, 1.0]}