{"mae_sispi_gpm": 0.006791878172588833, "r2_sispi_gpm": -23.406878950455067, "corrcoef_rna_gpm": [1.0, -0.014538218575423605, -0.014538218575423607, 1.0], "r2_rna_gpm": -1764.7791342122998, "med_ae_rna_gpm": 0.455, "evs_sispi_gpm": -23.18178196746239, "mae_rna_gpm": 0.457274111675127, "med_ae_sispi_gpm": 0.0, "mse_sispi_gpm": 0.002895380710659899, "corrcoef_sispi_gpm": [1.0, -0.008517934729095096, -0.008517934729095098, 1.0], "evs_rna_gpm": -2.154644323291124, "mse_rna_gpm": 0.20947384771573607, "msle_rna_gpm": 0.1418242797559139, "msle_sispi_gpm": 0.0018379197395735356}