{"mae_rna_gpm": 0.6559771283354513, "evs_rna_gpm": -0.0020785838134473877, "evs_sispi_gpm": 0.039813910657991, "mse_sispi_gpm": 0.7022327890724269, "med_ae_sispi_gpm": 0.0, "med_ae_rna_gpm": 0.605, "msle_sispi_gpm": 0.03694316530602025, "mae_sispi_gpm": 0.08157687420584497, "msle_rna_gpm": 0.24075780713751083, "corrcoef_rna_gpm": [1.0, -0.5146432306368491, -0.5146432306368491, 1.0], "mse_rna_gpm": 1.0064411994917406, "r2_rna_gpm": -0.38353875653877445, "r2_sispi_gpm": 0.03465172104970626, "corrcoef_sispi_gpm": [1.0, 0.2067385318173683, 0.20673853181736826, 1.0]}