{"mae_sispi_gpm": 0.015040609137055839, "r2_sispi_gpm": -0.3182828222980405, "corrcoef_rna_gpm": [1.0, -0.010502935129628745, -0.010502935129628745, 0.9999999999999999], "r2_rna_gpm": -6.692830494207735, "med_ae_rna_gpm": 0.315, "evs_sispi_gpm": -0.3181629775680641, "mae_rna_gpm": 0.31931472081218265, "med_ae_sispi_gpm": 0.0, "mse_sispi_gpm": 0.018575355329949243, "corrcoef_sispi_gpm": [1.0, -0.006437901136219788, -0.006437901136219788, 0.9999999999999999], "evs_rna_gpm": -0.0004908667219298835, "mse_rna_gpm": 0.10839636040609138, "msle_rna_gpm": 0.07684594468538995, "msle_sispi_gpm": 0.006932368266958242}