{"mae_rna_gpm": 0.5590165184243965, "evs_rna_gpm": -0.031148410641395063, "evs_sispi_gpm": -0.028737380203979423, "mse_sispi_gpm": 2.1760190317662005, "med_ae_sispi_gpm": 0.0, "med_ae_rna_gpm": 0.323, "msle_sispi_gpm": 0.1635754799001155, "mae_sispi_gpm": 0.3307166454891995, "msle_rna_gpm": 0.19242540208716644, "corrcoef_rna_gpm": [1.0, 0.17493424388714543, 0.17493424388714543, 1.0], "mse_rna_gpm": 2.1475236543837357, "r2_rna_gpm": -0.03188015273161082, "r2_sispi_gpm": -0.0455721157074509, "corrcoef_sispi_gpm": [1.0, 0.26163508038125977, 0.26163508038125977, 1.0]}