{"mae_sispi_gpm": 0.0027776365946632782, "r2_sispi_gpm": -35.27700351015589, "corrcoef_rna_gpm": [1.0, 0.08716210506829661, 0.08716210506829661, 1.0], "r2_rna_gpm": -5082.567147331023, "med_ae_rna_gpm": 0.394, "evs_sispi_gpm": -35.12853851484161, "mae_rna_gpm": 0.39909911054637864, "med_ae_sispi_gpm": 0.0, "mse_sispi_gpm": 0.0012164853875476494, "corrcoef_sispi_gpm": [1.0, 0.3876939300334721, 0.387693930033472, 1.0], "evs_rna_gpm": -332.65004404546534, "mse_rna_gpm": 0.1704684663278272, "msle_rna_gpm": 0.11360574021864739, "msle_sispi_gpm": 0.000661014177760031}