{"mae_sispi_gpm": 0.16637738246505718, "r2_sispi_gpm": 0.03593911974423458, "corrcoef_rna_gpm": [1.0, -0.12337165369630905, -0.12337165369630904, 0.9999999999999999], "r2_rna_gpm": -0.15400891722960686, "med_ae_rna_gpm": 0.778, "evs_sispi_gpm": 0.04106653776467273, "mae_rna_gpm": 0.8990000000000001, "med_ae_sispi_gpm": 0.0, "mse_sispi_gpm": 2.477680405336721, "corrcoef_sispi_gpm": [1.0, 0.21154063995364414, 0.2115406399536441, 0.9999999999999999], "evs_rna_gpm": -0.003376488625978613, "mse_rna_gpm": 2.965855518424396, "msle_rna_gpm": 0.36711947230423514, "msle_sispi_gpm": 0.0634195226510932}