{"mae_sispi_gpm": 0.006791878172588833, "r2_sispi_gpm": -23.406878950455067, "corrcoef_rna_gpm": [0.9999999999999999, -0.014033239168130067, -0.014033239168130067, 1.0], "r2_rna_gpm": -1590.092243641262, "med_ae_rna_gpm": 0.435, "evs_sispi_gpm": -23.18178196746239, "mae_rna_gpm": 0.4343172588832487, "med_ae_sispi_gpm": 0.0, "mse_sispi_gpm": 0.002895380710659899, "corrcoef_sispi_gpm": [1.0, -0.008517934729095096, -0.008517934729095098, 1.0], "evs_rna_gpm": -0.0057603879319716444, "mse_rna_gpm": 0.18875079441624368, "msle_rna_gpm": 0.13006029249101883, "msle_sispi_gpm": 0.0018379197395735356}