{"mae_rna_gpm": 0.7040584498094029, "evs_rna_gpm": 0.014625535778629795, "evs_sispi_gpm": -0.07317189844988303, "mse_sispi_gpm": 7.425017825921222, "med_ae_sispi_gpm": 0.0, "med_ae_rna_gpm": 0.318, "msle_sispi_gpm": 0.23359505065968983, "mae_sispi_gpm": 0.5371448538754765, "msle_rna_gpm": 0.23009953732897023, "corrcoef_rna_gpm": [1.0, 0.13392661762302258, 0.13392661762302258, 1.0], "mse_rna_gpm": 6.749789959339261, "r2_rna_gpm": 0.013071379751838808, "r2_sispi_gpm": -0.08565787119274582, "corrcoef_sispi_gpm": [1.0, 0.1361388045630226, 0.1361388045630226, 1.0]}