{"mae_rna_gpm": 0.8537763659466329, "evs_rna_gpm": 0.0, "evs_sispi_gpm": 0.04106653776467273, "mse_sispi_gpm": 2.477680405336721, "med_ae_sispi_gpm": 0.0, "med_ae_rna_gpm": 0.732, "msle_sispi_gpm": 0.0634195226510932, "mae_sispi_gpm": 0.16637738246505718, "msle_rna_gpm": 0.33803745872291474, "corrcoef_rna_gpm": [0.9999999999999998, 4.815164996237635e-16, 4.815164996237634e-16, 0.9999999999999999], "mse_rna_gpm": 2.9029085997458712, "r2_rna_gpm": -0.12951638715999136, "r2_sispi_gpm": 0.03593911974423458, "corrcoef_sispi_gpm": [1.0, 0.21154063995364414, 0.2115406399536441, 0.9999999999999999]}