{"mae_sispi_gpm": 0.31070648030495557, "r2_sispi_gpm": -0.4435062893399526, "corrcoef_rna_gpm": [1.0, 0.15030450111099616, 0.15030450111099616, 1.0], "r2_rna_gpm": 0.014416617991284908, "med_ae_rna_gpm": 0.319, "evs_sispi_gpm": -0.4237616051931976, "mae_rna_gpm": 0.5114980940279543, "med_ae_sispi_gpm": 0.0, "mse_sispi_gpm": 1.8931043176620077, "corrcoef_sispi_gpm": [1.0, 0.10522572164597693, 0.10522572164597692, 1.0], "evs_rna_gpm": 0.021397272708188253, "mse_rna_gpm": 1.2925556124523505, "msle_rna_gpm": 0.16482176910778634, "msle_sispi_gpm": 0.15449725379647222}