{"mae_sispi_gpm": 0.0038754764930114356, "r2_sispi_gpm": 0.028169605038975476, "corrcoef_rna_gpm": [1.0, 0.14254221193552685, 0.14254221193552685, 1.0], "r2_rna_gpm": -137.83173825517318, "med_ae_rna_gpm": 0.426, "evs_sispi_gpm": 0.032673849184786, "mae_rna_gpm": 0.42815120711562904, "med_ae_sispi_gpm": 0.0, "mse_sispi_gpm": 0.001300269377382465, "corrcoef_sispi_gpm": [1.0, 0.21150478033344516, 0.21150478033344516, 1.0], "evs_rna_gpm": -1.4279762054352485, "mse_rna_gpm": 0.1857511956797967, "msle_rna_gpm": 0.12717099786224093, "msle_sispi_gpm": 0.0008402822541387361}