{"mae_sispi_gpm": 0.3902541296060991, "r2_sispi_gpm": -1.0179291095380503, "corrcoef_rna_gpm": [1.0, 0.3007398566986662, 0.3007398566986662, 1.0], "r2_rna_gpm": -0.05269818435895868, "med_ae_rna_gpm": 0.611, "evs_sispi_gpm": -1.0095277572717665, "mae_rna_gpm": 0.7718614993646761, "med_ae_sispi_gpm": 0.0, "mse_sispi_gpm": 3.7477213799237603, "corrcoef_sispi_gpm": [1.0, 0.19144907142278178, 0.19144907142278175, 1.0], "evs_rna_gpm": 0.0013104210262613325, "mse_rna_gpm": 1.955083294790343, "msle_rna_gpm": 0.28024908974884816, "msle_sispi_gpm": 0.1928841264200465}