{"mae_rna_gpm": 0.9007890724269378, "evs_rna_gpm": -0.963166767320792, "evs_sispi_gpm": -0.10923805255786889, "mse_sispi_gpm": 10.583743601016517, "med_ae_sispi_gpm": 0.0, "med_ae_rna_gpm": 0.28, "msle_sispi_gpm": 0.2256340297171352, "mae_sispi_gpm": 0.5082109275730623, "msle_rna_gpm": 0.2736949973711176, "corrcoef_rna_gpm": [1.0, 0.06927010862375571, 0.06927010862375571, 1.0], "mse_rna_gpm": 18.63665072045744, "r2_rna_gpm": -0.9663283413030632, "r2_sispi_gpm": -0.11667677373592511, "corrcoef_sispi_gpm": [1.0, 0.07440036002529385, 0.07440036002529385, 1.0]}