{"mae_rna_gpm": 1.2231372299872934, "evs_rna_gpm": 0.0, "evs_sispi_gpm": -0.0006942850003093248, "mse_sispi_gpm": 4.293915273189327, "med_ae_sispi_gpm": 0.0, "med_ae_rna_gpm": 1.077, "msle_sispi_gpm": 0.08979415153670318, "mae_sispi_gpm": 0.20007623888182974, "msle_rna_gpm": 0.564700269587803, "corrcoef_rna_gpm": [NaN, NaN, NaN, 0.9999999999999998], "mse_rna_gpm": 5.036825874205844, "r2_rna_gpm": -0.18273616752605926, "r2_sispi_gpm": -0.008287564575436779, "corrcoef_sispi_gpm": [0.9999999999999998, 0.03434950690756995, 0.03434950690756995, 0.9999999999999998]}