{"mae_sispi_gpm": 0.20007623888182974, "r2_sispi_gpm": -0.008287564575436779, "corrcoef_rna_gpm": [NaN, NaN, NaN, 0.9999999999999998], "r2_rna_gpm": -0.18273616752605926, "med_ae_rna_gpm": 1.077, "evs_sispi_gpm": -0.0006942850003093248, "mae_rna_gpm": 1.2231372299872934, "med_ae_sispi_gpm": 0.0, "mse_sispi_gpm": 4.293915273189327, "corrcoef_sispi_gpm": [0.9999999999999998, 0.03434950690756995, 0.03434950690756995, 0.9999999999999998], "evs_rna_gpm": 0.0, "mse_rna_gpm": 5.036825874205844, "msle_rna_gpm": 0.564700269587803, "msle_sispi_gpm": 0.08979415153670318}