{"mae_sispi_gpm": 0.006791878172588833, "r2_sispi_gpm": -23.406878950455067, "corrcoef_rna_gpm": [1.0, -0.012362273990604071, -0.012362273990604071, 1.0], "r2_rna_gpm": -1971.5841193336103, "med_ae_rna_gpm": 0.483, "evs_sispi_gpm": -23.18178196746239, "mae_rna_gpm": 0.4835482233502537, "med_ae_sispi_gpm": 0.0, "mse_sispi_gpm": 0.002895380710659899, "corrcoef_sispi_gpm": [1.0, -0.008517934729095096, -0.008517934729095098, 1.0], "evs_rna_gpm": -0.5862520906188247, "mse_rna_gpm": 0.23400706091370563, "msle_rna_gpm": 0.15553488157892367, "msle_sispi_gpm": 0.0018379197395735356}