{"mae_rna_gpm": 0.41332994923857874, "evs_rna_gpm": -7.581704063785999e-05, "evs_sispi_gpm": -0.005876317691719146, "mse_sispi_gpm": 0.013666172588832487, "med_ae_sispi_gpm": 0.0, "med_ae_rna_gpm": 0.41, "msle_sispi_gpm": 0.004611281584402039, "mae_sispi_gpm": 0.009208121827411167, "msle_rna_gpm": 0.11913841562279873, "corrcoef_rna_gpm": [1.0, -0.013120814062621625, -0.013120814062621625, 1.0], "mse_rna_gpm": 0.17489892893401007, "r2_rna_gpm": -11.926246557065655, "r2_sispi_gpm": -0.010025146816722064, "corrcoef_sispi_gpm": [1.0, -0.007627744616977156, -0.007627744616977155, 1.0]}