{"mae_sispi_gpm": 0.006791878172588833, "r2_sispi_gpm": -23.406878950455067, "corrcoef_rna_gpm": [1.0, -0.011904944180407542, -0.011904944180407542, 1.0], "r2_rna_gpm": -1571.8363568930697, "med_ae_rna_gpm": 0.432, "evs_sispi_gpm": -23.18178196746239, "mae_rna_gpm": 0.43179949238578685, "med_ae_sispi_gpm": 0.0, "mse_sispi_gpm": 0.002895380710659899, "corrcoef_sispi_gpm": [1.0, -0.008517934729095096, -0.008517934729095098, 1.0], "evs_rna_gpm": -0.13211478311866198, "mse_rna_gpm": 0.1865851040609137, "msle_rna_gpm": 0.12880220081234653, "msle_sispi_gpm": 0.0018379197395735356}