{"mae_sispi_gpm": 0.4166480304955527, "r2_sispi_gpm": -0.3167825010154266, "corrcoef_rna_gpm": [1.0, 0.04822141891404909, 0.048221418914049095, 1.0], "r2_rna_gpm": -0.05436096216068531, "med_ae_rna_gpm": 0.699, "evs_sispi_gpm": -0.3147506106713678, "mae_rna_gpm": 0.860841168996188, "med_ae_sispi_gpm": 0.0, "mse_sispi_gpm": 4.46214709021601, "corrcoef_sispi_gpm": [1.0, 0.05992474344421318, 0.05992474344421318, 1.0], "evs_rna_gpm": 0.0011306196863826168, "mse_rna_gpm": 3.5728859517153753, "msle_rna_gpm": 0.3263161446024314, "msle_sispi_gpm": 0.2044486944222924}