{"mae_rna_gpm": 0.563210927573062, "evs_rna_gpm": 0.19628830605820158, "evs_sispi_gpm": 0.04270648971252944, "mse_sispi_gpm": 0.0003267141041931385, "med_ae_sispi_gpm": 0.0, "med_ae_rna_gpm": 0.563, "msle_sispi_gpm": 0.0002457247718611219, "mae_sispi_gpm": 0.001789072426937738, "msle_rna_gpm": 0.1993369408410116, "corrcoef_rna_gpm": [1.0, 0.46798568560361353, 0.46798568560361353, 1.0], "mse_rna_gpm": 0.31747957179161357, "r2_rna_gpm": -933.5812659542822, "r2_sispi_gpm": 0.0382345567028749, "corrcoef_sispi_gpm": [0.9999999999999999, 0.20708859143467773, 0.20708859143467773, 1.0]}