{"mae_sispi_gpm": 0.001789072426937738, "r2_sispi_gpm": 0.0382345567028749, "corrcoef_rna_gpm": [0.9999999999999998, 0.262540417911746, 0.262540417911746, 1.0], "r2_rna_gpm": -446.1858754178874, "med_ae_rna_gpm": 0.391, "evs_sispi_gpm": 0.04270648971252944, "mae_rna_gpm": 0.3893926302414231, "med_ae_sispi_gpm": 0.0, "mse_sispi_gpm": 0.0003267141041931385, "corrcoef_sispi_gpm": [0.9999999999999999, 0.20708859143467773, 0.20708859143467773, 1.0], "evs_rna_gpm": 0.0022449683553115163, "mse_rna_gpm": 0.15191014993646765, "msle_rna_gpm": 0.10815954437563488, "msle_sispi_gpm": 0.0002457247718611219}