{"mae_sispi_gpm": 0.08157687420584497, "r2_sispi_gpm": 0.03465172104970626, "corrcoef_rna_gpm": [1.0, 0.4371491689744155, 0.43714916897441547, 1.0], "r2_rna_gpm": -0.16244300466715833, "med_ae_rna_gpm": 0.423, "evs_sispi_gpm": 0.039813910657991, "mae_rna_gpm": 0.47943202033036847, "med_ae_sispi_gpm": 0.0, "mse_sispi_gpm": 0.7022327890724269, "corrcoef_sispi_gpm": [1.0, 0.2067385318173683, 0.20673853181736826, 1.0], "evs_rna_gpm": 0.0014488627566883183, "mse_rna_gpm": 0.8456073430749678, "msle_rna_gpm": 0.1476272341658545, "msle_sispi_gpm": 0.03694316530602025}