{"mae_sispi_gpm": 0.43217662007623886, "r2_sispi_gpm": -0.10305895883934446, "corrcoef_rna_gpm": [1.0, 0.2556813660629846, 0.2556813660629846, 1.0], "r2_rna_gpm": 0.06230054768262072, "med_ae_rna_gpm": 0.283, "evs_sispi_gpm": -0.08257562664926255, "mae_rna_gpm": 0.616015247776366, "med_ae_sispi_gpm": 0.0, "mse_sispi_gpm": 3.1228718691232524, "corrcoef_sispi_gpm": [0.9999999999999999, 0.1926643457816098, 0.19266434578160982, 1.0], "evs_rna_gpm": 0.06231123010141615, "mse_rna_gpm": 2.6547223227445995, "msle_rna_gpm": 0.21625700329636932, "msle_sispi_gpm": 0.22959047931312795}