{"mae_rna_gpm": 0.2783781725888326, "evs_rna_gpm": -0.0026819724896220976, "evs_sispi_gpm": -0.3181629775680641, "mse_sispi_gpm": 0.018575355329949243, "med_ae_sispi_gpm": 0.0, "med_ae_rna_gpm": 0.273, "msle_sispi_gpm": 0.006932368266958242, "mae_sispi_gpm": 0.015040609137055839, "msle_rna_gpm": 0.06068325810026444, "corrcoef_rna_gpm": [0.9999999999999998, -0.01272591724183723, -0.012725917241837232, 0.9999999999999999], "mse_rna_gpm": 0.08473456091370561, "r2_rna_gpm": -5.013565507810411, "r2_sispi_gpm": -0.3182828222980405, "corrcoef_sispi_gpm": [1.0, -0.006437901136219788, -0.006437901136219788, 0.9999999999999999]}