{"mae_sispi_gpm": 0.36058068614993644, "r2_sispi_gpm": 0.012539408317633005, "corrcoef_rna_gpm": [1.0, 0.10227441335415133, 0.10227441335415133, 0.9999999999999998], "r2_rna_gpm": -0.23635431279846064, "med_ae_rna_gpm": 0.325, "evs_sispi_gpm": 0.029181481640411677, "mae_rna_gpm": 0.6478259212198222, "med_ae_sispi_gpm": 0.0, "mse_sispi_gpm": 4.4704868424396444, "corrcoef_sispi_gpm": [1.0, 0.20692878398281062, 0.20692878398281064, 0.9999999999999998], "evs_rna_gpm": -0.2352825235567404, "mse_rna_gpm": 5.597292423125794, "msle_rna_gpm": 0.20353894970463757, "msle_sispi_gpm": 0.16039790839139026}