{"mae_sispi_gpm": 0.16637738246505718, "r2_sispi_gpm": 0.03593911974423458, "corrcoef_rna_gpm": [1.0, -0.08914003539539275, -0.08914003539539277, 0.9999999999999999], "r2_rna_gpm": -0.02215587824914489, "med_ae_rna_gpm": 0.391, "evs_sispi_gpm": 0.04106653776467273, "mae_rna_gpm": 0.5247433290978399, "med_ae_sispi_gpm": 0.0, "mse_sispi_gpm": 2.477680405336721, "corrcoef_sispi_gpm": [1.0, 0.21154063995364414, 0.2115406399536441, 0.9999999999999999], "evs_rna_gpm": -0.000585128743950003, "mse_rna_gpm": 2.6269871982210926, "msle_rna_gpm": 0.16171952116508934, "msle_sispi_gpm": 0.0634195226510932}