{"mae_rna_gpm": 0.2530329949238578, "evs_rna_gpm": -3.6823249458109517, "evs_sispi_gpm": -1744.442538560614, "mse_sispi_gpm": 0.03610345431472082, "med_ae_sispi_gpm": 0.0, "med_ae_rna_gpm": 0.252, "msle_sispi_gpm": 0.009204495550450942, "mae_sispi_gpm": 0.018093908629441623, "msle_rna_gpm": 0.050917931870325915, "corrcoef_rna_gpm": [1.0, -0.007350618155955616, -0.007350618155955615, 0.9999999999999998], "mse_rna_gpm": 0.06412171319796955, "r2_rna_gpm": -3125.9431941695734, "r2_sispi_gpm": -1759.6118914334188, "corrcoef_sispi_gpm": [1.0, -0.004765375440222016, -0.004765375440222016, 0.9999999999999998]}