{"mae_sispi_gpm": 0.0029491740787801783, "r2_sispi_gpm": -0.02689406443054554, "corrcoef_rna_gpm": [1.0, 0.0711576114375283, 0.0711576114375283, 1.0], "r2_rna_gpm": -104.03988009045338, "med_ae_rna_gpm": 0.289, "evs_sispi_gpm": -0.02090713426107227, "mae_rna_gpm": 0.2881245235069886, "med_ae_sispi_gpm": 0.0, "mse_sispi_gpm": 0.0008145171537484115, "corrcoef_sispi_gpm": [1.0, 0.03358157778466294, 0.03358157778466295, 1.0], "evs_rna_gpm": -0.02199458782204733, "mse_rna_gpm": 0.0833160762388818, "msle_rna_gpm": 0.06416594745589341, "msle_sispi_gpm": 0.0005719261146479861}