{"mae_sispi_gpm": 0.0029491740787801783, "r2_sispi_gpm": -0.02689406443054554, "corrcoef_rna_gpm": [1.0, 0.04425403569662624, 0.04425403569662624, 1.0], "r2_rna_gpm": -131.718058859141, "med_ae_rna_gpm": 0.318, "evs_sispi_gpm": -0.02090713426107227, "mae_rna_gpm": 0.31955781448538756, "med_ae_sispi_gpm": 0.0, "mse_sispi_gpm": 0.0008145171537484115, "corrcoef_sispi_gpm": [1.0, 0.03358157778466294, 0.03358157778466295, 1.0], "evs_rna_gpm": -3.5700434587347205, "mse_rna_gpm": 0.10526999745870394, "msle_rna_gpm": 0.0777118884129316, "msle_sispi_gpm": 0.0005719261146479861}