{"mae_sispi_gpm": 0.3363036848792884, "r2_sispi_gpm": -0.8157136153102449, "corrcoef_rna_gpm": [1.0, 0.21506240691595582, 0.21506240691595582, 0.9999999999999998], "r2_rna_gpm": 0.03982343687920398, "med_ae_rna_gpm": 0.307, "evs_sispi_gpm": -0.7966522613120022, "mae_rna_gpm": 0.515030495552732, "med_ae_sispi_gpm": 0.0, "mse_sispi_gpm": 2.350024725540025, "corrcoef_sispi_gpm": [0.9999999999999998, 0.04345289865743701, 0.04345289865743701, 0.9999999999999998], "evs_rna_gpm": 0.04622270739735701, "mse_rna_gpm": 1.2427282833545108, "msle_rna_gpm": 0.16567660818438523, "msle_sispi_gpm": 0.17291210778807709}