{"mae_sispi_gpm": 0.015040609137055839, "r2_sispi_gpm": -0.3182828222980405, "corrcoef_rna_gpm": [1.0, -0.01041744580209554, -0.01041744580209554, 0.9999999999999999], "r2_rna_gpm": -5.474041442401256, "med_ae_rna_gpm": 0.285, "evs_sispi_gpm": -0.3181629775680641, "mae_rna_gpm": 0.29018781725888326, "med_ae_sispi_gpm": 0.0, "mse_sispi_gpm": 0.018575355329949243, "corrcoef_sispi_gpm": [1.0, -0.006437901136219788, -0.006437901136219788, 0.9999999999999999], "evs_rna_gpm": -0.0030501376177238804, "mse_rna_gpm": 0.09122292893401013, "msle_rna_gpm": 0.06519370957625768, "msle_sispi_gpm": 0.006932368266958242}