{"mae_sispi_gpm": 0.001789072426937738, "r2_sispi_gpm": 0.0382345567028749, "corrcoef_rna_gpm": [0.9999999999999998, -0.18275204017041213, -0.18275204017041213, 1.0], "r2_rna_gpm": -634.4149501839303, "med_ae_rna_gpm": 0.464, "evs_sispi_gpm": 0.04270648971252944, "mae_rna_gpm": 0.46290470139771295, "med_ae_sispi_gpm": 0.0, "mse_sispi_gpm": 0.0003267141041931385, "corrcoef_sispi_gpm": [0.9999999999999999, 0.20708859143467773, 0.20708859143467773, 1.0], "evs_rna_gpm": -4.767692229336504, "mse_rna_gpm": 0.21585203303684877, "msle_rna_gpm": 0.1451550086555115, "msle_sispi_gpm": 0.0002457247718611219}