{"mae_rna_gpm": 0.758284625158831, "evs_rna_gpm": -0.09492103516480199, "evs_sispi_gpm": -0.37058996051481397, "mse_sispi_gpm": 5.060667022871665, "med_ae_sispi_gpm": 0.0, "med_ae_rna_gpm": 0.48, "msle_sispi_gpm": 0.22275678458959638, "mae_sispi_gpm": 0.46391994917407875, "msle_rna_gpm": 0.280704963719359, "corrcoef_rna_gpm": [0.9999999999999998, -0.03858014153084596, -0.03858014153084597, 1.0], "mse_rna_gpm": 3.9875457865311312, "r2_rna_gpm": -0.09584381774668049, "r2_sispi_gpm": -0.3907553587021657, "corrcoef_sispi_gpm": [1.0, 0.126182381994784, 0.126182381994784, 1.0]}