{"mae_sispi_gpm": 0.399002541296061, "r2_sispi_gpm": -1.0886579357118138, "corrcoef_rna_gpm": [0.9999999999999999, 0.09499148344507706, 0.09499148344507707, 0.9999999999999999], "r2_rna_gpm": -0.04321265534295482, "med_ae_rna_gpm": 0.233, "evs_sispi_gpm": -1.0868116763025077, "mae_rna_gpm": 0.47111054637865313, "med_ae_sispi_gpm": 0.0, "mse_sispi_gpm": 4.086979919949174, "corrcoef_sispi_gpm": [1.0, 0.059279532075736996, 0.059279532075736996, 0.9999999999999999], "evs_rna_gpm": -0.042250949210731026, "mse_rna_gpm": 2.0413056162642955, "msle_rna_gpm": 0.15933493759394812, "msle_sispi_gpm": 0.18699919305547738}