{"mae_sispi_gpm": 0.002209656925031766, "r2_sispi_gpm": -0.0017058461158767635, "corrcoef_rna_gpm": [1.0, 0.1907915893654644, 0.19079158936546442, 0.9999999999999998], "r2_rna_gpm": -24.381768149821365, "med_ae_rna_gpm": 0.068, "evs_sispi_gpm": 0.003934879248258971, "mae_rna_gpm": 0.07813850063532404, "med_ae_sispi_gpm": 0.0, "mse_sispi_gpm": 0.0003864739517153748, "corrcoef_sispi_gpm": [1.0, 0.09828267023488675, 0.09828267023488675, 0.9999999999999998], "evs_rna_gpm": -8.987946611774229, "mse_rna_gpm": 0.009792687420584499, "msle_rna_gpm": 0.007801483351650019, "msle_sispi_gpm": 0.0002994880268348079}