{"mae_rna_gpm": 0.29519440914866585, "evs_rna_gpm": -0.01047758926326181, "evs_sispi_gpm": -0.025945261490534444, "mse_sispi_gpm": 1.2243968907242695, "med_ae_sispi_gpm": 0.0, "med_ae_rna_gpm": 0.117, "msle_sispi_gpm": 0.12112641277757365, "mae_sispi_gpm": 0.23065184243964426, "msle_rna_gpm": 0.11633196299006537, "corrcoef_rna_gpm": [1.0, -0.17650039435407888, -0.17650039435407888, 1.0], "mse_rna_gpm": 1.1924454231257942, "r2_rna_gpm": -0.02088900797455806, "r2_sispi_gpm": -0.04824363689705735, "corrcoef_sispi_gpm": [1.0, 0.21648491682863463, 0.21648491682863463, 1.0]}