{"mae_sispi_gpm": 0.001789072426937738, "r2_sispi_gpm": 0.0382345567028749, "corrcoef_rna_gpm": [1.0, -0.3399962783046592, -0.3399962783046592, 1.0], "r2_rna_gpm": -1176.1478402421917, "med_ae_rna_gpm": 0.635, "evs_sispi_gpm": 0.04270648971252944, "mae_rna_gpm": 0.6311257941550189, "med_ae_sispi_gpm": 0.0, "mse_sispi_gpm": 0.0003267141041931385, "corrcoef_sispi_gpm": [0.9999999999999999, 0.20708859143467773, 0.20708859143467773, 1.0], "evs_rna_gpm": -3.715802502328124, "mse_rna_gpm": 0.39988003811944095, "msle_rna_gpm": 0.23961963306545733, "msle_sispi_gpm": 0.0002457247718611219}