{"mae_rna_gpm": 1.0155527318932656, "evs_rna_gpm": -5.62213391801757, "evs_sispi_gpm": -0.07960468442981883, "mse_sispi_gpm": 4.074265128335451, "med_ae_sispi_gpm": 0.0, "med_ae_rna_gpm": 0.369, "msle_sispi_gpm": 0.223542302066854, "mae_sispi_gpm": 0.4601778907242694, "msle_rna_gpm": 0.3474471575781569, "corrcoef_rna_gpm": [1.0, 0.006057052184241988, 0.006057052184241988, 1.0], "mse_rna_gpm": 24.58543114358323, "r2_rna_gpm": -5.638356678699559, "r2_sispi_gpm": -0.1000996877997582, "corrcoef_sispi_gpm": [1.0, 0.17921133253237323, 0.17921133253237323, 1.0]}