{"mae_rna_gpm": 0.24078653113087678, "evs_rna_gpm": 0.008498659399179154, "evs_sispi_gpm": 0.04270648971252944, "mse_sispi_gpm": 0.0003267141041931385, "med_ae_sispi_gpm": 0.0, "med_ae_rna_gpm": 0.242, "msle_sispi_gpm": 0.0002457247718611219, "mae_sispi_gpm": 0.001789072426937738, "msle_rna_gpm": 0.046565500289304146, "corrcoef_rna_gpm": [1.0, 0.14575435708203724, 0.14575435708203724, 1.0], "mse_rna_gpm": 0.05809855527318931, "r2_rna_gpm": -170.02776418311402, "r2_sispi_gpm": 0.0382345567028749, "corrcoef_sispi_gpm": [0.9999999999999999, 0.20708859143467773, 0.20708859143467773, 1.0]}