{"mae_sispi_gpm": 0.001789072426937738, "r2_sispi_gpm": 0.0382345567028749, "corrcoef_rna_gpm": [1.0, 0.14575435708203724, 0.14575435708203724, 1.0], "r2_rna_gpm": -170.02776418311402, "med_ae_rna_gpm": 0.242, "evs_sispi_gpm": 0.04270648971252944, "mae_rna_gpm": 0.24078653113087678, "med_ae_sispi_gpm": 0.0, "mse_sispi_gpm": 0.0003267141041931385, "corrcoef_sispi_gpm": [0.9999999999999999, 0.20708859143467773, 0.20708859143467773, 1.0], "evs_rna_gpm": 0.008498659399179154, "mse_rna_gpm": 0.05809855527318931, "msle_rna_gpm": 0.046565500289304146, "msle_sispi_gpm": 0.0002457247718611219}