{"mae_rna_gpm": 0.7072642947903431, "evs_rna_gpm": 0.038910329648814024, "evs_sispi_gpm": -0.3735596641355885, "mse_sispi_gpm": 11.01219014739517, "med_ae_sispi_gpm": 0.0, "med_ae_rna_gpm": 0.259, "msle_sispi_gpm": 0.29313436389224057, "mae_sispi_gpm": 0.6675857687420584, "msle_rna_gpm": 0.23192374700476004, "corrcoef_rna_gpm": [1.0, 0.21559921209395966, 0.21559921209395966, 0.9999999999999999], "mse_rna_gpm": 7.700055587039389, "r2_rna_gpm": 0.0343734500659838, "r2_sispi_gpm": -0.38098524861885097, "corrcoef_sispi_gpm": [0.9999999999999998, 0.1291310657541052, 0.12913106575410524, 0.9999999999999999]}