{"mae_rna_gpm": 0.3442566709021601, "evs_rna_gpm": 3.3306690738754696e-16, "evs_sispi_gpm": 0.003934879248258971, "mse_sispi_gpm": 0.0003864739517153748, "med_ae_sispi_gpm": 0.0, "med_ae_rna_gpm": 0.346, "msle_sispi_gpm": 0.0002994880268348079, "mae_sispi_gpm": 0.002209656925031766, "msle_rna_gpm": 0.08755706150152319, "corrcoef_rna_gpm": [0.9999999999999998, -4.4169308840768073e-16, -4.4169308840768073e-16, 0.9999999999999998], "mse_rna_gpm": 0.11878651588310035, "r2_rna_gpm": -306.8840032341161, "r2_sispi_gpm": -0.0017058461158767635, "corrcoef_sispi_gpm": [1.0, 0.09828267023488675, 0.09828267023488675, 0.9999999999999998]}