{"mae_sispi_gpm": 0.0029491740787801783, "r2_sispi_gpm": -0.02689406443054554, "corrcoef_rna_gpm": [1.0, 0.013022429437266848, 0.013022429437266848, 1.0], "r2_rna_gpm": -51.25895892964989, "med_ae_rna_gpm": 0.2, "evs_sispi_gpm": -0.02090713426107227, "mae_rna_gpm": 0.20124269377382464, "med_ae_sispi_gpm": 0.0, "mse_sispi_gpm": 0.0008145171537484115, "corrcoef_sispi_gpm": [1.0, 0.03358157778466294, 0.03358157778466295, 1.0], "evs_rna_gpm": -0.9894416828372659, "mse_rna_gpm": 0.041451031766200776, "msle_rna_gpm": 0.033975633387815715, "msle_sispi_gpm": 0.0005719261146479861}