{"mae_sispi_gpm": 0.45424396442185516, "r2_sispi_gpm": -0.05203833324108542, "corrcoef_rna_gpm": [1.0, 0.11517870997515817, 0.11517870997515815, 1.0], "r2_rna_gpm": 0.007928920414239204, "med_ae_rna_gpm": 0.348, "evs_sispi_gpm": -0.034712196445194854, "mae_rna_gpm": 0.6617217280813215, "med_ae_sispi_gpm": 0.0, "mse_sispi_gpm": 4.653281013977128, "corrcoef_sispi_gpm": [1.0, 0.14057690723887584, 0.14057690723887584, 1.0], "evs_rna_gpm": 0.008186906419931472, "mse_rna_gpm": 4.388039269377383, "msle_rna_gpm": 0.22092505353366687, "msle_sispi_gpm": 0.2144169837088944}