{"mae_rna_gpm": 0.6751029224904702, "evs_rna_gpm": 0.022819744973642475, "evs_sispi_gpm": -0.20256202963393788, "mse_sispi_gpm": 2.5891433278271916, "med_ae_sispi_gpm": 0.0, "med_ae_rna_gpm": 0.494, "msle_sispi_gpm": 0.16234242737535354, "mae_sispi_gpm": 0.3309085133418043, "msle_rna_gpm": 0.23449934435699918, "corrcoef_rna_gpm": [1.0, 0.16377201670166622, 0.16377201670166622, 0.9999999999999999], "mse_rna_gpm": 2.120162137229987, "r2_rna_gpm": 0.0031164648872397116, "r2_sispi_gpm": -0.2173947964801346, "corrcoef_sispi_gpm": [0.9999999999999999, 0.1769504105891322, 0.1769504105891322, 0.9999999999999999]}