{"mae_sispi_gpm": 0.06563786531130876, "r2_sispi_gpm": -1.9164344410917074, "corrcoef_rna_gpm": [1.0, 0.274658498959378, 0.274658498959378, 1.0], "r2_rna_gpm": -2.621232151276571, "med_ae_rna_gpm": 0.729, "evs_sispi_gpm": -1.9141037782265489, "mae_rna_gpm": 0.7430724269377382, "med_ae_sispi_gpm": 0.0, "mse_sispi_gpm": 0.5311989440914867, "corrcoef_sispi_gpm": [1.0, 0.3897920343215137, 0.3897920343215137, 1.0], "evs_rna_gpm": 0.0007671026772229084, "mse_rna_gpm": 0.6595706963151207, "msle_rna_gpm": 0.3022121730189186, "msle_sispi_gpm": 0.022564802884585882}