{"mae_sispi_gpm": 0.33410546378653116, "r2_sispi_gpm": -0.23782143283065205, "corrcoef_rna_gpm": [1.0, 0.11668525068822674, 0.11668525068822674, 1.0], "r2_rna_gpm": 0.012010906016083456, "med_ae_rna_gpm": 0.222, "evs_sispi_gpm": -0.23090408393109052, "mae_rna_gpm": 0.42624650571791617, "med_ae_sispi_gpm": 0.0, "mse_sispi_gpm": 3.7317743468869127, "corrcoef_sispi_gpm": [1.0, 0.06802111347650172, 0.06802111347650174, 1.0], "evs_rna_gpm": 0.012010974653228645, "mse_rna_gpm": 2.978581771283354, "msle_rna_gpm": 0.1313660109950809, "msle_sispi_gpm": 0.15911949087553853}