{"mae_rna_gpm": 0.38882233502538077, "evs_rna_gpm": -0.01214462978669828, "evs_sispi_gpm": -1744.442538560614, "mse_sispi_gpm": 0.03610345431472082, "med_ae_sispi_gpm": 0.0, "med_ae_rna_gpm": 0.389, "msle_sispi_gpm": 0.009204495550450942, "mae_sispi_gpm": 0.018093908629441623, "msle_rna_gpm": 0.10786669249950863, "corrcoef_rna_gpm": [1.0, -0.005388002202699823, -0.005388002202699823, 0.9999999999999998], "mse_rna_gpm": 0.15120356345177668, "r2_rna_gpm": -7372.554605597967, "r2_sispi_gpm": -1759.6118914334188, "corrcoef_sispi_gpm": [1.0, -0.004765375440222016, -0.004765375440222016, 0.9999999999999998]}