{"mae_sispi_gpm": 0.004104060913705584, "r2_sispi_gpm": -0.9343684238894787, "corrcoef_rna_gpm": [0.9999999999999999, -0.007821754384303967, -0.007821754384303967, 0.9999999999999999], "r2_rna_gpm": -220.77002319312078, "med_ae_rna_gpm": 0.422, "evs_sispi_gpm": -0.9333431238390371, "mae_rna_gpm": 0.4211522842639593, "med_ae_sispi_gpm": 0.0, "mse_sispi_gpm": 0.0015489314720812187, "corrcoef_sispi_gpm": [1.0, -0.00520585160741406, -0.00520585160741406, 0.9999999999999999], "evs_rna_gpm": -0.00037067160294856905, "mse_rna_gpm": 0.1775807360406091, "msle_rna_gpm": 0.12356610694817563, "msle_sispi_gpm": 0.0010291673442051209}