{"mae_rna_gpm": 0.5163405336721728, "evs_rna_gpm": 0.04993124250179182, "evs_sispi_gpm": -0.009248497175797343, "mse_sispi_gpm": 2.292903442185515, "med_ae_sispi_gpm": 0.0, "med_ae_rna_gpm": 0.282, "msle_sispi_gpm": 0.15908459289004515, "mae_sispi_gpm": 0.31048919949174075, "msle_rna_gpm": 0.16843237054347032, "corrcoef_rna_gpm": [1.0, 0.22447414406819405, 0.22447414406819408, 1.0], "mse_rna_gpm": 2.123356879288437, "r2_rna_gpm": 0.049264295502497335, "r2_sispi_gpm": -0.02665039057472085, "corrcoef_sispi_gpm": [1.0, 0.24523921620854383, 0.24523921620854383, 1.0]}