{"mae_sispi_gpm": 0.004104060913705584, "r2_sispi_gpm": -0.9343684238894787, "corrcoef_rna_gpm": [1.0, 0.005291332262460611, 0.005291332262460611, 0.9999999999999999], "r2_rna_gpm": -6210537.658806896, "med_ae_rna_gpm": 70.532, "evs_sispi_gpm": -0.9333431238390371, "mae_rna_gpm": 70.51971319796955, "med_ae_sispi_gpm": 0.0, "mse_sispi_gpm": 0.0015489314720812187, "corrcoef_sispi_gpm": [1.0, -0.00520585160741406, -0.00520585160741406, 0.9999999999999999], "evs_rna_gpm": -16.225931477722686, "mse_rna_gpm": 4973.043743063452, "msle_rna_gpm": 18.222236119753386, "msle_sispi_gpm": 0.0010291673442051209}