{"mae_sispi_gpm": 0.08157687420584497, "r2_sispi_gpm": 0.03465172104970626, "corrcoef_rna_gpm": [1.0, -0.5280272462560077, -0.5280272462560077, 1.0], "r2_rna_gpm": -0.1691972208719772, "med_ae_rna_gpm": 0.428, "evs_sispi_gpm": 0.039813910657991, "mae_rna_gpm": 0.48419440914866585, "med_ae_sispi_gpm": 0.0, "mse_sispi_gpm": 0.7022327890724269, "corrcoef_sispi_gpm": [1.0, 0.2067385318173683, 0.20673853181736826, 1.0], "evs_rna_gpm": -0.0008681012111704245, "mse_rna_gpm": 0.850520628970775, "msle_rna_gpm": 0.1501087194540477, "msle_sispi_gpm": 0.03694316530602025}