{"mae_sispi_gpm": 0.015040609137055839, "r2_sispi_gpm": -0.3182828222980405, "corrcoef_rna_gpm": [1.0, 0.010636570441063378, 0.01063657044106338, 0.9999999999999999], "r2_rna_gpm": -6.501672108834585, "med_ae_rna_gpm": 0.311, "evs_sispi_gpm": -0.3181629775680641, "mae_rna_gpm": 0.31495177664974616, "med_ae_sispi_gpm": 0.0, "mse_sispi_gpm": 0.018575355329949243, "corrcoef_sispi_gpm": [1.0, -0.006437901136219788, -0.006437901136219788, 0.9999999999999999], "evs_rna_gpm": 0.00010703067382045184, "mse_rna_gpm": 0.1057028299492386, "msle_rna_gpm": 0.075048404610936, "msle_sispi_gpm": 0.006932368266958242}