{"mae_rna_gpm": 0.45792376111817024, "evs_rna_gpm": -0.0031142214069164176, "evs_sispi_gpm": -0.0390579981856618, "mse_sispi_gpm": 8.686423029224905, "med_ae_sispi_gpm": 0.0, "med_ae_rna_gpm": 0.186, "msle_sispi_gpm": 0.15484528547203352, "mae_sispi_gpm": 0.3455374841168996, "msle_rna_gpm": 0.14133986672220566, "corrcoef_rna_gpm": [1.0, -0.009195936235116978, -0.009195936235116978, 1.0], "mse_rna_gpm": 8.341653857687419, "r2_rna_gpm": -0.0039854472202565105, "r2_sispi_gpm": -0.04548120295157654, "corrcoef_sispi_gpm": [0.9999999999999998, -0.001646751311346338, -0.001646751311346338, 1.0]}