{"mae_rna_gpm": 0.3662388818297332, "evs_rna_gpm": 0.020589006421106615, "evs_sispi_gpm": 0.02535623447060309, "mse_sispi_gpm": 1.9787533329097842, "med_ae_sispi_gpm": 0.0, "med_ae_rna_gpm": 0.085, "msle_sispi_gpm": 0.16149613886924358, "mae_sispi_gpm": 0.33212833545108006, "msle_rna_gpm": 0.1523354601722222, "corrcoef_rna_gpm": [0.9999999999999998, 0.23632002485341425, 0.23632002485341425, 0.9999999999999999], "mse_rna_gpm": 1.978261163913596, "r2_rna_gpm": -0.0017542974998061567, "r2_sispi_gpm": -0.002003522635506849, "corrcoef_sispi_gpm": [1.0, 0.24718795131605453, 0.24718795131605456, 0.9999999999999999]}