{"mae_rna_gpm": 0.6992121982210928, "evs_rna_gpm": -0.9179465164867975, "evs_sispi_gpm": -0.012285072735073177, "mse_sispi_gpm": 8.762281584498092, "med_ae_sispi_gpm": 0.0, "med_ae_rna_gpm": 0.155, "msle_sispi_gpm": 0.20065871244721373, "mae_sispi_gpm": 0.45236213468869124, "msle_rna_gpm": 0.22263977133433227, "corrcoef_rna_gpm": [0.9999999999999999, 0.033773873545120556, 0.033773873545120556, 1.0], "mse_rna_gpm": 16.46182424904701, "r2_rna_gpm": -0.9179689891467047, "r2_sispi_gpm": -0.02089440993828462, "corrcoef_sispi_gpm": [1.0, 0.12972444798626945, 0.12972444798626945, 1.0]}