{"mae_rna_gpm": 1.478322744599746, "evs_rna_gpm": -14.431720692136473, "evs_sispi_gpm": 0.003934879248258971, "mse_sispi_gpm": 0.0003864739517153748, "med_ae_sispi_gpm": 0.0, "med_ae_rna_gpm": 1.484, "msle_sispi_gpm": 0.0002994880268348079, "mae_sispi_gpm": 0.002209656925031766, "msle_rna_gpm": 0.8228917316161939, "corrcoef_rna_gpm": [1.0, 0.004897863600894743, 0.0048978636008947425, 0.9999999999999998], "mse_rna_gpm": 2.191391939008894, "r2_rna_gpm": -5678.891508064835, "r2_sispi_gpm": -0.0017058461158767635, "corrcoef_sispi_gpm": [1.0, 0.09828267023488675, 0.09828267023488675, 0.9999999999999998]}