{"mae_sispi_gpm": 0.3575603557814485, "r2_sispi_gpm": -0.30215356001865556, "corrcoef_rna_gpm": [1.0, 0.04800937918255885, 0.04800937918255884, 0.9999999999999999], "r2_rna_gpm": -0.04278593552164267, "med_ae_rna_gpm": 0.296, "evs_sispi_gpm": -0.2928634886278736, "mae_rna_gpm": 0.5382541296060991, "med_ae_sispi_gpm": 0.0, "mse_sispi_gpm": 2.9335282363405337, "corrcoef_sispi_gpm": [0.9999999999999999, 0.10977056391417452, 0.1097705639141745, 0.9999999999999999], "evs_rna_gpm": -0.04213739684816642, "mse_rna_gpm": 2.3492175425667092, "msle_rna_gpm": 0.1850767300708952, "msle_sispi_gpm": 0.17330950829262148}