{"mae_rna_gpm": 0.6111257941550191, "evs_rna_gpm": 0.03471827811929862, "evs_sispi_gpm": -0.6026565289998573, "mse_sispi_gpm": 4.9459525196950445, "med_ae_sispi_gpm": 0.0, "med_ae_rna_gpm": 0.283, "msle_sispi_gpm": 0.2299321893662238, "mae_sispi_gpm": 0.4828526048284625, "msle_rna_gpm": 0.2045456691521962, "corrcoef_rna_gpm": [1.0, 0.19996702104883285, 0.19996702104883282, 0.9999999999999999], "mse_rna_gpm": 2.9481402414231255, "r2_rna_gpm": 0.033323106005970105, "r2_sispi_gpm": -0.621747144997689, "corrcoef_sispi_gpm": [0.9999999999999999, 0.06292224173094836, 0.06292224173094836, 0.9999999999999999]}