{"mae_rna_gpm": 0.4290355781448538, "evs_rna_gpm": 1.5496592833508238e-05, "evs_sispi_gpm": 0.008790052386011826, "mse_sispi_gpm": 0.6975826861499365, "med_ae_sispi_gpm": 0.0, "med_ae_rna_gpm": 0.369, "msle_sispi_gpm": 0.044319539245402245, "mae_sispi_gpm": 0.0901092757306226, "msle_rna_gpm": 0.12557932323911258, "corrcoef_rna_gpm": [1.0, 0.016723360379569768, 0.016723360379569768, 1.0], "mse_rna_gpm": 0.781826034307497, "r2_rna_gpm": -0.11839088410586851, "r2_sispi_gpm": 0.002118012364207944, "corrcoef_sispi_gpm": [1.0, 0.09711072433171393, 0.09711072433171394, 1.0]}