{"mae_sispi_gpm": 0.4277890724269377, "r2_sispi_gpm": -0.3908886200001238, "corrcoef_rna_gpm": [0.9999999999999998, 0.11501267973996723, 0.11501267973996725, 1.0], "r2_rna_gpm": -0.007049377288536718, "med_ae_rna_gpm": 0.001, "evs_sispi_gpm": -0.38444850029068545, "mae_rna_gpm": 0.33817280813214734, "med_ae_sispi_gpm": 0.0, "mse_sispi_gpm": 6.048672480304956, "corrcoef_sispi_gpm": [1.0, 0.10320644373553367, 0.10320644373553367, 1.0], "evs_rna_gpm": 0.012982833929579107, "mse_rna_gpm": 4.379438991105466, "msle_rna_gpm": 0.16257376837835308, "msle_sispi_gpm": 0.20318923790503762}