{"mae_rna_gpm": 0.570463786531131, "evs_rna_gpm": 0.03834328127225706, "evs_sispi_gpm": 0.01893330124384396, "mse_sispi_gpm": 2.9685504612452345, "med_ae_sispi_gpm": 0.0, "med_ae_rna_gpm": 0.316, "msle_sispi_gpm": 0.16444625134224924, "mae_sispi_gpm": 0.33546759847522234, "msle_rna_gpm": 0.1822491075570049, "corrcoef_rna_gpm": [0.9999999999999999, 0.21439953389081262, 0.2143995338908126, 1.0], "mse_rna_gpm": 2.8501416937738244, "r2_rna_gpm": 0.03798638680511579, "r2_sispi_gpm": -0.0019803441395120913, "corrcoef_sispi_gpm": [1.0, 0.21856773694994452, 0.21856773694994455, 1.0]}