{"mae_rna_gpm": 0.008670902160101652, "evs_rna_gpm": -0.2766683180286076, "evs_sispi_gpm": 0.003934879248258971, "mse_sispi_gpm": 0.0003864739517153748, "med_ae_sispi_gpm": 0.0, "med_ae_rna_gpm": 0.006, "msle_sispi_gpm": 0.0002994880268348079, "mae_sispi_gpm": 0.002209656925031766, "msle_rna_gpm": 0.0004183183987633833, "corrcoef_rna_gpm": [1.0, 0.0374754546214239, 0.0374754546214239, 0.9999999999999998], "mse_rna_gpm": 0.0005213113087674714, "r2_rna_gpm": -0.35119219114482125, "r2_sispi_gpm": -0.0017058461158767635, "corrcoef_sispi_gpm": [1.0, 0.09828267023488675, 0.09828267023488675, 0.9999999999999998]}