{"mae_rna_gpm": 1.4812172808132145, "evs_rna_gpm": -0.09655966107085145, "evs_sispi_gpm": -0.1589454959749128, "mse_sispi_gpm": 4.661031235069886, "med_ae_sispi_gpm": 0.0, "med_ae_rna_gpm": 1.415, "msle_sispi_gpm": 0.22399395769261568, "mae_sispi_gpm": 0.44360355781448535, "msle_rna_gpm": 0.729890450169997, "corrcoef_rna_gpm": [1.0, -0.11741258926110841, -0.11741258926110841, 1.0], "mse_rna_gpm": 5.143268559085134, "r2_rna_gpm": -0.299286772799529, "r2_sispi_gpm": -0.177464517312504, "corrcoef_sispi_gpm": [1.0, 0.042608828543747375, 0.042608828543747375, 1.0]}