{"mae_sispi_gpm": 0.009208121827411167, "r2_sispi_gpm": -0.010025146816722064, "corrcoef_rna_gpm": [0.9999999999999999, -0.006611294544799501, -0.006611294544799502, 1.0], "r2_rna_gpm": -9.721679682049084, "med_ae_rna_gpm": 0.371, "evs_sispi_gpm": -0.005876317691719146, "mae_rna_gpm": 0.37470304568527923, "med_ae_sispi_gpm": 0.0, "mse_sispi_gpm": 0.013666172588832487, "corrcoef_sispi_gpm": [1.0, -0.007627744616977156, -0.007627744616977155, 1.0], "evs_rna_gpm": -5.0211269157385274e-05, "mse_rna_gpm": 0.14506997715736036, "msle_rna_gpm": 0.10092350823417866, "msle_sispi_gpm": 0.004611281584402039}