{"mae_sispi_gpm": 0.40653494282083863, "r2_sispi_gpm": -0.6557681475226627, "corrcoef_rna_gpm": [1.0, 0.026680436359652723, 0.026680436359652723, 0.9999999999999999], "r2_rna_gpm": -0.015243976659979452, "med_ae_rna_gpm": 0.267, "evs_sispi_gpm": -0.6402858868787022, "mae_rna_gpm": 0.5493799237611181, "med_ae_sispi_gpm": 0.0, "mse_sispi_gpm": 3.8855304459974587, "corrcoef_sispi_gpm": [1.0, -0.0033223886452315348, -0.0033223886452315348, 0.9999999999999999], "evs_rna_gpm": -0.015221229067882147, "mse_rna_gpm": 2.382435842439644, "msle_rna_gpm": 0.19365681963516054, "msle_sispi_gpm": 0.21697771562017018}