{"mae_sispi_gpm": 0.0027776365946632782, "r2_sispi_gpm": -35.27700351015589, "corrcoef_rna_gpm": [1.0, -0.020506963072295405, -0.020506963072295402, 1.0], "r2_rna_gpm": -2021.0061812909046, "med_ae_rna_gpm": 0.252, "evs_sispi_gpm": -35.12853851484161, "mae_rna_gpm": 0.2560609911054637, "med_ae_sispi_gpm": 0.0, "mse_sispi_gpm": 0.0012164853875476494, "corrcoef_sispi_gpm": [1.0, 0.3876939300334721, 0.387693930033472, 1.0], "evs_rna_gpm": -67.18992502833973, "mse_rna_gpm": 0.06780441423125795, "msle_rna_gpm": 0.05289359999302221, "msle_sispi_gpm": 0.000661014177760031}