{"mae_sispi_gpm": 0.001789072426937738, "r2_sispi_gpm": 0.0382345567028749, "corrcoef_rna_gpm": [1.0, -0.42502400841475324, -0.42502400841475324, 1.0], "r2_rna_gpm": -11285.459054004177, "med_ae_rna_gpm": 1.992, "evs_sispi_gpm": 0.04270648971252944, "mae_rna_gpm": 1.9388284625158836, "med_ae_sispi_gpm": 0.0, "mse_sispi_gpm": 0.0003267141041931385, "corrcoef_sispi_gpm": [0.9999999999999999, 0.20708859143467773, 0.20708859143467773, 1.0], "evs_rna_gpm": -239.21448441088617, "mse_rna_gpm": 3.834038106734434, "msle_rna_gpm": 1.1649254908555182, "msle_sispi_gpm": 0.0002457247718611219}