{"mae_sispi_gpm": 0.001789072426937738, "r2_sispi_gpm": 0.0382345567028749, "corrcoef_rna_gpm": [1.0, 0.13546947006291854, 0.13546947006291854, 1.0], "r2_rna_gpm": -1408.2723111672224, "med_ae_rna_gpm": 0.658, "evs_sispi_gpm": 0.04270648971252944, "mae_rna_gpm": 0.6813621346886913, "med_ae_sispi_gpm": 0.0, "mse_sispi_gpm": 0.0003267141041931385, "corrcoef_sispi_gpm": [0.9999999999999999, 0.20708859143467773, 0.20708859143467773, 1.0], "evs_rna_gpm": -41.62240760013973, "mse_rna_gpm": 0.4787332960609912, "msle_rna_gpm": 0.271030885031994, "msle_sispi_gpm": 0.0002457247718611219}