{"mae_sispi_gpm": 0.5014193138500634, "r2_sispi_gpm": -0.06137241196969745, "corrcoef_rna_gpm": [1.0, 0.07891626020347017, 0.07891626020347017, 0.9999999999999999], "r2_rna_gpm": -0.02409896389526911, "med_ae_rna_gpm": 0.943, "evs_sispi_gpm": -0.0464510568229477, "mae_rna_gpm": 1.2406213468869123, "med_ae_sispi_gpm": 0.0, "mse_sispi_gpm": 10.13365821219822, "corrcoef_sispi_gpm": [0.9999999999999999, 0.033308526844565436, 0.033308526844565436, 0.9999999999999999], "evs_rna_gpm": 0.00031325534635229246, "mse_rna_gpm": 9.777782763659467, "msle_rna_gpm": 0.5029909388736201, "msle_sispi_gpm": 0.2391233511988929}