{"mae_rna_gpm": 0.3857280813214739, "evs_rna_gpm": 4.440892098500626e-16, "evs_sispi_gpm": 0.008790052386011826, "mse_sispi_gpm": 0.6975826861499365, "med_ae_sispi_gpm": 0.0, "med_ae_rna_gpm": 0.324, "msle_sispi_gpm": 0.044319539245402245, "mae_sispi_gpm": 0.0901092757306226, "msle_rna_gpm": 0.10755092397534477, "corrcoef_rna_gpm": [0.9999999999999998, 2.429627725050665e-16, 2.429627725050665e-16, 1.0], "mse_rna_gpm": 0.7579561778907242, "r2_rna_gpm": -0.0842453982177187, "r2_sispi_gpm": 0.002118012364207944, "corrcoef_sispi_gpm": [1.0, 0.09711072433171393, 0.09711072433171394, 1.0]}