{"mae_sispi_gpm": 0.001789072426937738, "r2_sispi_gpm": 0.0382345567028749, "corrcoef_rna_gpm": [1.0, 0.260277704310983, 0.260277704310983, 1.0], "r2_rna_gpm": -436.5493839616416, "med_ae_rna_gpm": 0.387, "evs_sispi_gpm": 0.04270648971252944, "mae_rna_gpm": 0.38512325285895804, "med_ae_sispi_gpm": 0.0, "mse_sispi_gpm": 0.0003267141041931385, "corrcoef_sispi_gpm": [0.9999999999999999, 0.20708859143467773, 0.20708859143467773, 1.0], "evs_rna_gpm": 0.06774298380374133, "mse_rna_gpm": 0.14863660991105465, "msle_rna_gpm": 0.10616435690892402, "msle_sispi_gpm": 0.0002457247718611219}