{"mae_sispi_gpm": 0.002209656925031766, "r2_sispi_gpm": -0.0017058461158767635, "corrcoef_rna_gpm": [0.9999999999999998, 0.07516603128046695, 0.07516603128046695, 0.9999999999999998], "r2_rna_gpm": -263.9313749347429, "med_ae_rna_gpm": 0.318, "evs_sispi_gpm": 0.003934879248258971, "mae_rna_gpm": 0.31891105463786534, "med_ae_sispi_gpm": 0.0, "mse_sispi_gpm": 0.0003864739517153748, "corrcoef_sispi_gpm": [1.0, 0.09828267023488675, 0.09828267023488675, 0.9999999999999998], "evs_rna_gpm": -0.7010196819622867, "mse_rna_gpm": 0.10221471283354512, "msle_rna_gpm": 0.07673693939240214, "msle_sispi_gpm": 0.0002994880268348079}