{"mae_rna_gpm": 0.8428297331639135, "evs_rna_gpm": -0.03678310804750162, "evs_sispi_gpm": -0.035115607832979956, "mse_sispi_gpm": 10.118681800508257, "med_ae_sispi_gpm": 0.0, "med_ae_rna_gpm": 0.436, "msle_sispi_gpm": 0.24316281744911872, "mae_sispi_gpm": 0.5263570520965691, "msle_rna_gpm": 0.2842204172770526, "corrcoef_rna_gpm": [1.0, -0.006502952165848375, -0.006502952165848374, 1.0], "mse_rna_gpm": 9.95633677382465, "r2_rna_gpm": -0.03694933490536112, "r2_sispi_gpm": -0.05385751823312268, "corrcoef_sispi_gpm": [1.0, -0.0007575479743229635, -0.0007575479743229636, 1.0]}