{"mae_rna_gpm": 0.4657115628970775, "evs_rna_gpm": -0.8220681646387404, "evs_sispi_gpm": -0.02090713426107227, "mse_sispi_gpm": 0.0008145171537484115, "med_ae_sispi_gpm": 0.0, "med_ae_rna_gpm": 0.467, "msle_sispi_gpm": 0.0005719261146479861, "mae_sispi_gpm": 0.0029491740787801783, "msle_rna_gpm": 0.14635137051679262, "corrcoef_rna_gpm": [1.0, 0.05599791446272894, 0.05599791446272895, 1.0], "mse_rna_gpm": 0.21804854764930115, "r2_rna_gpm": -273.90244779784047, "r2_sispi_gpm": -0.02689406443054554, "corrcoef_sispi_gpm": [1.0, 0.03358157778466294, 0.03358157778466295, 1.0]}