{"mae_sispi_gpm": 0.16637738246505718, "r2_sispi_gpm": 0.03593911974423458, "corrcoef_rna_gpm": [0.9999999999999998, 0.027938266387575468, 0.02793826638757547, 0.9999999999999999], "r2_rna_gpm": -0.1151719849670203, "med_ae_rna_gpm": 0.701, "evs_sispi_gpm": 0.04106653776467273, "mae_rna_gpm": 0.8240088945362133, "med_ae_sispi_gpm": 0.0, "mse_sispi_gpm": 2.477680405336721, "corrcoef_sispi_gpm": [1.0, 0.21154063995364414, 0.2115406399536441, 0.9999999999999999], "evs_rna_gpm": 0.0007115912783155487, "mse_rna_gpm": 2.8660428322744598, "msle_rna_gpm": 0.32045611899744747, "msle_sispi_gpm": 0.0634195226510932}