{"mae_rna_gpm": 0.4183939008894537, "evs_rna_gpm": -9.11165325083652, "evs_sispi_gpm": 0.032673849184786, "mse_sispi_gpm": 0.001300269377382465, "med_ae_sispi_gpm": 0.0, "med_ae_rna_gpm": 0.41, "msle_sispi_gpm": 0.0008402822541387361, "mae_sispi_gpm": 0.0038754764930114356, "msle_rna_gpm": 0.12315894097151707, "corrcoef_rna_gpm": [1.0, 0.24504986283423846, 0.24504986283423846, 1.0], "mse_rna_gpm": 0.1882168640406607, "r2_rna_gpm": -139.67459597270638, "r2_sispi_gpm": 0.028169605038975476, "corrcoef_sispi_gpm": [1.0, 0.21150478033344516, 0.21150478033344516, 1.0]}