{"mae_rna_gpm": 0.5330673443456163, "evs_rna_gpm": -0.7238755026297738, "evs_sispi_gpm": 0.06476414915815187, "mse_sispi_gpm": 2.7818171867852604, "med_ae_sispi_gpm": 0.0, "med_ae_rna_gpm": 0.166, "msle_sispi_gpm": 0.1715357093744771, "mae_sispi_gpm": 0.3558856416772554, "msle_rna_gpm": 0.18603079906456038, "corrcoef_rna_gpm": [1.0, 0.09894151889199723, 0.09894151889199725, 0.9999999999999999], "mse_rna_gpm": 4.999870701397713, "r2_rna_gpm": -0.7249907905008188, "r2_sispi_gpm": 0.04025337560828912, "corrcoef_sispi_gpm": [1.0, 0.26739007349479144, 0.26739007349479144, 0.9999999999999999]}