{"mae_rna_gpm": 0.39388818297331635, "evs_rna_gpm": -143.50894477311098, "evs_sispi_gpm": -35.12853851484161, "mse_sispi_gpm": 0.0012164853875476494, "med_ae_sispi_gpm": 0.0, "med_ae_rna_gpm": 0.384, "msle_sispi_gpm": 0.000661014177760031, "mae_sispi_gpm": 0.0027776365946632782, "msle_rna_gpm": 0.11147294463555701, "corrcoef_rna_gpm": [0.9999999999999998, 0.25408227577725645, 0.25408227577725645, 1.0], "mse_rna_gpm": 0.15993370012706482, "r2_rna_gpm": -4768.40821508593, "r2_sispi_gpm": -35.27700351015589, "corrcoef_sispi_gpm": [1.0, 0.3876939300334721, 0.387693930033472, 1.0]}