{"mae_sispi_gpm": 0.4784485387547649, "r2_sispi_gpm": 0.02851211511661933, "corrcoef_rna_gpm": [1.0, -0.11599535650591027, -0.11599535650591027, 1.0], "r2_rna_gpm": -279.8934237772905, "med_ae_rna_gpm": 41.977, "evs_sispi_gpm": 0.05075132180848674, "mae_rna_gpm": 40.74827700127064, "med_ae_sispi_gpm": 0.0, "mse_sispi_gpm": 5.839939571791613, "corrcoef_sispi_gpm": [1.0, 0.2494534654975276, 0.2494534654975276, 1.0], "evs_rna_gpm": -3.9525961575989887, "mse_rna_gpm": 1688.5445989580683, "msle_rna_gpm": 13.240409972715142, "msle_sispi_gpm": 0.2260321821458364}