{"mae_sispi_gpm": 0.5366721728081322, "r2_sispi_gpm": -0.21359951776519392, "corrcoef_rna_gpm": [1.0, 0.11621292264840077, 0.11621292264840077, 0.9999999999999998], "r2_rna_gpm": 0.011426791516034762, "med_ae_rna_gpm": 0.326, "evs_sispi_gpm": -0.1934107663772633, "mae_rna_gpm": 0.7380216010165186, "med_ae_sispi_gpm": 0.0, "mse_sispi_gpm": 7.835706598475222, "corrcoef_sispi_gpm": [1.0, 0.07627043866052698, 0.07627043866052699, 0.9999999999999998], "evs_rna_gpm": 0.013479617300751534, "mse_rna_gpm": 6.382805447268106, "msle_rna_gpm": 0.24972111416602916, "msle_sispi_gpm": 0.25824534626740536}