{"mae_rna_gpm": 0.7380216010165186, "evs_rna_gpm": 0.013479617300751534, "evs_sispi_gpm": -0.1934107663772633, "mse_sispi_gpm": 7.835706598475222, "med_ae_sispi_gpm": 0.0, "med_ae_rna_gpm": 0.326, "msle_sispi_gpm": 0.25824534626740536, "mae_sispi_gpm": 0.5366721728081322, "msle_rna_gpm": 0.24972111416602916, "corrcoef_rna_gpm": [1.0, 0.11621292264840077, 0.11621292264840077, 0.9999999999999998], "mse_rna_gpm": 6.382805447268106, "r2_rna_gpm": 0.011426791516034762, "r2_sispi_gpm": -0.21359951776519392, "corrcoef_sispi_gpm": [1.0, 0.07627043866052698, 0.07627043866052699, 0.9999999999999998]}