{"mae_sispi_gpm": 0.44347903430749686, "r2_sispi_gpm": -0.516106291175801, "corrcoef_rna_gpm": [1.0, -0.032469817073016126, -0.032469817073016126, 1.0], "r2_rna_gpm": -0.009093119498324809, "med_ae_rna_gpm": 0.466, "evs_sispi_gpm": -0.5116475655593538, "mae_rna_gpm": 0.6888310038119441, "med_ae_sispi_gpm": 0.0, "mse_sispi_gpm": 4.1290300101651844, "corrcoef_sispi_gpm": [1.0, 0.09300758176444714, 0.09300758176444714, 1.0], "evs_rna_gpm": -0.0001495113464007325, "mse_rna_gpm": 2.7482082210927574, "msle_rna_gpm": 0.23502368392010345, "msle_sispi_gpm": 0.22394613062780852}