{"mae_rna_gpm": 0.698045743329098, "evs_rna_gpm": -1.4708879244281015, "evs_sispi_gpm": -0.33384431543590964, "mse_sispi_gpm": 7.079528919949175, "med_ae_sispi_gpm": 0.0, "med_ae_rna_gpm": 0.263, "msle_sispi_gpm": 0.20855307991658423, "mae_sispi_gpm": 0.44471410419313845, "msle_rna_gpm": 0.21602292975572768, "corrcoef_rna_gpm": [1.0, 0.016535091801936817, 0.016535091801936817, 0.9999999999999998], "mse_rna_gpm": 13.0805864523507, "r2_rna_gpm": -1.4736145088958996, "r2_sispi_gpm": -0.3387798411276375, "corrcoef_sispi_gpm": [1.0, 0.013064386544923647, 0.013064386544923647, 0.9999999999999998]}