{"mae_sispi_gpm": 0.002209656925031766, "r2_sispi_gpm": -0.0017058461158767635, "corrcoef_rna_gpm": [1.0, 0.143715287369262, 0.14371528736926198, 0.9999999999999998], "r2_rna_gpm": -254.18631885996845, "med_ae_rna_gpm": 0.315, "evs_sispi_gpm": 0.003934879248258971, "mae_rna_gpm": 0.31340406607369753, "med_ae_sispi_gpm": 0.0, "mse_sispi_gpm": 0.0003864739517153748, "corrcoef_sispi_gpm": [1.0, 0.09828267023488675, 0.09828267023488675, 0.9999999999999998], "evs_rna_gpm": 0.004511505645039771, "mse_rna_gpm": 0.09845491613723001, "msle_rna_gpm": 0.07436135880376354, "msle_sispi_gpm": 0.0002994880268348079}