{"mae_rna_gpm": 0.2087741116751269, "evs_rna_gpm": -0.04894746396986793, "evs_sispi_gpm": -0.3181629775680641, "mse_sispi_gpm": 0.018575355329949243, "med_ae_sispi_gpm": 0.0, "med_ae_rna_gpm": 0.201, "msle_sispi_gpm": 0.006932368266958242, "mae_sispi_gpm": 0.015040609137055839, "msle_rna_gpm": 0.037281695883081875, "corrcoef_rna_gpm": [1.0, -0.00691301125179619, -0.006913011251796191, 0.9999999999999999], "mse_rna_gpm": 0.05295488071065992, "r2_rna_gpm": -2.7581789611932863, "r2_sispi_gpm": -0.3182828222980405, "corrcoef_sispi_gpm": [1.0, -0.006437901136219788, -0.006437901136219788, 0.9999999999999999]}