{"mae_rna_gpm": 1.0661702668360864, "evs_rna_gpm": -1.254992545107814, "evs_sispi_gpm": -0.29513507455309074, "mse_sispi_gpm": 7.202751905972045, "med_ae_sispi_gpm": 0.0, "med_ae_rna_gpm": 0.714, "msle_sispi_gpm": 0.24376814862017876, "mae_sispi_gpm": 0.5394282083862769, "msle_rna_gpm": 0.40064868341020415, "corrcoef_rna_gpm": [0.9999999999999998, 0.010128974715131687, 0.010128974715131687, 0.9999999999999998], "mse_rna_gpm": 12.687691235069888, "r2_rna_gpm": -1.286089548595156, "r2_sispi_gpm": -0.29780395410732363, "corrcoef_sispi_gpm": [1.0, 0.18647488563552594, 0.18647488563552592, 0.9999999999999998]}