{"mae_rna_gpm": 0.2907664974619289, "evs_rna_gpm": -3.8252038489107107, "evs_sispi_gpm": -23.18178196746239, "mse_sispi_gpm": 0.002895380710659899, "med_ae_sispi_gpm": 0.0, "med_ae_rna_gpm": 0.291, "msle_sispi_gpm": 0.0018379197395735356, "mae_sispi_gpm": 0.006791878172588833, "msle_rna_gpm": 0.06536058175134828, "corrcoef_rna_gpm": [1.0, -0.0020277851400840713, -0.0020277851400840713, 1.0], "mse_rna_gpm": 0.08511756852791878, "r2_rna_gpm": -716.5064004431031, "r2_sispi_gpm": -23.406878950455067, "corrcoef_sispi_gpm": [1.0, -0.008517934729095096, -0.008517934729095098, 1.0]}