{"mae_sispi_gpm": 0.006791878172588833, "r2_sispi_gpm": -23.406878950455067, "corrcoef_rna_gpm": [1.0, -0.0020277851400840713, -0.0020277851400840713, 1.0], "r2_rna_gpm": -716.5064004431031, "med_ae_rna_gpm": 0.291, "evs_sispi_gpm": -23.18178196746239, "mae_rna_gpm": 0.2907664974619289, "med_ae_sispi_gpm": 0.0, "mse_sispi_gpm": 0.002895380710659899, "corrcoef_sispi_gpm": [1.0, -0.008517934729095096, -0.008517934729095098, 1.0], "evs_rna_gpm": -3.8252038489107107, "mse_rna_gpm": 0.08511756852791878, "msle_rna_gpm": 0.06536058175134828, "msle_sispi_gpm": 0.0018379197395735356}