{"mae_rna_gpm": 0.8158703939008897, "evs_rna_gpm": -3.4499668801385095, "evs_sispi_gpm": 0.003934879248258971, "mse_sispi_gpm": 0.0003864739517153748, "med_ae_sispi_gpm": 0.0, "med_ae_rna_gpm": 0.82, "msle_sispi_gpm": 0.0002994880268348079, "mae_sispi_gpm": 0.002209656925031766, "msle_rna_gpm": 0.35565195628898916, "corrcoef_rna_gpm": [0.9999999999999998, 0.005895408642491161, 0.005895408642491162, 0.9999999999999998], "mse_rna_gpm": 0.6673613672172807, "r2_rna_gpm": -1728.7408532872155, "r2_sispi_gpm": -0.0017058461158767635, "corrcoef_sispi_gpm": [1.0, 0.09828267023488675, 0.09828267023488675, 0.9999999999999998]}