{"mae_sispi_gpm": 0.3410914866581956, "r2_sispi_gpm": -0.1295232772764474, "corrcoef_rna_gpm": [1.0, 0.05772046936787558, 0.05772046936787558, 1.0], "r2_rna_gpm": -0.4809997626944953, "med_ae_rna_gpm": 0.268, "evs_sispi_gpm": -0.11154145031133855, "mae_rna_gpm": 0.5528094027954257, "med_ae_sispi_gpm": 0.0, "mse_sispi_gpm": 2.5041351601016517, "corrcoef_sispi_gpm": [1.0, 0.17828277606194545, 0.17828277606194542, 1.0], "evs_rna_gpm": -0.48045957745408274, "mse_rna_gpm": 3.2833529440914866, "msle_rna_gpm": 0.18827171917960683, "msle_sispi_gpm": 0.17338615975607155}