{"mae_rna_gpm": 0.6596886912325285, "evs_rna_gpm": 0.00566757773334603, "evs_sispi_gpm": -0.16796942006624827, "mse_sispi_gpm": 4.8475774574332915, "med_ae_sispi_gpm": 0.0, "med_ae_rna_gpm": 0.303, "msle_sispi_gpm": 0.23975415382181797, "mae_sispi_gpm": 0.4685019059720458, "msle_rna_gpm": 0.22664904052674756, "corrcoef_rna_gpm": [1.0, 0.10173178592711925, 0.10173178592711925, 1.0], "mse_rna_gpm": 4.081742387547648, "r2_rna_gpm": 0.005667577355374043, "r2_sispi_gpm": -0.18089359385149417, "corrcoef_sispi_gpm": [1.0, 0.06725697968645816, 0.06725697968645816, 1.0]}