{"mae_rna_gpm": 0.7526404066073699, "evs_rna_gpm": -0.00016551573306999856, "evs_sispi_gpm": 0.00797030798833187, "mse_sispi_gpm": 2.9111953278271914, "med_ae_sispi_gpm": 0.0, "med_ae_rna_gpm": 0.541, "msle_sispi_gpm": 0.17326074666745342, "mae_sispi_gpm": 0.3492947903430749, "msle_rna_gpm": 0.2633145588779236, "corrcoef_rna_gpm": [0.9999999999999998, -0.1209644395726064, -0.12096443957260639, 1.0], "mse_rna_gpm": 2.8897554510800503, "r2_rna_gpm": -0.014798055610384608, "r2_sispi_gpm": -0.02232711666895737, "corrcoef_sispi_gpm": [1.0, 0.13354673501665545, 0.13354673501665545, 1.0]}