{"mae_sispi_gpm": 0.3696137229987293, "r2_sispi_gpm": -0.08119761362600841, "corrcoef_rna_gpm": [1.0, 0.14654018015242354, 0.14654018015242354, 1.0], "r2_rna_gpm": 0.0049216038945961715, "med_ae_rna_gpm": 0.349, "evs_sispi_gpm": -0.06571558288077006, "mae_rna_gpm": 0.6091219822109276, "med_ae_sispi_gpm": 0.0, "mse_sispi_gpm": 4.015210439644219, "corrcoef_sispi_gpm": [1.0, 0.12149981849669324, 0.12149981849669324, 1.0], "evs_rna_gpm": 0.005142111027807261, "mse_rna_gpm": 3.695392141041933, "msle_rna_gpm": 0.1978908795735588, "msle_sispi_gpm": 0.17011168608269933}