{"mae_rna_gpm": 0.544828462515883, "evs_rna_gpm": 0.0006098294022656159, "evs_sispi_gpm": -1.9141037782265489, "mse_sispi_gpm": 0.5311989440914867, "med_ae_sispi_gpm": 0.0, "med_ae_rna_gpm": 0.526, "msle_sispi_gpm": 0.022564802884585882, "mae_sispi_gpm": 0.06563786531130876, "msle_rna_gpm": 0.18514018835189225, "corrcoef_rna_gpm": [1.0, 0.028390190299695826, 0.028390190299695823, 1.0], "mse_rna_gpm": 0.4197760965692504, "r2_rna_gpm": -1.3046910751591247, "r2_sispi_gpm": -1.9164344410917074, "corrcoef_sispi_gpm": [1.0, 0.3897920343215137, 0.3897920343215137, 1.0]}