{"mae_rna_gpm": 0.4543329097839898, "evs_rna_gpm": -0.0049878271078585, "evs_sispi_gpm": -0.429418266358518, "mse_sispi_gpm": 5.300889904701397, "med_ae_sispi_gpm": 0.0, "med_ae_rna_gpm": 0.126, "msle_sispi_gpm": 0.1920342794379163, "mae_sispi_gpm": 0.4342503176620076, "msle_rna_gpm": 0.18303236097841474, "corrcoef_rna_gpm": [1.0, -0.006270619109562949, -0.006270619109562949, 1.0], "mse_rna_gpm": 3.7382523837357056, "r2_rna_gpm": -0.018738396348251474, "r2_sispi_gpm": -0.4445841335457388, "corrcoef_sispi_gpm": [1.0, 0.11447655390045265, 0.11447655390045265, 1.0]}