{"mae_rna_gpm": 0.6748551461245235, "evs_rna_gpm": 0.024498875697654188, "evs_sispi_gpm": -0.04206546640003106, "mse_sispi_gpm": 9.80018363024142, "med_ae_sispi_gpm": 0.0, "med_ae_rna_gpm": 0.305, "msle_sispi_gpm": 0.19938303276719785, "mae_sispi_gpm": 0.4620927573062261, "msle_rna_gpm": 0.2042453296550917, "corrcoef_rna_gpm": [1.0, 0.16236276606163094, 0.16236276606163094, 1.0], "mse_rna_gpm": 9.089424029224906, "r2_rna_gpm": 0.02443340762430879, "r2_sispi_gpm": -0.05185231958266767, "corrcoef_sispi_gpm": [1.0, 0.07921565147060743, 0.07921565147060741, 1.0]}