{"mae_rna_gpm": 0.36089580686149936, "evs_rna_gpm": -0.00047151661371636067, "evs_sispi_gpm": -0.02090713426107227, "mse_sispi_gpm": 0.0008145171537484115, "med_ae_sispi_gpm": 0.0, "med_ae_rna_gpm": 0.363, "msle_sispi_gpm": 0.0005719261146479861, "mae_sispi_gpm": 0.0029491740787801783, "msle_rna_gpm": 0.09500715985367525, "corrcoef_rna_gpm": [1.0, -0.032671110130372744, -0.032671110130372744, 1.0], "mse_rna_gpm": 0.13062878653113089, "r2_rna_gpm": -163.68888950375245, "r2_sispi_gpm": -0.02689406443054554, "corrcoef_sispi_gpm": [1.0, 0.03358157778466294, 0.03358157778466295, 1.0]}