{"mae_rna_gpm": 0.49755146124523514, "evs_rna_gpm": 0.007891029188603849, "evs_sispi_gpm": -0.7300130191543035, "mse_sispi_gpm": 6.488562443456163, "med_ae_sispi_gpm": 0.0, "med_ae_rna_gpm": 0.231, "msle_sispi_gpm": 0.21933774516339566, "mae_sispi_gpm": 0.4762350698856416, "msle_rna_gpm": 0.1622120015105063, "corrcoef_rna_gpm": [1.0, 0.09244495964508422, 0.09244495964508422, 1.0], "mse_rna_gpm": 3.720010865311309, "r2_rna_gpm": 0.00625181861600943, "r2_sispi_gpm": -0.7333274986124063, "corrcoef_sispi_gpm": [1.0, 0.03741892833635418, 0.03741892833635417, 1.0]}