{"mae_sispi_gpm": 0.42408894536213476, "r2_sispi_gpm": -0.08610375946901794, "corrcoef_rna_gpm": [1.0, 0.04014641462392062, 0.04014641462392062, 1.0], "r2_rna_gpm": -0.0002559166175528649, "med_ae_rna_gpm": 0.349, "evs_sispi_gpm": -0.06561272217165381, "mae_rna_gpm": 0.6508449809402795, "med_ae_sispi_gpm": 0.0, "mse_sispi_gpm": 4.757020198221093, "corrcoef_sispi_gpm": [1.0, 0.09863573442787298, 0.09863573442787298, 1.0], "evs_rna_gpm": 4.663939763449587e-05, "mse_rna_gpm": 4.381015678526048, "msle_rna_gpm": 0.2171218982222525, "msle_sispi_gpm": 0.20372671770280143}