{"mae_sispi_gpm": 0.004104060913705584, "r2_sispi_gpm": -0.9343684238894787, "corrcoef_rna_gpm": [1.0, 0.0054906466013612, 0.0054906466013612, 0.9999999999999999], "r2_rna_gpm": -28.408676576235237, "med_ae_rna_gpm": 0.153, "evs_sispi_gpm": -0.9333431238390371, "mae_rna_gpm": 0.15268274111675126, "med_ae_sispi_gpm": 0.0, "mse_sispi_gpm": 0.0015489314720812187, "corrcoef_sispi_gpm": [1.0, -0.00520585160741406, -0.00520585160741406, 0.9999999999999999], "evs_rna_gpm": -0.07822207795237723, "mse_rna_gpm": 0.023548784263959396, "msle_rna_gpm": 0.020258983829067347, "msle_sispi_gpm": 0.0010291673442051209}