{"mae_sispi_gpm": 0.0038754764930114356, "r2_sispi_gpm": 0.028169605038975476, "corrcoef_rna_gpm": [0.9999999999999998, -0.18309242623690614, -0.18309242623690614, 1.0], "r2_rna_gpm": -5091.978345899216, "med_ae_rna_gpm": 2.651, "evs_sispi_gpm": 0.032673849184786, "mae_rna_gpm": 2.5952706480304952, "med_ae_sispi_gpm": 0.0, "mse_sispi_gpm": 0.001300269377382465, "corrcoef_sispi_gpm": [1.0, 0.21150478033344516, 0.21150478033344516, 1.0], "evs_rna_gpm": -59.1133528674313, "mse_rna_gpm": 6.814197021601014, "msle_rna_gpm": 1.6343462250889436, "msle_sispi_gpm": 0.0008402822541387361}