{"mae_sispi_gpm": 0.43051207115628976, "r2_sispi_gpm": -0.062450363148923715, "corrcoef_rna_gpm": [1.0, -0.17094269153852595, -0.17094269153852593, 1.0], "r2_rna_gpm": -0.01964944654897849, "med_ae_rna_gpm": 0.488, "evs_sispi_gpm": -0.03108575872224506, "mae_rna_gpm": 0.7797229987293518, "med_ae_sispi_gpm": 0.0, "mse_sispi_gpm": 3.6113874015247776, "corrcoef_sispi_gpm": [1.0, 0.09205700260795492, 0.09205700260795494, 1.0], "evs_rna_gpm": -0.018395028363852095, "mse_rna_gpm": 3.4659023074968234, "msle_rna_gpm": 0.2868177274315977, "msle_sispi_gpm": 0.21801888856808063}