{"mae_sispi_gpm": 0.16637738246505718, "r2_sispi_gpm": 0.03593911974423458, "corrcoef_rna_gpm": [1.0, 0.16858939607129292, 0.16858939607129292, 0.9999999999999999], "r2_rna_gpm": -0.017624783237983, "med_ae_rna_gpm": 0.368, "evs_sispi_gpm": 0.04106653776467273, "mae_rna_gpm": 0.502697585768742, "med_ae_sispi_gpm": 0.0, "mse_sispi_gpm": 2.477680405336721, "corrcoef_sispi_gpm": [1.0, 0.21154063995364414, 0.2115406399536441, 0.9999999999999999], "evs_rna_gpm": 1.9787376657309785e-05, "mse_rna_gpm": 2.615342077509529, "msle_rna_gpm": 0.15204601965058603, "msle_sispi_gpm": 0.0634195226510932}