{"mae_sispi_gpm": 0.002209656925031766, "r2_sispi_gpm": -0.0017058461158767635, "corrcoef_rna_gpm": [1.0, 0.20384694898124617, 0.20384694898124614, 0.9999999999999998], "r2_rna_gpm": -1105.1960156886973, "med_ae_rna_gpm": 0.648, "evs_sispi_gpm": 0.003934879248258971, "mae_rna_gpm": 0.6514917407878017, "med_ae_sispi_gpm": 0.0, "mse_sispi_gpm": 0.0003864739517153748, "corrcoef_sispi_gpm": [1.0, 0.09828267023488675, 0.09828267023488675, 0.9999999999999998], "evs_rna_gpm": -5.081717449784725, "mse_rna_gpm": 0.4267879110546378, "msle_rna_gpm": 0.2516136351327628, "msle_sispi_gpm": 0.0002994880268348079}