{"mae_rna_gpm": 0.5886836086404066, "evs_rna_gpm": -0.0020925471645418803, "evs_sispi_gpm": -0.47123828114144506, "mse_sispi_gpm": 3.487410472681067, "med_ae_sispi_gpm": 0.0, "med_ae_rna_gpm": 0.338, "msle_sispi_gpm": 0.19415494461827432, "mae_sispi_gpm": 0.39818297331639135, "msle_rna_gpm": 0.19747783528381427, "corrcoef_rna_gpm": [1.0, 0.057437419378046035, 0.057437419378046035, 1.0], "mse_rna_gpm": 2.3511808589580685, "r2_rna_gpm": -0.002561889178986032, "r2_sispi_gpm": -0.48705907438491325, "corrcoef_sispi_gpm": [0.9999999999999998, 0.08853248064515011, 0.08853248064515011, 1.0]}