{"mae_sispi_gpm": 0.0027776365946632782, "r2_sispi_gpm": -35.27700351015589, "corrcoef_rna_gpm": [1.0, -0.1346992260715041, -0.1346992260715041, 1.0], "r2_rna_gpm": -23841.673355642386, "med_ae_rna_gpm": 0.885, "evs_sispi_gpm": -35.12853851484161, "mae_rna_gpm": 0.889836086404066, "med_ae_sispi_gpm": 0.0, "mse_sispi_gpm": 0.0012164853875476494, "corrcoef_sispi_gpm": [1.0, 0.3876939300334721, 0.387693930033472, 1.0], "evs_rna_gpm": -233.75400405441687, "mse_rna_gpm": 0.7995220368487927, "msle_rna_gpm": 0.40634775624409836, "msle_sispi_gpm": 0.000661014177760031}