{"mae_rna_gpm": 0.5734040660736976, "evs_rna_gpm": 0.06580800349460914, "evs_sispi_gpm": -0.39093806705463763, "mse_sispi_gpm": 4.006443512071156, "med_ae_sispi_gpm": 0.0, "med_ae_rna_gpm": 0.265, "msle_sispi_gpm": 0.21990890906723526, "mae_sispi_gpm": 0.4443862770012706, "msle_rna_gpm": 0.194781903353728, "corrcoef_rna_gpm": [0.9999999999999999, 0.25695532750690503, 0.25695532750690503, 0.9999999999999999], "mse_rna_gpm": 2.6621273989834817, "r2_rna_gpm": 0.06556368766034726, "r2_sispi_gpm": -0.40630621301085523, "corrcoef_sispi_gpm": [1.0, 0.08447127877433784, 0.08447127877433784, 0.9999999999999999]}