{"mae_sispi_gpm": 0.018093908629441623, "r2_sispi_gpm": -1759.6118914334188, "corrcoef_rna_gpm": [1.0, -0.006927093648494289, -0.00692709364849429, 0.9999999999999998], "r2_rna_gpm": -18910.56098451293, "med_ae_rna_gpm": 0.49, "evs_sispi_gpm": -1744.442538560614, "mae_rna_gpm": 0.533804568527919, "med_ae_sispi_gpm": 0.0, "mse_sispi_gpm": 0.03610345431472082, "corrcoef_sispi_gpm": [1.0, -0.004765375440222016, -0.004765375440222016, 0.9999999999999998], "evs_rna_gpm": -5014.892413847268, "mse_rna_gpm": 0.38780419543147204, "msle_rna_gpm": 0.1886558249676829, "msle_sispi_gpm": 0.009204495550450942}