{"mae_sispi_gpm": 0.0027776365946632782, "r2_sispi_gpm": -35.27700351015589, "corrcoef_rna_gpm": [0.9999999999999998, -0.1230195420007012, -0.1230195420007012, 1.0], "r2_rna_gpm": -2127.1156227165984, "med_ae_rna_gpm": 0.27, "evs_sispi_gpm": -35.12853851484161, "mae_rna_gpm": 0.2650546378653113, "med_ae_sispi_gpm": 0.0, "mse_sispi_gpm": 0.0012164853875476494, "corrcoef_sispi_gpm": [1.0, 0.3876939300334721, 0.387693930033472, 1.0], "evs_rna_gpm": -33.62761090232153, "mse_rna_gpm": 0.07136260736975858, "msle_rna_gpm": 0.055917668240844, "msle_sispi_gpm": 0.000661014177760031}