{"mae_sispi_gpm": 0.20007623888182974, "r2_sispi_gpm": -0.008287564575436779, "corrcoef_rna_gpm": [NaN, NaN, NaN, 0.9999999999999998], "r2_rna_gpm": -0.21021274079456442, "med_ae_rna_gpm": 1.141, "evs_sispi_gpm": -0.0006942850003093248, "mae_rna_gpm": 1.2846975857687422, "med_ae_sispi_gpm": 0.0, "mse_sispi_gpm": 4.293915273189327, "corrcoef_sispi_gpm": [0.9999999999999998, 0.03434950690756995, 0.03434950690756995, 0.9999999999999998], "evs_rna_gpm": 0.0, "mse_rna_gpm": 5.153838204574333, "msle_rna_gpm": 0.6074772763616624, "msle_sispi_gpm": 0.08979415153670318}