{"mae_sispi_gpm": 0.5011689961880559, "r2_sispi_gpm": -0.38285732069446676, "corrcoef_rna_gpm": [0.9999999999999998, -1.0662360243893404e-16, -1.0662360243893404e-16, 1.0], "r2_rna_gpm": -0.005013241024391268, "med_ae_rna_gpm": 0.266, "evs_sispi_gpm": -0.3686774656898111, "mae_rna_gpm": 0.6240177890724269, "med_ae_sispi_gpm": 0.0, "mse_sispi_gpm": 6.962951344345616, "corrcoef_sispi_gpm": [1.0, 0.07264199032525369, 0.07264199032525369, 1.0], "evs_rna_gpm": 0.0, "mse_rna_gpm": 5.060434068614994, "msle_rna_gpm": 0.21816790861840024, "msle_sispi_gpm": 0.2269572202481365}