{"mae_rna_gpm": 0.6411080050825921, "evs_rna_gpm": 0.01174727754591609, "evs_sispi_gpm": -0.38188909440559904, "mse_sispi_gpm": 4.434499331639136, "med_ae_sispi_gpm": 0.0, "med_ae_rna_gpm": 0.414, "msle_sispi_gpm": 0.17755716604407737, "mae_sispi_gpm": 0.3641118170266836, "msle_rna_gpm": 0.21056728059237168, "corrcoef_rna_gpm": [1.0, 0.10858055922033662, 0.10858055922033663, 1.0], "mse_rna_gpm": 3.153521804320203, "r2_rna_gpm": 0.006450617752045584, "r2_sispi_gpm": -0.3971344880168979, "corrcoef_sispi_gpm": [1.0, 0.012534908541324323, 0.012534908541324323, 1.0]}