{"mae_sispi_gpm": 0.3641118170266836, "r2_sispi_gpm": -0.3971344880168979, "corrcoef_rna_gpm": [1.0, 0.10858055922033662, 0.10858055922033663, 1.0], "r2_rna_gpm": 0.006450617752045584, "med_ae_rna_gpm": 0.414, "evs_sispi_gpm": -0.38188909440559904, "mae_rna_gpm": 0.6411080050825921, "med_ae_sispi_gpm": 0.0, "mse_sispi_gpm": 4.434499331639136, "corrcoef_sispi_gpm": [1.0, 0.012534908541324323, 0.012534908541324323, 1.0], "evs_rna_gpm": 0.01174727754591609, "mse_rna_gpm": 3.153521804320203, "msle_rna_gpm": 0.21056728059237168, "msle_sispi_gpm": 0.17755716604407737}