{"mae_sispi_gpm": 0.0038754764930114356, "r2_sispi_gpm": 0.028169605038975476, "corrcoef_rna_gpm": [1.0, 0.16624746801049087, 0.16624746801049087, 1.0], "r2_rna_gpm": -210.43388259320858, "med_ae_rna_gpm": 0.524, "evs_sispi_gpm": 0.032673849184786, "mae_rna_gpm": 0.5276836086404066, "med_ae_sispi_gpm": 0.0, "mse_sispi_gpm": 0.001300269377382465, "corrcoef_sispi_gpm": [1.0, 0.21150478033344516, 0.21150478033344516, 1.0], "evs_rna_gpm": -2.554887981775717, "mse_rna_gpm": 0.28288989961880573, "msle_rna_gpm": 0.17979725339870226, "msle_sispi_gpm": 0.0008402822541387361}