{"mae_rna_gpm": 0.9775806861499362, "evs_rna_gpm": -0.0001885366274392286, "evs_sispi_gpm": -0.0006942850003093248, "mse_sispi_gpm": 4.293915273189327, "med_ae_sispi_gpm": 0.0, "med_ae_rna_gpm": 0.822, "msle_sispi_gpm": 0.08979415153670318, "mae_sispi_gpm": 0.20007623888182974, "msle_rna_gpm": 0.40106280847025627, "corrcoef_rna_gpm": [0.9999999999999998, -0.021863653373338444, -0.02186365337333844, 0.9999999999999998], "mse_rna_gpm": 4.652118701397713, "r2_rna_gpm": -0.09240009108612957, "r2_sispi_gpm": -0.008287564575436779, "corrcoef_sispi_gpm": [0.9999999999999998, 0.03434950690756995, 0.03434950690756995, 0.9999999999999998]}