{"mae_rna_gpm": 0.6590952986022871, "evs_rna_gpm": 0.0, "evs_sispi_gpm": -0.7494038465745125, "mse_sispi_gpm": 6.804547866581957, "med_ae_sispi_gpm": 0.0, "med_ae_rna_gpm": 0.318, "msle_sispi_gpm": 0.2637038807790035, "mae_sispi_gpm": 0.5663138500635324, "msle_rna_gpm": 0.23059392843518778, "corrcoef_rna_gpm": [NaN, NaN, NaN, 1.0], "mse_rna_gpm": 3.8848299974587044, "r2_rna_gpm": -0.0025718236498504243, "r2_sispi_gpm": -0.7560737453568043, "corrcoef_sispi_gpm": [0.9999999999999998, 0.19031867154925014, 0.19031867154925014, 1.0]}