{"mae_sispi_gpm": 0.018093908629441623, "r2_sispi_gpm": -1759.6118914334188, "corrcoef_rna_gpm": [1.0, -0.008144275162128302, -0.008144275162128303, 0.9999999999999998], "r2_rna_gpm": -7976.976820280845, "med_ae_rna_gpm": 0.404, "evs_sispi_gpm": -1744.442538560614, "mae_rna_gpm": 0.4044263959390863, "med_ae_sispi_gpm": 0.0, "mse_sispi_gpm": 0.03610345431472082, "corrcoef_sispi_gpm": [1.0, -0.004765375440222016, -0.004765375440222016, 0.9999999999999998], "evs_rna_gpm": -0.8167549398422991, "mse_rna_gpm": 0.1635979644670051, "msle_rna_gpm": 0.11533409697544593, "msle_sispi_gpm": 0.009204495550450942}