{"mae_sispi_gpm": 0.36543964421855146, "r2_sispi_gpm": -0.388537625837603, "corrcoef_rna_gpm": [1.0, -0.12183729948454847, -0.12183729948454847, 1.0], "r2_rna_gpm": -24.694195454596343, "med_ae_rna_gpm": 8.552, "evs_sispi_gpm": -0.38074764084006785, "mae_rna_gpm": 7.977715374841167, "med_ae_sispi_gpm": 0.0, "mse_sispi_gpm": 3.611228334180432, "corrcoef_sispi_gpm": [1.0, 0.17399704355439327, 0.1739970435543933, 1.0], "evs_rna_gpm": -1.2389742117196985, "mse_rna_gpm": 66.82397719949174, "msle_rna_gpm": 4.582392990810902, "msle_sispi_gpm": 0.17044536396119775}