{"mae_rna_gpm": 0.4967522236340534, "evs_rna_gpm": -0.06130773706656756, "evs_sispi_gpm": -2.5943509548443116, "mse_sispi_gpm": 4.867166836086405, "med_ae_sispi_gpm": 0.0, "med_ae_rna_gpm": 0.274, "msle_sispi_gpm": 0.2093019329689255, "mae_sispi_gpm": 0.42645743329097835, "msle_rna_gpm": 0.17540420235743664, "corrcoef_rna_gpm": [1.0, 0.046901773445319345, 0.04690177344531935, 1.0], "mse_rna_gpm": 1.445216493011436, "r2_rna_gpm": -0.06733756901983967, "r2_sispi_gpm": -2.59455489469102, "corrcoef_sispi_gpm": [0.9999999999999998, 0.1325373036842805, 0.13253730368428052, 1.0]}