{"mae_sispi_gpm": 0.06563786531130876, "r2_sispi_gpm": -1.9164344410917074, "corrcoef_rna_gpm": [1.0, 0.1796939915919413, 0.17969399159194133, 1.0], "r2_rna_gpm": -1.2588323925152087, "med_ae_rna_gpm": 0.516, "evs_sispi_gpm": -1.9141037782265489, "mae_rna_gpm": 0.5374155019059721, "med_ae_sispi_gpm": 0.0, "mse_sispi_gpm": 0.5311989440914867, "corrcoef_sispi_gpm": [1.0, 0.3897920343215137, 0.3897920343215137, 1.0], "evs_rna_gpm": 0.029299843221868405, "mse_rna_gpm": 0.41142340279542566, "msle_rna_gpm": 0.18031105212734277, "msle_sispi_gpm": 0.022564802884585882}