{"mae_rna_gpm": 0.34104955527318925, "evs_rna_gpm": -3.5993639496461185, "evs_sispi_gpm": -0.02090713426107227, "mse_sispi_gpm": 0.0008145171537484115, "med_ae_sispi_gpm": 0.0, "med_ae_rna_gpm": 0.34, "msle_sispi_gpm": 0.0005719261146479861, "mae_sispi_gpm": 0.0029491740787801783, "msle_rna_gpm": 0.08676608026573801, "corrcoef_rna_gpm": [0.9999999999999999, 0.013168248785110196, 0.013168248785110198, 1.0], "mse_rna_gpm": 0.1195351867852605, "r2_rna_gpm": -149.70274853695182, "r2_sispi_gpm": -0.02689406443054554, "corrcoef_sispi_gpm": [1.0, 0.03358157778466294, 0.03358157778466295, 1.0]}