{"mae_rna_gpm": 0.5629872935196951, "evs_rna_gpm": 0.0025658240581155622, "evs_sispi_gpm": 0.008790052386011826, "mse_sispi_gpm": 0.6975826861499365, "med_ae_sispi_gpm": 0.0, "med_ae_rna_gpm": 0.508, "msle_sispi_gpm": 0.044319539245402245, "mae_sispi_gpm": 0.0901092757306226, "msle_rna_gpm": 0.18999759650460307, "corrcoef_rna_gpm": [1.0, 0.10553414234706716, 0.10553414234706715, 1.0], "mse_rna_gpm": 0.8794228881829732, "r2_rna_gpm": -0.2580017782204729, "r2_sispi_gpm": 0.002118012364207944, "corrcoef_sispi_gpm": [1.0, 0.09711072433171393, 0.09711072433171394, 1.0]}