{"mae_sispi_gpm": 0.001789072426937738, "r2_sispi_gpm": 0.0382345567028749, "corrcoef_rna_gpm": [1.0, -0.1357137446719693, -0.1357137446719693, 1.0], "r2_rna_gpm": -980.3819288298297, "med_ae_rna_gpm": 0.58, "evs_sispi_gpm": 0.04270648971252944, "mae_rna_gpm": 0.5758526048284626, "med_ae_sispi_gpm": 0.0, "mse_sispi_gpm": 0.0003267141041931385, "corrcoef_sispi_gpm": [0.9999999999999999, 0.20708859143467773, 0.20708859143467773, 1.0], "evs_rna_gpm": -5.748318402999099, "mse_rna_gpm": 0.3333778729351969, "msle_rna_gpm": 0.20722147492721507, "msle_sispi_gpm": 0.0002457247718611219}