{"mae_rna_gpm": 0.5592604828462516, "evs_rna_gpm": -0.0010206320088210763, "evs_sispi_gpm": -0.056741703059330684, "mse_sispi_gpm": 8.727486063532401, "med_ae_sispi_gpm": 0.0, "med_ae_rna_gpm": 0.218, "msle_sispi_gpm": 0.20131401317631595, "mae_sispi_gpm": 0.4452833545108005, "msle_rna_gpm": 0.18973471640930384, "corrcoef_rna_gpm": [1.0, -0.02409087135264607, -0.02409087135264607, 0.9999999999999999], "mse_rna_gpm": 8.215804116899614, "r2_rna_gpm": -0.004568696361578084, "r2_sispi_gpm": -0.06713343850572584, "corrcoef_sispi_gpm": [1.0, 0.06166760499577757, 0.06166760499577757, 0.9999999999999999]}