{"mae_sispi_gpm": 0.20007623888182974, "r2_sispi_gpm": -0.008287564575436779, "corrcoef_rna_gpm": [1.0, -0.06075437804743219, -0.060754378047432195, 0.9999999999999998], "r2_rna_gpm": -0.14405859735848914, "med_ae_rna_gpm": 0.978, "evs_sispi_gpm": -0.0006942850003093248, "mae_rna_gpm": 1.1277191867852603, "med_ae_sispi_gpm": 0.0, "mse_sispi_gpm": 4.293915273189327, "corrcoef_sispi_gpm": [0.9999999999999998, 0.03434950690756995, 0.03434950690756995, 0.9999999999999998], "evs_rna_gpm": -0.000244826637805895, "mse_rna_gpm": 4.87211273570521, "msle_rna_gpm": 0.4995993600300456, "msle_sispi_gpm": 0.08979415153670318}