{"mae_rna_gpm": 0.8225451080050825, "evs_rna_gpm": -0.8575669887265396, "evs_sispi_gpm": -0.16291723459120666, "mse_sispi_gpm": 3.8662692185514618, "med_ae_sispi_gpm": 0.0, "med_ae_rna_gpm": 0.487, "msle_sispi_gpm": 0.19722883473643713, "mae_sispi_gpm": 0.411266836086404, "msle_rna_gpm": 0.29289715637066194, "corrcoef_rna_gpm": [1.0, 0.0004791551142320945, 0.0004791551142320945, 1.0], "mse_rna_gpm": 6.174931038119441, "r2_rna_gpm": -0.8765012885296288, "r2_sispi_gpm": -0.1749214891027786, "corrcoef_sispi_gpm": [1.0, 0.09669013470977901, 0.09669013470977901, 1.0]}