{"mae_sispi_gpm": 0.4555552731893265, "r2_sispi_gpm": -0.5741121077050066, "corrcoef_rna_gpm": [1.0, -0.10559444336158044, -0.10559444336158044, 1.0], "r2_rna_gpm": -0.02514264821278589, "med_ae_rna_gpm": 0.344, "evs_sispi_gpm": -0.568801537207102, "mae_rna_gpm": 0.61210292249047, "med_ae_sispi_gpm": 0.0, "mse_sispi_gpm": 3.6394666937738247, "corrcoef_sispi_gpm": [0.9999999999999999, 0.2065645668215303, 0.20656456682153027, 1.0], "evs_rna_gpm": -0.025129147354563175, "mse_rna_gpm": 2.3702076277001267, "msle_rna_gpm": 0.2225563007476211, "msle_sispi_gpm": 0.21326292048750642}