{"mae_sispi_gpm": 0.4260139771283355, "r2_sispi_gpm": 0.03885206616796966, "corrcoef_rna_gpm": [1.0, 0.33906495292304883, 0.33906495292304883, 0.9999999999999999], "r2_rna_gpm": 0.11059971083651499, "med_ae_rna_gpm": 0.423, "evs_sispi_gpm": 0.06828481444703927, "mae_rna_gpm": 0.7158780177890723, "med_ae_sispi_gpm": 0.0, "mse_sispi_gpm": 3.2931798970775095, "corrcoef_sispi_gpm": [1.0, 0.3146342759233102, 0.3146342759233103, 0.9999999999999999], "evs_rna_gpm": 0.11078307031873413, "mse_rna_gpm": 3.0473510368487933, "msle_rna_gpm": 0.24512695524526476, "msle_sispi_gpm": 0.22846936712064408}