{"mae_sispi_gpm": 0.34326683608640407, "r2_sispi_gpm": -0.48659645610810465, "corrcoef_rna_gpm": [1.0, -0.16908769889301187, -0.16908769889301187, 0.9999999999999999], "r2_rna_gpm": -2.6598313938885085, "med_ae_rna_gpm": 2.524, "evs_sispi_gpm": -0.47814587105454365, "mae_rna_gpm": 2.4270698856416777, "med_ae_sispi_gpm": 0.0, "mse_sispi_gpm": 2.761449518424396, "corrcoef_sispi_gpm": [1.0, 0.12078768898932483, 0.12078768898932482, 0.9999999999999999], "evs_rna_gpm": -0.27183011309169536, "mse_rna_gpm": 6.798374635324015, "msle_rna_gpm": 1.4447833140164181, "msle_sispi_gpm": 0.17353263709318067}