{"mae_sispi_gpm": 0.2959174078780178, "r2_sispi_gpm": -0.03341135203868695, "corrcoef_rna_gpm": [1.0, 0.05051247522298671, 0.050512475222986714, 1.0], "r2_rna_gpm": -0.07469467494126314, "med_ae_rna_gpm": 0.141, "evs_sispi_gpm": -0.01691786852162025, "mae_rna_gpm": 0.4002655654383735, "med_ae_sispi_gpm": 0.0, "mse_sispi_gpm": 3.7645784510800504, "corrcoef_sispi_gpm": [1.0, 0.06135335967489579, 0.061353359674895795, 1.0], "evs_rna_gpm": -0.0715839828839211, "mse_rna_gpm": 3.914968039390089, "msle_rna_gpm": 0.137486350113559, "msle_sispi_gpm": 0.14227345434476454}