{"mae_rna_gpm": 0.7126010165184244, "evs_rna_gpm": -0.41210146192159636, "evs_sispi_gpm": -0.11636797312561997, "mse_sispi_gpm": 5.352950700127065, "med_ae_sispi_gpm": 0.0, "med_ae_rna_gpm": 0.365, "msle_sispi_gpm": 0.2061015301428171, "mae_sispi_gpm": 0.43616137229987295, "msle_rna_gpm": 0.2195875441086967, "corrcoef_rna_gpm": [0.9999999999999999, 0.12431103432965729, 0.12431103432965727, 1.0], "mse_rna_gpm": 6.682186837357053, "r2_rna_gpm": -0.41324608324679923, "r2_sispi_gpm": -0.13211988753069925, "corrcoef_sispi_gpm": [0.9999999999999999, 0.09458813410763607, 0.09458813410763607, 1.0]}