{"mae_sispi_gpm": 0.4728627700127065, "r2_sispi_gpm": -0.14198567955356234, "corrcoef_rna_gpm": [1.0, -0.09208525064774405, -0.09208525064774405, 0.9999999999999998], "r2_rna_gpm": -0.007842372772013384, "med_ae_rna_gpm": 0.317, "evs_sispi_gpm": -0.13483029450294404, "mae_rna_gpm": 0.6377878017789074, "med_ae_sispi_gpm": 0.0, "mse_sispi_gpm": 6.903248331639136, "corrcoef_sispi_gpm": [0.9999999999999999, 0.1982710805610623, 0.1982710805610623, 0.9999999999999998], "evs_rna_gpm": -0.006452657960632102, "mse_rna_gpm": 6.0923585146124495, "msle_rna_gpm": 0.22076544287370578, "msle_sispi_gpm": 0.2127174005517582}