{"mae_sispi_gpm": 0.0027776365946632782, "r2_sispi_gpm": -35.27700351015589, "corrcoef_rna_gpm": [NaN, NaN, NaN, 1.0], "r2_rna_gpm": -4570.503867218813, "med_ae_rna_gpm": 0.392, "evs_sispi_gpm": -35.12853851484161, "mae_rna_gpm": 0.39148919949174077, "med_ae_sispi_gpm": 0.0, "mse_sispi_gpm": 0.0012164853875476494, "corrcoef_sispi_gpm": [1.0, 0.3876939300334721, 0.387693930033472, 1.0], "evs_rna_gpm": 0.0, "mse_rna_gpm": 0.15329732655654385, "msle_rna_gpm": 0.10909354812513576, "msle_sispi_gpm": 0.000661014177760031}