{"mae_sispi_gpm": 0.0038754764930114356, "r2_sispi_gpm": 0.028169605038975476, "corrcoef_rna_gpm": [0.9999999999999999, -0.10362696632800258, -0.10362696632800258, 1.0], "r2_rna_gpm": -381.35481067329204, "med_ae_rna_gpm": 0.72, "evs_sispi_gpm": 0.032673849184786, "mae_rna_gpm": 0.7123379923761117, "med_ae_sispi_gpm": 0.0, "mse_sispi_gpm": 0.001300269377382465, "corrcoef_sispi_gpm": [1.0, 0.21150478033344516, 0.21150478033344516, 1.0], "evs_rna_gpm": -2.6344142390272993, "mse_rna_gpm": 0.5115751207115626, "msle_rna_gpm": 0.2900487665864197, "msle_sispi_gpm": 0.0008402822541387361}