{"mae_rna_gpm": 0.24500635324015246, "evs_rna_gpm": -0.06226313005154904, "evs_sispi_gpm": 0.003934879248258971, "mse_sispi_gpm": 0.0003864739517153748, "med_ae_sispi_gpm": 0.0, "med_ae_rna_gpm": 0.246, "msle_sispi_gpm": 0.0002994880268348079, "mae_sispi_gpm": 0.002209656925031766, "msle_rna_gpm": 0.04808987022526371, "corrcoef_rna_gpm": [1.0, 0.06257436672087444, 0.06257436672087444, 0.9999999999999998], "mse_rna_gpm": 0.06023390088945363, "r2_rna_gpm": -155.12087279756943, "r2_sispi_gpm": -0.0017058461158767635, "corrcoef_sispi_gpm": [1.0, 0.09828267023488675, 0.09828267023488675, 0.9999999999999998]}