{"mae_rna_gpm": 0.6019504447268108, "evs_rna_gpm": -0.5480712490590827, "evs_sispi_gpm": -0.9106157631917582, "mse_sispi_gpm": 3.5934254548919946, "med_ae_sispi_gpm": 0.0, "med_ae_rna_gpm": 0.426, "msle_sispi_gpm": 0.14975990128430783, "mae_sispi_gpm": 0.31372935196950447, "msle_rna_gpm": 0.2037206140919679, "corrcoef_rna_gpm": [0.9999999999999998, -0.003494490076302175, -0.003494490076302175, 1.0], "mse_rna_gpm": 2.971633424396442, "r2_rna_gpm": -0.5823526179496832, "r2_sispi_gpm": -0.9134480482262899, "corrcoef_sispi_gpm": [1.0, 0.08853556602838948, 0.08853556602838948, 1.0]}