{"mae_rna_gpm": 0.3207382465057179, "evs_rna_gpm": -0.1200692651367945, "evs_sispi_gpm": 0.003934879248258971, "mse_sispi_gpm": 0.0003864739517153748, "med_ae_sispi_gpm": 0.0, "med_ae_rna_gpm": 0.321, "msle_sispi_gpm": 0.0002994880268348079, "mae_sispi_gpm": 0.002209656925031766, "msle_rna_gpm": 0.07743141355512972, "corrcoef_rna_gpm": [1.0, 0.1588926312448778, 0.1588926312448778, 0.9999999999999998], "mse_rna_gpm": 0.10316338627700129, "r2_rna_gpm": -266.39025147777267, "r2_sispi_gpm": -0.0017058461158767635, "corrcoef_sispi_gpm": [1.0, 0.09828267023488675, 0.09828267023488675, 0.9999999999999998]}