{"mae_rna_gpm": 0.42023634053367215, "evs_rna_gpm": -2.220446049250313e-16, "evs_sispi_gpm": 0.039813910657991, "mse_sispi_gpm": 0.7022327890724269, "med_ae_sispi_gpm": 0.0, "med_ae_rna_gpm": 0.362, "msle_sispi_gpm": 0.03694316530602025, "mae_sispi_gpm": 0.08157687420584497, "msle_rna_gpm": 0.12111424039887449, "corrcoef_rna_gpm": [NaN, NaN, NaN, 1.0], "mse_rna_gpm": 0.808114597204574, "r2_rna_gpm": -0.11090232148870238, "r2_sispi_gpm": 0.03465172104970626, "corrcoef_sispi_gpm": [1.0, 0.2067385318173683, 0.20673853181736826, 1.0]}