{"mae_sispi_gpm": 0.4118208386277001, "r2_sispi_gpm": -0.6468210824715175, "corrcoef_rna_gpm": [0.9999999999999999, 0.18693886777779598, 0.18693886777779598, 1.0], "r2_rna_gpm": 0.019515888511399293, "med_ae_rna_gpm": 0.354, "evs_sispi_gpm": -0.6447753928873865, "mae_rna_gpm": 0.5687280813214739, "med_ae_sispi_gpm": 0.0, "mse_sispi_gpm": 3.649735988564167, "corrcoef_sispi_gpm": [1.0, 0.18365660445869164, 0.18365660445869164, 1.0], "evs_rna_gpm": 0.023411424865543484, "mse_rna_gpm": 2.1729793151207115, "msle_rna_gpm": 0.18398428541015308, "msle_sispi_gpm": 0.1918072897725669}