{"mae_rna_gpm": 0.24014358322744592, "evs_rna_gpm": -0.4375781528752105, "evs_sispi_gpm": -0.02090713426107227, "mse_sispi_gpm": 0.0008145171537484115, "med_ae_sispi_gpm": 0.0, "med_ae_rna_gpm": 0.244, "msle_sispi_gpm": 0.0005719261146479861, "mae_sispi_gpm": 0.0029491740787801783, "msle_rna_gpm": 0.04655022841460904, "corrcoef_rna_gpm": [1.0, -0.09500581342882526, -0.09500581342882526, 1.0], "mse_rna_gpm": 0.05817626556543838, "r2_rna_gpm": -72.34512419407756, "r2_sispi_gpm": -0.02689406443054554, "corrcoef_sispi_gpm": [1.0, 0.03358157778466294, 0.03358157778466295, 1.0]}