{"mae_rna_gpm": 0.7445959339263025, "evs_rna_gpm": -0.38343913251777306, "evs_sispi_gpm": -0.23851895046072258, "mse_sispi_gpm": 10.780732058449809, "med_ae_sispi_gpm": 0.0, "med_ae_rna_gpm": 0.178, "msle_sispi_gpm": 0.27070436069131604, "mae_sispi_gpm": 0.5990673443456163, "msle_rna_gpm": 0.25508481783711956, "corrcoef_rna_gpm": [1.0, 0.052148125565473255, 0.05214812556547326, 1.0], "mse_rna_gpm": 11.962415017789075, "r2_rna_gpm": -0.3859086601797108, "r2_sispi_gpm": -0.2490044778302707, "corrcoef_sispi_gpm": [1.0, 0.09226969114459006, 0.09226969114459006, 1.0]}