{"mae_rna_gpm": 0.3069212198221092, "evs_rna_gpm": -58.73506844904447, "evs_sispi_gpm": 0.04270648971252944, "mse_sispi_gpm": 0.0003267141041931385, "med_ae_sispi_gpm": 0.0, "med_ae_rna_gpm": 0.288, "msle_sispi_gpm": 0.0002457247718611219, "mae_sispi_gpm": 0.001789072426937738, "msle_rna_gpm": 0.07520086689082736, "corrcoef_rna_gpm": [1.0, 0.22766075893347734, 0.22766075893347731, 1.0], "mse_rna_gpm": 0.1144148043202033, "r2_rna_gpm": -335.8088600537532, "r2_sispi_gpm": 0.0382345567028749, "corrcoef_sispi_gpm": [0.9999999999999999, 0.20708859143467773, 0.20708859143467773, 1.0]}