{"mae_rna_gpm": 0.22363197969543147, "evs_rna_gpm": -0.08339313827943018, "evs_sispi_gpm": -0.9333431238390371, "mse_sispi_gpm": 0.0015489314720812187, "med_ae_sispi_gpm": 0.0, "med_ae_rna_gpm": 0.223, "msle_sispi_gpm": 0.0010291673442051209, "mae_sispi_gpm": 0.004104060913705584, "msle_rna_gpm": 0.04071481715966452, "corrcoef_rna_gpm": [1.0, -0.003643536884643074, -0.003643536884643074, 0.9999999999999999], "mse_rna_gpm": 0.05011659137055839, "r2_rna_gpm": -61.58763128488928, "r2_sispi_gpm": -0.9343684238894787, "corrcoef_sispi_gpm": [1.0, -0.00520585160741406, -0.00520585160741406, 0.9999999999999999]}