{"mae_rna_gpm": 2.125548919949174, "evs_rna_gpm": -0.2001461367434938, "evs_sispi_gpm": -0.16307286976269353, "mse_sispi_gpm": 2.369855955527319, "med_ae_sispi_gpm": 0.0, "med_ae_rna_gpm": 2.142, "msle_sispi_gpm": 0.15961885150460625, "mae_sispi_gpm": 0.31164548919949175, "msle_rna_gpm": 1.2157318503695353, "corrcoef_rna_gpm": [1.0, -0.14439972310804197, -0.14439972310804197, 1.0], "mse_rna_gpm": 5.654752905972044, "r2_rna_gpm": -1.8203512847876135, "r2_sispi_gpm": -0.1819837931157331, "corrcoef_sispi_gpm": [1.0, 0.06846519060847961, 0.06846519060847961, 1.0]}