{"mae_sispi_gpm": 0.006791878172588833, "r2_sispi_gpm": -23.406878950455067, "corrcoef_rna_gpm": [1.0, -0.013853773303675359, -0.013853773303675359, 1.0], "r2_rna_gpm": -2434.3040385325503, "med_ae_rna_gpm": 0.533, "evs_sispi_gpm": -23.18178196746239, "mae_rna_gpm": 0.5368020304568529, "med_ae_sispi_gpm": 0.0, "mse_sispi_gpm": 0.002895380710659899, "corrcoef_sispi_gpm": [1.0, -0.008517934729095096, -0.008517934729095098, 1.0], "evs_rna_gpm": -5.262899498251484, "mse_rna_gpm": 0.288899385786802, "msle_rna_gpm": 0.1846824058430844, "msle_sispi_gpm": 0.0018379197395735356}