{"mae_rna_gpm": 0.9530368487928844, "evs_rna_gpm": 0.00012892699216870973, "evs_sispi_gpm": -0.0006942850003093248, "mse_sispi_gpm": 4.293915273189327, "med_ae_sispi_gpm": 0.0, "med_ae_rna_gpm": 0.796, "msle_sispi_gpm": 0.08979415153670318, "mae_sispi_gpm": 0.20007623888182974, "msle_rna_gpm": 0.38542496874788773, "corrcoef_rna_gpm": [0.9999999999999999, 0.026484234683679754, 0.02648423468367975, 0.9999999999999998], "mse_rna_gpm": 4.619779339263025, "r2_rna_gpm": -0.08480623452116554, "r2_sispi_gpm": -0.008287564575436779, "corrcoef_sispi_gpm": [0.9999999999999998, 0.03434950690756995, 0.03434950690756995, 0.9999999999999998]}