{"mae_sispi_gpm": 0.49579288437102925, "r2_sispi_gpm": -0.11806845460293425, "corrcoef_rna_gpm": [1.0, -0.015230388354151114, -0.015230388354151114, 1.0], "r2_rna_gpm": -0.01178989867031599, "med_ae_rna_gpm": 0.571, "evs_sispi_gpm": -0.10498465344117736, "mae_rna_gpm": 0.9180965692503176, "med_ae_sispi_gpm": 0.0, "mse_sispi_gpm": 8.321251889453622, "corrcoef_sispi_gpm": [1.0, 0.12418561379577746, 0.12418561379577746, 1.0], "evs_rna_gpm": -0.008647363217493487, "mse_rna_gpm": 7.5302711308767485, "msle_rna_gpm": 0.3285745749168931, "msle_sispi_gpm": 0.21039062931749328}