{"mae_sispi_gpm": 0.5232439644218552, "r2_sispi_gpm": -1.7142484714989648, "corrcoef_rna_gpm": [1.0, 0.08468639776629333, 0.08468639776629333, 1.0], "r2_rna_gpm": 0.006713827414113416, "med_ae_rna_gpm": 0.347, "evs_sispi_gpm": -1.7135085962991212, "mae_rna_gpm": 0.597984752223634, "med_ae_sispi_gpm": 0.0, "mse_sispi_gpm": 6.692800783989834, "corrcoef_sispi_gpm": [1.0, 0.12992706681384072, 0.12992706681384072, 1.0], "evs_rna_gpm": 0.00717100966391071, "mse_rna_gpm": 2.4492475705209653, "msle_rna_gpm": 0.20028010831902915, "msle_sispi_gpm": 0.2291096386792424}