{"mae_sispi_gpm": 0.4931016518424396, "r2_sispi_gpm": -0.039948360064648414, "corrcoef_rna_gpm": [1.0, -0.008991985057538385, -0.008991985057538385, 0.9999999999999999], "r2_rna_gpm": -0.0251393420611008, "med_ae_rna_gpm": 0.917, "evs_sispi_gpm": -0.025014425011668395, "mae_rna_gpm": 1.1977725540025415, "med_ae_sispi_gpm": 0.0, "mse_sispi_gpm": 9.067445861499365, "corrcoef_sispi_gpm": [0.9999999999999998, 0.053948724173726086, 0.05394872417372608, 0.9999999999999999], "evs_rna_gpm": -1.0812972978557767e-05, "mse_rna_gpm": 8.938324095298603, "msle_rna_gpm": 0.4808074147395832, "msle_sispi_gpm": 0.23451138339116398}