{"mae_sispi_gpm": 0.006791878172588833, "r2_sispi_gpm": -23.406878950455067, "corrcoef_rna_gpm": [0.9999999999999998, -0.011088870368200863, -0.011088870368200861, 1.0], "r2_rna_gpm": -1569.6043976845724, "med_ae_rna_gpm": 0.432, "evs_sispi_gpm": -23.18178196746239, "mae_rna_gpm": 0.43150507614213207, "med_ae_sispi_gpm": 0.0, "mse_sispi_gpm": 0.002895380710659899, "corrcoef_sispi_gpm": [1.0, -0.008517934729095096, -0.008517934729095098, 1.0], "evs_rna_gpm": -0.04271253719672585, "mse_rna_gpm": 0.18632032741116747, "msle_rna_gpm": 0.12865139795127067, "msle_sispi_gpm": 0.0018379197395735356}