{"mae_rna_gpm": 0.17489834815756033, "evs_rna_gpm": -0.7439263486994809, "evs_sispi_gpm": 0.003934879248258971, "mse_sispi_gpm": 0.0003864739517153748, "med_ae_sispi_gpm": 0.0, "med_ae_rna_gpm": 0.174, "msle_sispi_gpm": 0.0002994880268348079, "mae_sispi_gpm": 0.002209656925031766, "msle_rna_gpm": 0.026218879509814014, "corrcoef_rna_gpm": [1.0, 0.07071185736381871, 0.07071185736381871, 0.9999999999999998], "mse_rna_gpm": 0.031038664548919945, "r2_rna_gpm": -79.4494367506058, "r2_sispi_gpm": -0.0017058461158767635, "corrcoef_sispi_gpm": [1.0, 0.09828267023488675, 0.09828267023488675, 0.9999999999999998]}