{"mae_rna_gpm": 1.1499199491740786, "evs_rna_gpm": -26.62132387661975, "evs_sispi_gpm": 0.032673849184786, "mse_sispi_gpm": 0.001300269377382465, "med_ae_sispi_gpm": 0.0, "med_ae_rna_gpm": 1.165, "msle_sispi_gpm": 0.0008402822541387361, "mae_sispi_gpm": 0.0038754764930114356, "msle_rna_gpm": 0.5859731295617878, "corrcoef_rna_gpm": [0.9999999999999999, 0.10380322455108947, 0.10380322455108947, 1.0], "mse_rna_gpm": 1.359272092757306, "r2_rna_gpm": -1014.9294356551424, "r2_sispi_gpm": 0.028169605038975476, "corrcoef_sispi_gpm": [1.0, 0.21150478033344516, 0.21150478033344516, 1.0]}