{"mae_sispi_gpm": 0.4421423125794155, "r2_sispi_gpm": -0.03978646742263092, "corrcoef_rna_gpm": [1.0, -0.19619661873557873, -0.19619661873557873, 1.0], "r2_rna_gpm": -0.015453884508727755, "med_ae_rna_gpm": 0.377, "evs_sispi_gpm": -0.021639531114017396, "mae_rna_gpm": 0.7014930114358323, "med_ae_sispi_gpm": 0.0, "mse_sispi_gpm": 4.916816030495553, "corrcoef_sispi_gpm": [1.0, 0.22994159032751174, 0.2299415903275118, 1.0], "evs_rna_gpm": -0.014533087057505112, "mse_rna_gpm": 4.8017550660736985, "msle_rna_gpm": 0.2539051881073134, "msle_sispi_gpm": 0.21000996297098423}