{"mae_rna_gpm": 0.5112261753494282, "evs_rna_gpm": 0.0015350731255691086, "evs_sispi_gpm": -1.146616687758438, "mse_sispi_gpm": 3.7291563875476488, "med_ae_sispi_gpm": 0.0, "med_ae_rna_gpm": 0.26, "msle_sispi_gpm": 0.19204529450366425, "mae_sispi_gpm": 0.42634434561626433, "msle_rna_gpm": 0.17349689825094178, "corrcoef_rna_gpm": [1.0, 0.16157204555462554, 0.16157204555462554, 1.0], "mse_rna_gpm": 1.7346831905972044, "r2_rna_gpm": 0.0008489264052833345, "r2_sispi_gpm": -1.1479372305083966, "corrcoef_sispi_gpm": [0.9999999999999999, 0.3457459634467532, 0.3457459634467532, 1.0]}