{"mae_rna_gpm": 0.437869123252859, "evs_rna_gpm": -0.0015972852181009856, "evs_sispi_gpm": -0.7386603819118571, "mse_sispi_gpm": 2.471942640406608, "med_ae_sispi_gpm": 0.0, "med_ae_rna_gpm": 0.268, "msle_sispi_gpm": 0.15546945352541444, "mae_sispi_gpm": 0.3091664548919949, "msle_rna_gpm": 0.14081417983285355, "corrcoef_rna_gpm": [1.0, -0.022279421171314484, -0.022279421171314484, 1.0], "mse_rna_gpm": 1.4186915133418043, "r2_rna_gpm": -0.002728089907652498, "r2_sispi_gpm": -0.7471637060388963, "corrcoef_sispi_gpm": [0.9999999999999998, 0.05702667892853053, 0.05702667892853053, 1.0]}