{"mae_sispi_gpm": 0.0038754764930114356, "r2_sispi_gpm": 0.028169605038975476, "corrcoef_rna_gpm": [1.0, 0.29532978640574237, 0.29532978640574237, 1.0], "r2_rna_gpm": -135.0916417381175, "med_ae_rna_gpm": 0.391, "evs_sispi_gpm": 0.032673849184786, "mae_rna_gpm": 0.40372681067344346, "med_ae_sispi_gpm": 0.0, "mse_sispi_gpm": 0.001300269377382465, "corrcoef_sispi_gpm": [1.0, 0.21150478033344516, 0.21150478033344516, 1.0], "evs_rna_gpm": -13.609557222035521, "mse_rna_gpm": 0.18208505844980943, "msle_rna_gpm": 0.11647546283917679, "msle_sispi_gpm": 0.0008402822541387361}