{"mae_rna_gpm": 0.40372681067344346, "evs_rna_gpm": -13.609557222035521, "evs_sispi_gpm": 0.032673849184786, "mse_sispi_gpm": 0.001300269377382465, "med_ae_sispi_gpm": 0.0, "med_ae_rna_gpm": 0.391, "msle_sispi_gpm": 0.0008402822541387361, "mae_sispi_gpm": 0.0038754764930114356, "msle_rna_gpm": 0.11647546283917679, "corrcoef_rna_gpm": [1.0, 0.29532978640574237, 0.29532978640574237, 1.0], "mse_rna_gpm": 0.18208505844980943, "r2_rna_gpm": -135.0916417381175, "r2_sispi_gpm": 0.028169605038975476, "corrcoef_sispi_gpm": [1.0, 0.21150478033344516, 0.21150478033344516, 1.0]}