{"mae_rna_gpm": 0.6961550190597204, "evs_rna_gpm": -4.516722877218135, "evs_sispi_gpm": -0.02090713426107227, "mse_sispi_gpm": 0.0008145171537484115, "med_ae_sispi_gpm": 0.0, "med_ae_rna_gpm": 0.699, "msle_sispi_gpm": 0.0005719261146479861, "mae_sispi_gpm": 0.0029491740787801783, "msle_rna_gpm": 0.279490657389287, "corrcoef_rna_gpm": [1.0, -0.023662574590348137, -0.02366257459034814, 1.0], "mse_rna_gpm": 0.4890075933926303, "r2_rna_gpm": -615.5112579955128, "r2_sispi_gpm": -0.02689406443054554, "corrcoef_sispi_gpm": [1.0, 0.03358157778466294, 0.03358157778466295, 1.0]}