{"mae_rna_gpm": 0.5781956797966963, "evs_rna_gpm": 0.01051433264203161, "evs_sispi_gpm": -0.8354545056857452, "mse_sispi_gpm": 4.155880588310039, "med_ae_sispi_gpm": 0.0, "med_ae_rna_gpm": 0.345, "msle_sispi_gpm": 0.19856558736701052, "mae_sispi_gpm": 0.43000889453621344, "msle_rna_gpm": 0.19143205849709355, "corrcoef_rna_gpm": [1.0, 0.11096190214558792, 0.11096190214558793, 1.0], "mse_rna_gpm": 2.2328031893265563, "r2_rna_gpm": 0.009120228654319718, "r2_sispi_gpm": -0.8443085475557031, "corrcoef_sispi_gpm": [0.9999999999999999, 0.09975032847352225, 0.09975032847352223, 1.0]}