{"mae_rna_gpm": 0.43568106734434564, "evs_rna_gpm": -0.002201256294785958, "evs_sispi_gpm": 0.039813910657991, "mse_sispi_gpm": 0.7022327890724269, "med_ae_sispi_gpm": 0.0, "med_ae_rna_gpm": 0.378, "msle_sispi_gpm": 0.03694316530602025, "mae_sispi_gpm": 0.08157687420584497, "msle_rna_gpm": 0.128023342269284, "corrcoef_rna_gpm": [1.0, -0.5275771248788528, -0.5275771248788528, 1.0], "mse_rna_gpm": 0.8188909847522232, "r2_rna_gpm": -0.12571645055573977, "r2_sispi_gpm": 0.03465172104970626, "corrcoef_sispi_gpm": [1.0, 0.2067385318173683, 0.20673853181736826, 1.0]}