{"mae_sispi_gpm": 0.015040609137055839, "r2_sispi_gpm": -0.3182828222980405, "corrcoef_rna_gpm": [1.0, -0.011550437788160412, -0.011550437788160412, 0.9999999999999999], "r2_rna_gpm": -6.604192708519062, "med_ae_rna_gpm": 0.307, "evs_sispi_gpm": -0.3181629775680641, "mae_rna_gpm": 0.3159111675126903, "med_ae_sispi_gpm": 0.0, "mse_sispi_gpm": 0.018575355329949243, "corrcoef_sispi_gpm": [1.0, -0.006437901136219788, -0.006437901136219788, 0.9999999999999999], "evs_rna_gpm": -0.06288120045519752, "mse_rna_gpm": 0.10714740355329949, "msle_rna_gpm": 0.07574572030290593, "msle_sispi_gpm": 0.006932368266958242}