{"mae_rna_gpm": 0.49101015228426387, "evs_rna_gpm": -1.7860435717543837, "evs_sispi_gpm": -23.18178196746239, "mse_sispi_gpm": 0.002895380710659899, "med_ae_sispi_gpm": 0.0, "med_ae_rna_gpm": 0.489, "msle_sispi_gpm": 0.0018379197395735356, "mae_sispi_gpm": 0.006791878172588833, "msle_rna_gpm": 0.15954963473676095, "corrcoef_rna_gpm": [1.0, -0.0146174953995226, -0.0146174953995226, 1.0], "mse_rna_gpm": 0.24142147715736034, "r2_rna_gpm": -2034.08462542627, "r2_sispi_gpm": -23.406878950455067, "corrcoef_sispi_gpm": [1.0, -0.008517934729095096, -0.008517934729095098, 1.0]}