{"mae_rna_gpm": 0.6653303684879288, "evs_rna_gpm": -0.009547808188953288, "evs_sispi_gpm": -0.0653419336341936, "mse_sispi_gpm": 3.249109224904701, "med_ae_sispi_gpm": 0.0, "med_ae_rna_gpm": 0.426, "msle_sispi_gpm": 0.21236954897103008, "mae_sispi_gpm": 0.39569250317662, "msle_rna_gpm": 0.23234400033299527, "corrcoef_rna_gpm": [1.0, -0.07965150909500822, -0.07965150909500822, 1.0], "mse_rna_gpm": 2.9971224027954255, "r2_rna_gpm": -0.01041813995528651, "r2_sispi_gpm": -0.09537031136190666, "corrcoef_sispi_gpm": [1.0, -0.0038524229401378156, -0.0038524229401378156, 1.0]}