{"mae_sispi_gpm": 0.0029491740787801783, "r2_sispi_gpm": -0.02689406443054554, "corrcoef_rna_gpm": [1.0, 0.07390255246610555, 0.07390255246610555, 1.0], "r2_rna_gpm": -210.38263768206144, "med_ae_rna_gpm": 0.389, "evs_sispi_gpm": -0.02090713426107227, "mae_rna_gpm": 0.39821855146124535, "med_ae_sispi_gpm": 0.0, "mse_sispi_gpm": 0.0008145171537484115, "corrcoef_sispi_gpm": [1.0, 0.03358157778466294, 0.03358157778466295, 1.0], "evs_rna_gpm": -10.961968595663109, "mse_rna_gpm": 0.16766557560355783, "msle_rna_gpm": 0.11393838895859848, "msle_sispi_gpm": 0.0005719261146479861}