{"mae_rna_gpm": 0.5304637865311309, "evs_rna_gpm": 0.04604270128291954, "evs_sispi_gpm": -0.14352301863228423, "mse_sispi_gpm": 2.2930381346886914, "med_ae_sispi_gpm": 0.0, "med_ae_rna_gpm": 0.287, "msle_sispi_gpm": 0.16452191178704892, "mae_sispi_gpm": 0.32507242693773825, "msle_rna_gpm": 0.17299100586233632, "corrcoef_rna_gpm": [1.0, 0.21552501851880887, 0.21552501851880887, 0.9999999999999999], "mse_rna_gpm": 1.8768155463786533, "r2_rna_gpm": 0.045118907876255276, "r2_sispi_gpm": -0.1666456847918596, "corrcoef_sispi_gpm": [1.0, 0.13810314232667414, 0.13810314232667412, 0.9999999999999999]}