{"mae_rna_gpm": 0.5071928934010151, "evs_rna_gpm": -4.245930841243299, "evs_sispi_gpm": -23.18178196746239, "mse_sispi_gpm": 0.002895380710659899, "med_ae_sispi_gpm": 0.0, "med_ae_rna_gpm": 0.504, "msle_sispi_gpm": 0.0018379197395735356, "mae_sispi_gpm": 0.006791878172588833, "msle_rna_gpm": 0.16834183663969432, "corrcoef_rna_gpm": [1.0, -0.013393916612658797, -0.013393916612658797, 1.0], "mse_rna_gpm": 0.25786695431472084, "r2_rna_gpm": -2172.7132930776097, "r2_sispi_gpm": -23.406878950455067, "corrcoef_sispi_gpm": [1.0, -0.008517934729095096, -0.008517934729095098, 1.0]}