{"mae_sispi_gpm": 0.5157623888182973, "r2_sispi_gpm": -0.5605389907725082, "corrcoef_rna_gpm": [1.0, 0.1094980589927322, 0.1094980589927322, 1.0], "r2_rna_gpm": 0.008298335180424776, "med_ae_rna_gpm": 0.296, "evs_sispi_gpm": -0.5497207976587657, "mae_rna_gpm": 0.6278932655654382, "med_ae_sispi_gpm": 0.0, "mse_sispi_gpm": 5.51794628335451, "corrcoef_sispi_gpm": [1.0, 0.1476589827376432, 0.1476589827376432, 1.0], "evs_rna_gpm": 0.010732689366725334, "mse_rna_gpm": 3.506581090216011, "msle_rna_gpm": 0.21952723313552458, "msle_sispi_gpm": 0.24575496022666074}