{"mae_rna_gpm": 0.6276480304955528, "evs_rna_gpm": 0.01990901332774664, "evs_sispi_gpm": -0.06588230479231627, "mse_sispi_gpm": 4.60684390343075, "med_ae_sispi_gpm": 0.0, "med_ae_rna_gpm": 0.329, "msle_sispi_gpm": 0.18375064858706255, "mae_sispi_gpm": 0.3790698856416773, "msle_rna_gpm": 0.20710995496580933, "corrcoef_rna_gpm": [1.0, 0.14386586149959404, 0.14386586149959404, 1.0], "mse_rna_gpm": 4.1988991041931385, "r2_rna_gpm": 0.019186452373283647, "r2_sispi_gpm": -0.07610466461891607, "corrcoef_sispi_gpm": [1.0, 0.21590885518594463, 0.21590885518594463, 1.0]}