{"mae_rna_gpm": 0.5899326556543837, "evs_rna_gpm": -0.00010043686001481866, "evs_sispi_gpm": -0.0006942850003093248, "mse_sispi_gpm": 4.293915273189327, "med_ae_sispi_gpm": 0.0, "med_ae_rna_gpm": 0.418, "msle_sispi_gpm": 0.08979415153670318, "mae_sispi_gpm": 0.20007623888182974, "msle_rna_gpm": 0.18404189428166193, "corrcoef_rna_gpm": [0.9999999999999998, -0.04166872124810168, -0.04166872124810168, 0.9999999999999998], "mse_rna_gpm": 4.308750062261754, "r2_rna_gpm": -0.011771036510298094, "r2_sispi_gpm": -0.008287564575436779, "corrcoef_sispi_gpm": [0.9999999999999998, 0.03434950690756995, 0.03434950690756995, 0.9999999999999998]}