{"mae_sispi_gpm": 0.4385146124523507, "r2_sispi_gpm": -0.12731276662004287, "corrcoef_rna_gpm": [1.0, 0.10049965229573386, 0.10049965229573386, 0.9999999999999998], "r2_rna_gpm": -1.1010499188470728, "med_ae_rna_gpm": 0.318, "evs_sispi_gpm": -0.10909566949901661, "mae_rna_gpm": 0.755322744599746, "med_ae_sispi_gpm": 0.0, "mse_sispi_gpm": 5.252328992376111, "corrcoef_sispi_gpm": [0.9999999999999999, 0.07603022740971889, 0.07603022740971889, 0.9999999999999998], "evs_rna_gpm": -1.0996398684763613, "mse_rna_gpm": 9.789124837357054, "msle_rna_gpm": 0.22995310938787994, "msle_sispi_gpm": 0.20937241100197582}