{"mae_rna_gpm": 0.6033443456162644, "evs_rna_gpm": 0.0010208977068805192, "evs_sispi_gpm": -0.013362405878887262, "mse_sispi_gpm": 8.625354433290978, "med_ae_sispi_gpm": 0.0, "med_ae_rna_gpm": 0.253, "msle_sispi_gpm": 0.1787038165043614, "mae_sispi_gpm": 0.39911181702668364, "msle_rna_gpm": 0.1924951061948289, "corrcoef_rna_gpm": [0.9999999999999999, 0.06288520929175816, 0.06288520929175816, 0.9999999999999999], "mse_rna_gpm": 8.437648536213468, "r2_rna_gpm": 0.000928302839333206, "r2_sispi_gpm": -0.021297279128845492, "corrcoef_sispi_gpm": [0.9999999999999999, 0.09593630712976925, 0.09593630712976925, 0.9999999999999999]}