{"mae_rna_gpm": 0.42464675984752215, "evs_rna_gpm": 0.25481337577948293, "evs_sispi_gpm": -0.2083952569664056, "mse_sispi_gpm": 2.0865477662007623, "med_ae_sispi_gpm": 0.0, "med_ae_rna_gpm": 0.268, "msle_sispi_gpm": 0.14810050288378523, "mae_sispi_gpm": 0.30111054637865314, "msle_rna_gpm": 0.13311831967176652, "corrcoef_rna_gpm": [1.0, 0.5203857074973778, 0.5203857074973778, 1.0], "mse_rna_gpm": 1.2883966416772554, "r2_rna_gpm": 0.2528015395996449, "r2_sispi_gpm": -0.210081762109682, "corrcoef_sispi_gpm": [0.9999999999999999, 0.4244013794971306, 0.42440137949713064, 1.0]}