{"mae_rna_gpm": 0.5546277001270649, "evs_rna_gpm": -0.019294381907947855, "evs_sispi_gpm": -0.36938515115065873, "mse_sispi_gpm": 7.049559307496823, "med_ae_sispi_gpm": 0.0, "med_ae_rna_gpm": 0.251, "msle_sispi_gpm": 0.21350781873333544, "mae_sispi_gpm": 0.46592249047013984, "msle_rna_gpm": 0.1812946298875237, "corrcoef_rna_gpm": [1.0, 0.037992474496695766, 0.03799247449669576, 1.0], "mse_rna_gpm": 5.227562871664548, "r2_rna_gpm": -0.019375302823218643, "r2_sispi_gpm": -0.3746647970130712, "corrcoef_sispi_gpm": [1.0, 0.019952024871630968, 0.019952024871630968, 1.0]}