{"mae_sispi_gpm": 0.46592249047013984, "r2_sispi_gpm": -0.3746647970130712, "corrcoef_rna_gpm": [1.0, 0.037992474496695766, 0.03799247449669576, 1.0], "r2_rna_gpm": -0.019375302823218643, "med_ae_rna_gpm": 0.251, "evs_sispi_gpm": -0.36938515115065873, "mae_rna_gpm": 0.5546277001270649, "med_ae_sispi_gpm": 0.0, "mse_sispi_gpm": 7.049559307496823, "corrcoef_sispi_gpm": [1.0, 0.019952024871630968, 0.019952024871630968, 1.0], "evs_rna_gpm": -0.019294381907947855, "mse_rna_gpm": 5.227562871664548, "msle_rna_gpm": 0.1812946298875237, "msle_sispi_gpm": 0.21350781873333544}