{"mae_sispi_gpm": 0.25461118170266833, "r2_sispi_gpm": -0.24266223314909263, "corrcoef_rna_gpm": [1.0, 0.08703689065764544, 0.08703689065764544, 1.0], "r2_rna_gpm": -0.014937556125698359, "med_ae_rna_gpm": 0.358, "evs_sispi_gpm": -0.22460567648039365, "mae_rna_gpm": 0.5122274459974587, "med_ae_sispi_gpm": 0.0, "mse_sispi_gpm": 1.3197334269377385, "corrcoef_sispi_gpm": [1.0, 0.23138062981253515, 0.23138062981253515, 1.0], "evs_rna_gpm": 0.0074853036207914725, "mse_rna_gpm": 1.0778850304955525, "msle_rna_gpm": 0.16634128009967977, "msle_sispi_gpm": 0.1246180016824909}