{"mae_rna_gpm": 0.4964612452350699, "evs_rna_gpm": -0.0158002266079329, "evs_sispi_gpm": -0.3076628769543923, "mse_sispi_gpm": 2.992260024142313, "med_ae_sispi_gpm": 0.0, "med_ae_rna_gpm": 0.255, "msle_sispi_gpm": 0.19527867871856494, "mae_sispi_gpm": 0.38739135959339266, "msle_rna_gpm": 0.18349424700327535, "corrcoef_rna_gpm": [0.9999999999999998, -0.14680382122515584, -0.14680382122515584, 1.0], "mse_rna_gpm": 2.3049489161372296, "r2_rna_gpm": -0.018891333894763163, "r2_sispi_gpm": -0.3227138293666296, "corrcoef_sispi_gpm": [0.9999999999999999, 0.056276286206769055, 0.056276286206769055, 1.0]}