{"mae_sispi_gpm": 0.3650648030495553, "r2_sispi_gpm": -1.4735751345165, "corrcoef_rna_gpm": [1.0, 0.01050436007656613, 0.010504360076566127, 0.9999999999999998], "r2_rna_gpm": -0.09221372371184255, "med_ae_rna_gpm": 0.606, "evs_sispi_gpm": -1.4705413140941324, "mae_rna_gpm": 0.7288602287166455, "med_ae_sispi_gpm": 0.0, "mse_sispi_gpm": 3.7094801575603555, "corrcoef_sispi_gpm": [0.9999999999999999, 0.018204291091093113, 0.018204291091093117, 0.9999999999999998], "evs_rna_gpm": 2.4515071994413162e-05, "mse_rna_gpm": 1.6379308958068612, "msle_rna_gpm": 0.2640148164551397, "msle_sispi_gpm": 0.18148031311238302}