{"mae_sispi_gpm": 0.004104060913705584, "r2_sispi_gpm": -0.9343684238894787, "corrcoef_rna_gpm": [1.0, -0.006529356156131359, -0.006529356156131359, 0.9999999999999999], "r2_rna_gpm": -108.35034187931055, "med_ae_rna_gpm": 0.296, "evs_sispi_gpm": -0.9333431238390371, "mae_rna_gpm": 0.2958883248730964, "med_ae_sispi_gpm": 0.0, "mse_sispi_gpm": 0.0015489314720812187, "corrcoef_sispi_gpm": [1.0, -0.00520585160741406, -0.00520585160741406, 0.9999999999999999], "evs_rna_gpm": -0.0026147810088323897, "mse_rna_gpm": 0.08756149238578681, "msle_rna_gpm": 0.06712045730052017, "msle_sispi_gpm": 0.0010291673442051209}