{"mae_sispi_gpm": 0.08157687420584497, "r2_sispi_gpm": 0.03465172104970626, "corrcoef_rna_gpm": [0.9999999999999999, -0.068505400366396, -0.068505400366396, 1.0], "r2_rna_gpm": -0.3833634659699352, "med_ae_rna_gpm": 0.606, "evs_sispi_gpm": 0.039813910657991, "mae_rna_gpm": 0.6570584498094029, "med_ae_sispi_gpm": 0.0, "mse_sispi_gpm": 0.7022327890724269, "corrcoef_sispi_gpm": [1.0, 0.2067385318173683, 0.20673853181736826, 1.0], "evs_rna_gpm": -0.00014381205783298157, "mse_rna_gpm": 1.0063136861499362, "msle_rna_gpm": 0.24127031990373213, "msle_sispi_gpm": 0.03694316530602025}