{"mae_rna_gpm": 0.3388627700127065, "evs_rna_gpm": -917.0556619511507, "evs_sispi_gpm": -35.12853851484161, "mse_sispi_gpm": 0.0012164853875476494, "med_ae_sispi_gpm": 0.0, "med_ae_rna_gpm": 0.323, "msle_sispi_gpm": 0.000661014177760031, "mae_sispi_gpm": 0.0027776365946632782, "msle_rna_gpm": 0.08784865866310036, "corrcoef_rna_gpm": [0.9999999999999999, 0.3692183346408295, 0.3692183346408295, 1.0], "mse_rna_gpm": 0.14561335578144854, "r2_rna_gpm": -4341.358957108539, "r2_sispi_gpm": -35.27700351015589, "corrcoef_sispi_gpm": [1.0, 0.3876939300334721, 0.387693930033472, 1.0]}