{"mae_sispi_gpm": 0.0901092757306226, "r2_sispi_gpm": 0.002118012364207944, "corrcoef_rna_gpm": [1.0, -0.12277519783220801, -0.12277519783220801, 1.0], "r2_rna_gpm": -0.5497422439732846, "med_ae_rna_gpm": 0.688, "evs_sispi_gpm": 0.008790052386011826, "mae_rna_gpm": 0.7350597204574333, "med_ae_sispi_gpm": 0.0, "mse_sispi_gpm": 0.6975826861499365, "corrcoef_sispi_gpm": [1.0, 0.09711072433171393, 0.09711072433171394, 1.0], "evs_rna_gpm": -0.032531485456471776, "mse_rna_gpm": 1.0833679440914865, "msle_rna_gpm": 0.2910179270559172, "msle_sispi_gpm": 0.044319539245402245}