{"mae_rna_gpm": 0.2739670050761422, "evs_rna_gpm": -0.0014256086484689678, "evs_sispi_gpm": -0.9333431238390371, "mse_sispi_gpm": 0.0015489314720812187, "med_ae_sispi_gpm": 0.0, "med_ae_rna_gpm": 0.274, "msle_sispi_gpm": 0.0010291673442051209, "mae_sispi_gpm": 0.004104060913705584, "msle_rna_gpm": 0.05856398790528631, "corrcoef_rna_gpm": [1.0, -0.0073248813648871675, -0.0073248813648871675, 0.9999999999999999], "mse_rna_gpm": 0.0750664340101523, "r2_rna_gpm": -92.74600636664444, "r2_sispi_gpm": -0.9343684238894787, "corrcoef_sispi_gpm": [1.0, -0.00520585160741406, -0.00520585160741406, 0.9999999999999999]}