{"mae_sispi_gpm": 0.002209656925031766, "r2_sispi_gpm": -0.0017058461158767635, "corrcoef_rna_gpm": [1.0, 0.10395857426163693, 0.10395857426163692, 0.9999999999999998], "r2_rna_gpm": -259.8936462300974, "med_ae_rna_gpm": 0.31, "evs_sispi_gpm": 0.003934879248258971, "mae_rna_gpm": 0.3146645489199492, "med_ae_sispi_gpm": 0.0, "mse_sispi_gpm": 0.0003864739517153748, "corrcoef_sispi_gpm": [1.0, 0.09828267023488675, 0.09828267023488675, 0.9999999999999998], "evs_rna_gpm": -3.6690244997253805, "mse_rna_gpm": 0.10065689326556543, "msle_rna_gpm": 0.07525611157141651, "msle_sispi_gpm": 0.0002994880268348079}