{"mae_sispi_gpm": 0.001789072426937738, "r2_sispi_gpm": 0.0382345567028749, "corrcoef_rna_gpm": [0.9999999999999998, 0.2153850776637268, 0.2153850776637268, 1.0], "r2_rna_gpm": -441.6240615737219, "med_ae_rna_gpm": 0.389, "evs_sispi_gpm": 0.04270648971252944, "mae_rna_gpm": 0.38740025412960627, "med_ae_sispi_gpm": 0.0, "mse_sispi_gpm": 0.0003267141041931385, "corrcoef_sispi_gpm": [0.9999999999999999, 0.20708859143467773, 0.20708859143467773, 1.0], "evs_rna_gpm": 0.003159858644141922, "mse_rna_gpm": 0.1503604904701398, "msle_rna_gpm": 0.10721858981624904, "msle_sispi_gpm": 0.0002457247718611219}