{"mae_rna_gpm": 0.5346950444726811, "evs_rna_gpm": -0.025876888233375084, "evs_sispi_gpm": -0.21673980928699899, "mse_sispi_gpm": 2.7075042045743327, "med_ae_sispi_gpm": 0.0, "med_ae_rna_gpm": 0.325, "msle_sispi_gpm": 0.19146434588245997, "mae_sispi_gpm": 0.36881448538754763, "msle_rna_gpm": 0.19111518636500063, "corrcoef_rna_gpm": [1.0, -0.18293256921060425, -0.18293256921060425, 1.0], "mse_rna_gpm": 2.239678692503177, "r2_rna_gpm": -0.026130248995733796, "r2_sispi_gpm": -0.24046898909938852, "corrcoef_sispi_gpm": [1.0, 0.06160450048158124, 0.06160450048158124, 1.0]}