{"mae_rna_gpm": 0.4483519695044472, "evs_rna_gpm": -2.791332650442513e-05, "evs_sispi_gpm": 0.039813910657991, "mse_sispi_gpm": 0.7022327890724269, "med_ae_sispi_gpm": 0.0, "med_ae_rna_gpm": 0.391, "msle_sispi_gpm": 0.03694316530602025, "mae_sispi_gpm": 0.08157687420584497, "msle_rna_gpm": 0.1334479012963962, "corrcoef_rna_gpm": [0.9999999999999998, -0.16735389532454648, -0.1673538953245465, 1.0], "mse_rna_gpm": 0.8254466365946629, "r2_rna_gpm": -0.13472840118233442, "r2_sispi_gpm": 0.03465172104970626, "corrcoef_sispi_gpm": [1.0, 0.2067385318173683, 0.20673853181736826, 1.0]}