{"mae_rna_gpm": 0.26908132147395164, "evs_rna_gpm": -2.4578764524379975, "evs_sispi_gpm": 0.003934879248258971, "mse_sispi_gpm": 0.0003864739517153748, "med_ae_sispi_gpm": 0.0, "med_ae_rna_gpm": 0.267, "msle_sispi_gpm": 0.0002994880268348079, "mae_sispi_gpm": 0.002209656925031766, "msle_rna_gpm": 0.05710983667978882, "corrcoef_rna_gpm": [1.0, 0.1573771174454448, 0.15737711744544483, 0.9999999999999998], "mse_rna_gpm": 0.07354342185514613, "r2_rna_gpm": -189.61795830918174, "r2_sispi_gpm": -0.0017058461158767635, "corrcoef_sispi_gpm": [1.0, 0.09828267023488675, 0.09828267023488675, 0.9999999999999998]}