{"mae_sispi_gpm": 0.2952630241423126, "r2_sispi_gpm": -0.06833116080612678, "corrcoef_rna_gpm": [0.9999999999999999, 0.16750777476064135, 0.16750777476064135, 1.0], "r2_rna_gpm": -0.03114087252690556, "med_ae_rna_gpm": 0.351, "evs_sispi_gpm": -0.03871157617235088, "mae_rna_gpm": 0.5514866581956798, "med_ae_sispi_gpm": 0.0, "mse_sispi_gpm": 1.6502197992376115, "corrcoef_sispi_gpm": [1.0, 0.1832621632110158, 0.1832621632110158, 1.0], "evs_rna_gpm": -0.022547172558399886, "mse_rna_gpm": 1.5927730520965693, "msle_rna_gpm": 0.1776156620665814, "msle_sispi_gpm": 0.14397919338554824}