{"mae_rna_gpm": 0.3244104193138501, "evs_rna_gpm": -1293.222000122488, "evs_sispi_gpm": -35.12853851484161, "mse_sispi_gpm": 0.0012164853875476494, "med_ae_sispi_gpm": 0.0, "med_ae_rna_gpm": 0.29, "msle_sispi_gpm": 0.000661014177760031, "mae_sispi_gpm": 0.0027776365946632782, "msle_rna_gpm": 0.0851793579408855, "corrcoef_rna_gpm": [1.0, 0.360165415227599, 0.360165415227599, 1.0], "mse_rna_gpm": 0.14864157433290975, "r2_rna_gpm": -4431.663942392692, "r2_sispi_gpm": -35.27700351015589, "corrcoef_sispi_gpm": [1.0, 0.3876939300334721, 0.387693930033472, 1.0]}