{"mae_rna_gpm": 0.4747928843710292, "evs_rna_gpm": -0.01864699630825961, "evs_sispi_gpm": -1.9141037782265489, "mse_sispi_gpm": 0.5311989440914867, "med_ae_sispi_gpm": 0.0, "med_ae_rna_gpm": 0.454, "msle_sispi_gpm": 0.022564802884585882, "mae_sispi_gpm": 0.06563786531130876, "msle_rna_gpm": 0.14883660601291146, "corrcoef_rna_gpm": [1.0, -0.27004261913605165, -0.27004261913605165, 1.0], "mse_rna_gpm": 0.35737859466327837, "r2_rna_gpm": -0.96211090699275, "r2_sispi_gpm": -1.9164344410917074, "corrcoef_sispi_gpm": [1.0, 0.3897920343215137, 0.3897920343215137, 1.0]}