{"corrcoef_sispi_gpm": [1.0, -0.012021736651237423, -0.012021736651237425, 1.0], "mse_sispi_gpm": 0.07727300266666667, "msle_sispi_gpm": 0.024825703125641353, "mae_rna_gpm": 0.03353866666666667, "mse_rna_gpm": 0.04960120800000001, "msle_rna_gpm": 0.018397507052115375, "corrcoef_rna_gpm": [1.0, -0.01120154926061827, -0.011201549260618268, 1.0], "med_ae_rna_gpm": 0.0, "med_ae_sispi_gpm": 0.0, "r2_sispi_gpm": -0.9635190369352873, "evs_sispi_gpm": -0.9625245460478775, "mae_sispi_gpm": 0.04328, "r2_rna_gpm": -0.26037442317482684, "evs_rna_gpm": -0.25387159144249005}