{"mae_rna_gpm": 0.42210406091370556, "evs_rna_gpm": -3.9845829703066826e-05, "evs_sispi_gpm": -0.9333431238390371, "mse_sispi_gpm": 0.0015489314720812187, "med_ae_sispi_gpm": 0.0, "med_ae_rna_gpm": 0.423, "msle_sispi_gpm": 0.0010291673442051209, "mae_sispi_gpm": 0.004104060913705584, "msle_rna_gpm": 0.12403836174835868, "corrcoef_rna_gpm": [1.0, -0.004949599639415543, -0.004949599639415544, 0.9999999999999999], "mse_rna_gpm": 0.17838600761421314, "r2_rna_gpm": -221.77567898403996, "r2_sispi_gpm": -0.9343684238894787, "corrcoef_sispi_gpm": [1.0, -0.00520585160741406, -0.00520585160741406, 0.9999999999999999]}