{"mae_rna_gpm": 0.46976142131979687, "evs_rna_gpm": -9.65099966199201e-05, "evs_sispi_gpm": -0.005876317691719146, "mse_sispi_gpm": 0.013666172588832487, "med_ae_sispi_gpm": 0.0, "med_ae_rna_gpm": 0.467, "msle_sispi_gpm": 0.004611281584402039, "mae_sispi_gpm": 0.009208121827411167, "msle_rna_gpm": 0.14754599714199526, "corrcoef_rna_gpm": [1.0, -0.010494272590668855, -0.010494272590668857, 1.0], "mse_rna_gpm": 0.223951959390863, "r2_rna_gpm": -15.551606471623899, "r2_sispi_gpm": -0.010025146816722064, "corrcoef_sispi_gpm": [1.0, -0.007627744616977156, -0.007627744616977155, 1.0]}