{"mae_rna_gpm": 1.3463684879288436, "evs_rna_gpm": -94.12728208791826, "evs_sispi_gpm": 0.04270648971252944, "mse_sispi_gpm": 0.0003267141041931385, "med_ae_sispi_gpm": 0.0, "med_ae_rna_gpm": 1.378, "msle_sispi_gpm": 0.0002457247718611219, "mae_sispi_gpm": 0.001789072426937738, "msle_rna_gpm": 0.7293693638818798, "corrcoef_rna_gpm": [1.0, -0.05007072006717945, -0.05007072006717944, 1.0], "mse_rna_gpm": 1.8449409631512066, "r2_rna_gpm": -5430.049472639847, "r2_sispi_gpm": 0.0382345567028749, "corrcoef_sispi_gpm": [0.9999999999999999, 0.20708859143467773, 0.20708859143467773, 1.0]}