{"mae_rna_gpm": 0.2825659898477158, "evs_rna_gpm": -65.62970156755568, "evs_sispi_gpm": -1744.442538560614, "mse_sispi_gpm": 0.03610345431472082, "med_ae_sispi_gpm": 0.0, "med_ae_rna_gpm": 0.28, "msle_sispi_gpm": 0.009204495550450942, "mae_sispi_gpm": 0.018093908629441623, "msle_rna_gpm": 0.06244685490907458, "corrcoef_rna_gpm": [1.0, -0.003844219058290884, -0.003844219058290885, 0.9999999999999998], "mse_rna_gpm": 0.08120986040609139, "r2_rna_gpm": -3959.2594446015155, "r2_sispi_gpm": -1759.6118914334188, "corrcoef_sispi_gpm": [1.0, -0.004765375440222016, -0.004765375440222016, 0.9999999999999998]}