{"mae_rna_gpm": 0.1204035532994924, "evs_rna_gpm": -163.42978324380363, "evs_sispi_gpm": -1744.442538560614, "mse_sispi_gpm": 0.03610345431472082, "med_ae_sispi_gpm": 0.0, "med_ae_rna_gpm": 0.113, "msle_sispi_gpm": 0.009204495550450942, "mae_sispi_gpm": 0.018093908629441623, "msle_rna_gpm": 0.014449720843895626, "corrcoef_rna_gpm": [0.9999999999999999, -0.00665363237830243, -0.00665363237830243, 0.9999999999999998], "mse_rna_gpm": 0.017868845177664974, "r2_rna_gpm": -870.3875695033457, "r2_sispi_gpm": -1759.6118914334188, "corrcoef_sispi_gpm": [1.0, -0.004765375440222016, -0.004765375440222016, 0.9999999999999998]}