{"mae_rna_gpm": 0.4481740787801779, "evs_rna_gpm": 0.0022981474581531547, "evs_sispi_gpm": -0.7796078358432477, "mse_sispi_gpm": 2.465103420584498, "med_ae_sispi_gpm": 0.0, "med_ae_rna_gpm": 0.314, "msle_sispi_gpm": 0.11511404582071909, "mae_sispi_gpm": 0.2573367217280813, "msle_rna_gpm": 0.13980055548853065, "corrcoef_rna_gpm": [1.0, 0.04844759837738519, 0.04844759837738518, 1.0], "mse_rna_gpm": 1.387607378653113, "r2_rna_gpm": -0.00663475769788624, "r2_sispi_gpm": -0.7883003669877753, "corrcoef_sispi_gpm": [1.0, 0.10579968728170049, 0.10579968728170049, 1.0]}