{"mae_rna_gpm": 0.28099110546378664, "evs_rna_gpm": -0.27487877281888085, "evs_sispi_gpm": -0.02090713426107227, "mse_sispi_gpm": 0.0008145171537484115, "med_ae_sispi_gpm": 0.0, "med_ae_rna_gpm": 0.281, "msle_sispi_gpm": 0.0005719261146479861, "mae_sispi_gpm": 0.0029491740787801783, "msle_rna_gpm": 0.061455817074436835, "corrcoef_rna_gpm": [1.0, 0.06702475703751552, 0.06702475703751551, 1.0], "mse_rna_gpm": 0.07943825667090218, "r2_rna_gpm": -99.15095923843056, "r2_sispi_gpm": -0.02689406443054554, "corrcoef_sispi_gpm": [1.0, 0.03358157778466294, 0.03358157778466295, 1.0]}