{"mae_rna_gpm": 0.5596747141041932, "evs_rna_gpm": 0.00023645658407189796, "evs_sispi_gpm": -1.9141037782265489, "mse_sispi_gpm": 0.5311989440914867, "med_ae_sispi_gpm": 0.0, "med_ae_rna_gpm": 0.541, "msle_sispi_gpm": 0.022564802884585882, "mae_sispi_gpm": 0.06563786531130876, "msle_rna_gpm": 0.19335380590970716, "corrcoef_rna_gpm": [1.0, 0.1702097697248695, 0.17020976972486954, 1.0], "mse_rna_gpm": 0.4352093367217282, "r2_rna_gpm": -1.3894239866586133, "r2_sispi_gpm": -1.9164344410917074, "corrcoef_sispi_gpm": [1.0, 0.3897920343215137, 0.3897920343215137, 1.0]}