{"mae_sispi_gpm": 0.4529008894536214, "r2_sispi_gpm": -0.931324942480733, "corrcoef_rna_gpm": [0.9999999999999999, 0.19481219561589525, 0.19481219561589522, 1.0], "r2_rna_gpm": 0.02760292880767723, "med_ae_rna_gpm": 0.264, "evs_sispi_gpm": -0.9206696828942547, "mae_rna_gpm": 0.5356569250317662, "med_ae_sispi_gpm": 0.0, "mse_sispi_gpm": 3.6819005933926303, "corrcoef_sispi_gpm": [1.0, 0.06042991232913271, 0.06042991232913271, 1.0], "evs_rna_gpm": 0.02761888073949459, "mse_rna_gpm": 1.8537892172808128, "msle_rna_gpm": 0.18872222280914708, "msle_sispi_gpm": 0.22594713757275595}