{"mae_sispi_gpm": 0.6203570520965692, "r2_sispi_gpm": -0.290337695421403, "corrcoef_rna_gpm": [1.0, 0.15577611568711094, 0.15577611568711094, 1.0], "r2_rna_gpm": 0.015641110772817046, "med_ae_rna_gpm": 0.309, "evs_sispi_gpm": -0.2837466971585205, "mae_rna_gpm": 0.7010216010165186, "med_ae_sispi_gpm": 0.0, "mse_sispi_gpm": 9.12355130241423, "corrcoef_sispi_gpm": [1.0, 0.09526721372699923, 0.09526721372699923, 1.0], "evs_rna_gpm": 0.018223174622210125, "mse_rna_gpm": 6.9600763100381196, "msle_rna_gpm": 0.23142264553787623, "msle_sispi_gpm": 0.28268208093229363}