{"mae_rna_gpm": 0.33622842639593914, "evs_rna_gpm": -633.4556567084471, "evs_sispi_gpm": -1744.442538560614, "mse_sispi_gpm": 0.03610345431472082, "med_ae_sispi_gpm": 0.0, "med_ae_rna_gpm": 0.321, "msle_sispi_gpm": 0.009204495550450942, "mae_sispi_gpm": 0.018093908629441623, "msle_rna_gpm": 0.08656330873883793, "corrcoef_rna_gpm": [0.9999999999999999, -0.006842931637300347, -0.006842931637300347, 0.9999999999999998], "mse_rna_gpm": 0.12605982741116753, "r2_rna_gpm": -6146.401554361828, "r2_sispi_gpm": -1759.6118914334188, "corrcoef_sispi_gpm": [1.0, -0.004765375440222016, -0.004765375440222016, 0.9999999999999998]}