{"mae_rna_gpm": 0.28228680203045686, "evs_rna_gpm": -0.01650836134930489, "evs_sispi_gpm": -0.9333431238390371, "mse_sispi_gpm": 0.0015489314720812187, "med_ae_sispi_gpm": 0.0, "med_ae_rna_gpm": 0.282, "msle_sispi_gpm": 0.0010291673442051209, "mae_sispi_gpm": 0.004104060913705584, "msle_rna_gpm": 0.06176406702301442, "corrcoef_rna_gpm": [1.0, -0.007840238234201307, -0.007840238234201307, 0.9999999999999999], "mse_rna_gpm": 0.07970508375634514, "r2_rna_gpm": -98.53894024412709, "r2_sispi_gpm": -0.9343684238894787, "corrcoef_sispi_gpm": [1.0, -0.00520585160741406, -0.00520585160741406, 0.9999999999999999]}