{"mae_rna_gpm": 0.6243964421855147, "evs_rna_gpm": -0.0006136208590286074, "evs_sispi_gpm": -0.10930806765175238, "mse_sispi_gpm": 10.476665255400256, "med_ae_sispi_gpm": 0.0, "med_ae_rna_gpm": 0.319, "msle_sispi_gpm": 0.2256880129620133, "mae_sispi_gpm": 0.5072706480304955, "msle_rna_gpm": 0.1952219470029769, "corrcoef_rna_gpm": [0.9999999999999999, -0.01031420279108912, -0.010314202791089118, 1.0], "mse_rna_gpm": 9.424301842439643, "r2_rna_gpm": -0.0009561943364806424, "r2_sispi_gpm": -0.11272783477274695, "corrcoef_sispi_gpm": [0.9999999999999998, 0.06888324157007768, 0.06888324157007766, 1.0]}