{"mae_sispi_gpm": 0.37464548919949175, "r2_sispi_gpm": -1.4621485779058694, "corrcoef_rna_gpm": [1.0, 0.17370775150860604, 0.173707751508606, 0.9999999999999998], "r2_rna_gpm": 0.019108269707644787, "med_ae_rna_gpm": 0.329, "evs_sispi_gpm": -1.459689435467161, "mae_rna_gpm": 0.5031601016518426, "med_ae_sispi_gpm": 0.0, "mse_sispi_gpm": 3.3172447191867844, "corrcoef_sispi_gpm": [1.0, 0.11365824448780901, 0.11365824448780902, 0.9999999999999998], "evs_rna_gpm": 0.026326551614016203, "mse_rna_gpm": 1.3215522172808134, "msle_rna_gpm": 0.15964238213612214, "msle_sispi_gpm": 0.17690930651090547}