{"mae_rna_gpm": 0.608587039390089, "evs_rna_gpm": 0.050714043970984, "evs_sispi_gpm": -0.6463198142128097, "mse_sispi_gpm": 4.201875609911055, "med_ae_sispi_gpm": 0.0, "med_ae_rna_gpm": 0.335, "msle_sispi_gpm": 0.2209331335727055, "mae_sispi_gpm": 0.4451855146124523, "msle_rna_gpm": 0.20424337601601283, "corrcoef_rna_gpm": [1.0, 0.2744765672035102, 0.2744765672035102, 1.0], "mse_rna_gpm": 2.4065689555273186, "r2_rna_gpm": 0.050713222094943666, "r2_sispi_gpm": -0.6574571652015269, "corrcoef_sispi_gpm": [1.0, 0.14717321874954567, 0.1471732187495457, 1.0]}