{"mae_sispi_gpm": 0.0027776365946632782, "r2_sispi_gpm": -35.27700351015589, "corrcoef_rna_gpm": [1.0, 0.4489534760556525, 0.4489534760556525, 1.0], "r2_rna_gpm": -4562.518238424055, "med_ae_rna_gpm": 0.34, "evs_sispi_gpm": -35.12853851484161, "mae_rna_gpm": 0.3572681067344345, "med_ae_sispi_gpm": 0.0, "mse_sispi_gpm": 0.0012164853875476494, "corrcoef_sispi_gpm": [1.0, 0.3876939300334721, 0.387693930033472, 1.0], "evs_rna_gpm": -756.1306589371081, "mse_rna_gpm": 0.153029542566709, "msle_rna_gpm": 0.0960345790255611, "msle_sispi_gpm": 0.000661014177760031}