{"mae_rna_gpm": 0.2646315120711562, "evs_rna_gpm": -1.7059057057333487, "evs_sispi_gpm": 0.032673849184786, "mse_sispi_gpm": 0.001300269377382465, "med_ae_sispi_gpm": 0.0, "med_ae_rna_gpm": 0.259, "msle_sispi_gpm": 0.0008402822541387361, "mae_sispi_gpm": 0.0038754764930114356, "msle_rna_gpm": 0.056187169543808535, "corrcoef_rna_gpm": [0.9999999999999999, 0.2827171325744517, 0.28271713257445164, 1.0], "mse_rna_gpm": 0.07315345743329098, "r2_rna_gpm": -53.67540393304843, "r2_sispi_gpm": 0.028169605038975476, "corrcoef_sispi_gpm": [1.0, 0.21150478033344516, 0.21150478033344516, 1.0]}