{"mae_sispi_gpm": 0.002209656925031766, "r2_sispi_gpm": -0.0017058461158767635, "corrcoef_rna_gpm": [0.9999999999999999, -0.15052709578040768, -0.15052709578040768, 0.9999999999999998], "r2_rna_gpm": -3077.2008020326157, "med_ae_rna_gpm": 1.102, "evs_sispi_gpm": 0.003934879248258971, "mae_rna_gpm": 1.0835730622617537, "med_ae_sispi_gpm": 0.0, "mse_sispi_gpm": 0.0003864739517153748, "corrcoef_sispi_gpm": [1.0, 0.09828267023488675, 0.09828267023488675, 0.9999999999999998], "evs_rna_gpm": -33.9595638312097, "mse_rna_gpm": 1.187618533672173, "msle_rna_gpm": 0.5400540614902228, "msle_sispi_gpm": 0.0002994880268348079}