{"mae_sispi_gpm": 0.36159212198221097, "r2_sispi_gpm": 0.00416323248259487, "corrcoef_rna_gpm": [1.0, -0.18524890853396495, -0.18524890853396495, 1.0], "r2_rna_gpm": -0.009159153779795703, "med_ae_rna_gpm": 0.206, "evs_sispi_gpm": 0.02348162144078003, "mae_rna_gpm": 0.49532020330368487, "med_ae_sispi_gpm": 0.0, "mse_sispi_gpm": 4.304940052096569, "corrcoef_sispi_gpm": [0.9999999999999998, 0.16930437860641018, 0.16930437860641018, 1.0], "evs_rna_gpm": -0.004455332502896869, "mse_rna_gpm": 4.362531894536214, "msle_rna_gpm": 0.17478198599988592, "msle_sispi_gpm": 0.16716917955625296}