{"mae_sispi_gpm": 0.002209656925031766, "r2_sispi_gpm": -0.0017058461158767635, "corrcoef_rna_gpm": [0.9999999999999999, 0.11367731784203351, 0.1136773178420335, 0.9999999999999998], "r2_rna_gpm": -296.2289099707222, "med_ae_rna_gpm": 0.339, "evs_sispi_gpm": 0.003934879248258971, "mae_rna_gpm": 0.3382299872935197, "med_ae_sispi_gpm": 0.0, "mse_sispi_gpm": 0.0003864739517153748, "corrcoef_sispi_gpm": [1.0, 0.09828267023488675, 0.09828267023488675, 0.9999999999999998], "evs_rna_gpm": -0.03186707837559277, "mse_rna_gpm": 0.11467561245235074, "msle_rna_gpm": 0.08491394739792313, "msle_sispi_gpm": 0.0002994880268348079}