{"mae_rna_gpm": 0.5526073697585768, "evs_rna_gpm": 0.016935942938619775, "evs_sispi_gpm": -0.348821123793452, "mse_sispi_gpm": 2.464809163913596, "med_ae_sispi_gpm": 0.0, "med_ae_rna_gpm": 0.3, "msle_sispi_gpm": 0.18184661363211232, "mae_sispi_gpm": 0.35789326556543843, "msle_rna_gpm": 0.18478426429575767, "corrcoef_rna_gpm": [1.0, 0.17011376427123295, 0.17011376427123295, 0.9999999999999999], "mse_rna_gpm": 1.7892620432020334, "r2_rna_gpm": 0.012409140514242467, "r2_sispi_gpm": -0.3604619904089368, "corrcoef_sispi_gpm": [1.0, 0.11419910782462513, 0.11419910782462514, 0.9999999999999999]}