{"mae_sispi_gpm": 0.38258831003811944, "r2_sispi_gpm": -1.0814511567753544, "corrcoef_rna_gpm": [1.0, 0.0059368246519672435, 0.005936824651967244, 1.0], "r2_rna_gpm": -0.0021122255863874617, "med_ae_rna_gpm": 0.347, "evs_sispi_gpm": -1.074069893110447, "mae_rna_gpm": 0.5540190597204573, "med_ae_sispi_gpm": 0.0, "mse_sispi_gpm": 4.0976483545108, "corrcoef_sispi_gpm": [1.0, 0.10372068398101461, 0.10372068398101461, 1.0], "evs_rna_gpm": 1.399191270334832e-05, "mse_rna_gpm": 1.972808008894536, "msle_rna_gpm": 0.18333763367878772, "msle_sispi_gpm": 0.17916326568593932}