{"mae_rna_gpm": 0.6133684879288437, "evs_rna_gpm": -0.00027476231670853224, "evs_sispi_gpm": -0.025933072524837675, "mse_sispi_gpm": 4.105667841168996, "med_ae_sispi_gpm": 0.0, "med_ae_rna_gpm": 0.381, "msle_sispi_gpm": 0.1693729025625689, "mae_sispi_gpm": 0.3579301143583227, "msle_rna_gpm": 0.19869426247505534, "corrcoef_rna_gpm": [0.9999999999999999, -0.06977451675600327, -0.06977451675600327, 1.0], "mse_rna_gpm": 3.9382552871664536, "r2_rna_gpm": -0.0009972489437115595, "r2_sispi_gpm": -0.043548961256845375, "corrcoef_sispi_gpm": [1.0, 0.10686356214085894, 0.10686356214085896, 1.0]}