{"mae_sispi_gpm": 0.38641296060991104, "r2_sispi_gpm": -0.09084987717510296, "corrcoef_rna_gpm": [1.0, 0.20020741908955741, 0.20020741908955741, 1.0], "r2_rna_gpm": 0.0311994067595176, "med_ae_rna_gpm": 0.308, "evs_sispi_gpm": -0.08201041770327122, "mae_rna_gpm": 0.5756188055908512, "med_ae_sispi_gpm": 0.0, "mse_sispi_gpm": 4.075694095298601, "corrcoef_sispi_gpm": [1.0, 0.2529749351923124, 0.2529749351923124, 1.0], "evs_rna_gpm": 0.031210966044595945, "mse_rna_gpm": 3.619686759847522, "msle_rna_gpm": 0.1785866177097636, "msle_sispi_gpm": 0.15487921997784135}