{"mae_rna_gpm": 0.479420584498094, "evs_rna_gpm": -0.4779722737184946, "evs_sispi_gpm": -0.1548330646271585, "mse_sispi_gpm": 1.347752463786531, "med_ae_sispi_gpm": 0.0, "med_ae_rna_gpm": 0.275, "msle_sispi_gpm": 0.1283534994616794, "mae_sispi_gpm": 0.25981067344345615, "msle_rna_gpm": 0.1487900722856731, "corrcoef_rna_gpm": [1.0, 0.15269088724652888, 0.15269088724652888, 1.0], "mse_rna_gpm": 1.7105936010165186, "r2_rna_gpm": -0.49251956403209696, "r2_sispi_gpm": -0.1759350195619218, "corrcoef_sispi_gpm": [1.0, 0.18672950834839108, 0.18672950834839108, 1.0]}