{"mae_sispi_gpm": 0.0027776365946632782, "r2_sispi_gpm": -35.27700351015589, "corrcoef_rna_gpm": [1.0, 0.47252089776268624, 0.4725208977626863, 1.0], "r2_rna_gpm": -37559.525760675024, "med_ae_rna_gpm": 0.527, "evs_sispi_gpm": -35.12853851484161, "mae_rna_gpm": 0.6103240152477765, "med_ae_sispi_gpm": 0.0, "mse_sispi_gpm": 0.0012164853875476494, "corrcoef_sispi_gpm": [1.0, 0.3876939300334721, 0.387693930033472, 1.0], "evs_rna_gpm": -26451.281303480006, "mse_rna_gpm": 1.2595260444726812, "msle_rna_gpm": 0.22508252775890258, "msle_sispi_gpm": 0.000661014177760031}