{"mae_rna_gpm": 0.6246937738246505, "evs_rna_gpm": -0.011647415678247786, "evs_sispi_gpm": -0.17774638712766788, "mse_sispi_gpm": 3.1234608157560353, "med_ae_sispi_gpm": 0.0, "med_ae_rna_gpm": 0.322, "msle_sispi_gpm": 0.20134709461270553, "mae_sispi_gpm": 0.4123811944091487, "msle_rna_gpm": 0.22673655726154487, "corrcoef_rna_gpm": [0.9999999999999999, 0.007123440181204062, 0.007123440181204062, 0.9999999999999999], "mse_rna_gpm": 2.6334822744599746, "r2_rna_gpm": -0.012036447330992628, "r2_sispi_gpm": -0.20033319305462682, "corrcoef_sispi_gpm": [1.0, 0.1331630664650585, 0.1331630664650585, 0.9999999999999999]}