{"mae_rna_gpm": 0.3486345177664975, "evs_rna_gpm": -4.639512152740075, "evs_sispi_gpm": -23.18178196746239, "mse_sispi_gpm": 0.002895380710659899, "med_ae_sispi_gpm": 0.0, "med_ae_rna_gpm": 0.346, "msle_sispi_gpm": 0.0018379197395735356, "mae_sispi_gpm": 0.006791878172588833, "msle_rna_gpm": 0.0896449756230909, "corrcoef_rna_gpm": [1.0, -0.01101153662007694, -0.01101153662007694, 1.0], "mse_rna_gpm": 0.122215040609137, "r2_rna_gpm": -1029.2229655292256, "r2_sispi_gpm": -23.406878950455067, "corrcoef_sispi_gpm": [1.0, -0.008517934729095096, -0.008517934729095098, 1.0]}