{"mae_sispi_gpm": 0.30687928843710294, "r2_sispi_gpm": -0.0986271634136262, "corrcoef_rna_gpm": [0.9999999999999998, 7.571359508363159e-17, 7.571359508363159e-17, 1.0], "r2_rna_gpm": -0.0013878554953907773, "med_ae_rna_gpm": 0.233, "evs_sispi_gpm": -0.06689343314616791, "mae_rna_gpm": 0.44592503176620074, "med_ae_sispi_gpm": 0.0, "mse_sispi_gpm": 1.868829458703939, "corrcoef_sispi_gpm": [1.0, 0.08743014978461018, 0.08743014978461018, 1.0], "evs_rna_gpm": -2.220446049250313e-16, "mse_rna_gpm": 1.703419673443456, "msle_rna_gpm": 0.1525584658478846, "msle_sispi_gpm": 0.15579730944506429}