{"mae_sispi_gpm": 0.018093908629441623, "r2_sispi_gpm": -1759.6118914334188, "corrcoef_rna_gpm": [1.0, -0.007719476190433087, -0.007719476190433087, 0.9999999999999998], "r2_rna_gpm": -2732.320324191877, "med_ae_rna_gpm": 0.23, "evs_sispi_gpm": -1744.442538560614, "mae_rna_gpm": 0.23459390862944166, "med_ae_sispi_gpm": 0.0, "mse_sispi_gpm": 0.03610345431472082, "corrcoef_sispi_gpm": [1.0, -0.004765375440222016, -0.004765375440222016, 0.9999999999999998], "evs_rna_gpm": -48.531520120629544, "mse_rna_gpm": 0.05605000507614213, "msle_rna_gpm": 0.044832915471951944, "msle_sispi_gpm": 0.009204495550450942}