{"mae_rna_gpm": 0.553669631512071, "evs_rna_gpm": 0.00018849490713146455, "evs_sispi_gpm": 0.04106653776467273, "mse_sispi_gpm": 2.477680405336721, "med_ae_sispi_gpm": 0.0, "med_ae_rna_gpm": 0.421, "msle_sispi_gpm": 0.0634195226510932, "mae_sispi_gpm": 0.16637738246505718, "msle_rna_gpm": 0.17442242320030726, "corrcoef_rna_gpm": [1.0, 0.20036397824533317, 0.20036397824533317, 0.9999999999999999], "mse_rna_gpm": 2.640326604828462, "r2_rna_gpm": -0.027346216780414156, "r2_sispi_gpm": 0.03593911974423458, "corrcoef_sispi_gpm": [1.0, 0.21154063995364414, 0.2115406399536441, 0.9999999999999999]}