{"mae_sispi_gpm": 0.002209656925031766, "r2_sispi_gpm": -0.0017058461158767635, "corrcoef_rna_gpm": [1.0, -0.00735852213729914, -0.007358522137299141, 0.9999999999999998], "r2_rna_gpm": -249.24606851877658, "med_ae_rna_gpm": 0.312, "evs_sispi_gpm": 0.003934879248258971, "mae_rna_gpm": 0.3103506988564167, "med_ae_sispi_gpm": 0.0, "mse_sispi_gpm": 0.0003864739517153748, "corrcoef_sispi_gpm": [1.0, 0.09828267023488675, 0.09828267023488675, 0.9999999999999998], "evs_rna_gpm": -0.0001015222682438921, "mse_rna_gpm": 0.09654888945362135, "msle_rna_gpm": 0.07309968376019961, "msle_sispi_gpm": 0.0002994880268348079}