{"mae_rna_gpm": 0.3865786802030457, "evs_rna_gpm": -4.052513374652733e-05, "evs_sispi_gpm": -0.005876317691719146, "mse_sispi_gpm": 0.013666172588832487, "med_ae_sispi_gpm": 0.0, "med_ae_rna_gpm": 0.383, "msle_sispi_gpm": 0.004611281584402039, "mae_sispi_gpm": 0.009208121827411167, "msle_rna_gpm": 0.10640954187038353, "corrcoef_rna_gpm": [1.0, -0.010975724791346874, -0.010975724791346874, 1.0], "mse_rna_gpm": 0.15391632994923862, "r2_rna_gpm": -10.375486643678615, "r2_sispi_gpm": -0.010025146816722064, "corrcoef_sispi_gpm": [1.0, -0.007627744616977156, -0.007627744616977155, 1.0]}