{"mae_sispi_gpm": 0.015040609137055839, "r2_sispi_gpm": -0.3182828222980405, "corrcoef_rna_gpm": [1.0, 0.009703316484853168, 0.009703316484853168, 0.9999999999999999], "r2_rna_gpm": -6.505206171484251, "med_ae_rna_gpm": 0.311, "evs_sispi_gpm": -0.3181629775680641, "mae_rna_gpm": 0.31503299492385783, "med_ae_sispi_gpm": 0.0, "mse_sispi_gpm": 0.018575355329949243, "corrcoef_sispi_gpm": [1.0, -0.006437901136219788, -0.006437901136219788, 0.9999999999999999], "evs_rna_gpm": 6.271431050608456e-05, "mse_rna_gpm": 0.1057526269035533, "msle_rna_gpm": 0.07508164807169199, "msle_sispi_gpm": 0.006932368266958242}