{"mae_sispi_gpm": 0.3586175349428208, "r2_sispi_gpm": -0.22207421311471975, "corrcoef_rna_gpm": [1.0, -0.00670821228593914, -0.00670821228593914, 1.0], "r2_rna_gpm": -0.8838995016287532, "med_ae_rna_gpm": 0.312, "evs_sispi_gpm": -0.20941404388528606, "mae_rna_gpm": 0.6034078780177891, "med_ae_sispi_gpm": 0.0, "mse_sispi_gpm": 3.3747448462515885, "corrcoef_sispi_gpm": [1.0, 0.20985924059320393, 0.20985924059320393, 1.0], "evs_rna_gpm": -0.882813321088469, "mse_rna_gpm": 5.202368289707751, "msle_rna_gpm": 0.20073384823276497, "msle_sispi_gpm": 0.17299122225943706}