{"mae_rna_gpm": 0.5797217280813214, "evs_rna_gpm": 0.012895176117062701, "evs_sispi_gpm": -0.3974010707887583, "mse_sispi_gpm": 3.476895175349428, "med_ae_sispi_gpm": 0.0, "med_ae_rna_gpm": 0.27, "msle_sispi_gpm": 0.2333591763824505, "mae_sispi_gpm": 0.46393011435832276, "msle_rna_gpm": 0.1995444728583553, "corrcoef_rna_gpm": [0.9999999999999999, 0.1442956322996377, 0.1442956322996377, 1.0], "mse_rna_gpm": 2.449351716645489, "r2_rna_gpm": 0.012801454718441962, "r2_sispi_gpm": -0.4013446235080722, "corrcoef_sispi_gpm": [0.9999999999999999, 0.33544246232952674, 0.33544246232952674, 1.0]}