{"mae_sispi_gpm": 0.3777318932655654, "r2_sispi_gpm": -0.16300174878277884, "corrcoef_rna_gpm": [1.0, -0.002351071478989874, -0.0023510714789898735, 0.9999999999999998], "r2_rna_gpm": -0.4657561390890448, "med_ae_rna_gpm": 0.486, "evs_sispi_gpm": -0.14915013843946445, "mae_rna_gpm": 0.791118170266836, "med_ae_sispi_gpm": 0.0, "mse_sispi_gpm": 6.189134664548919, "corrcoef_sispi_gpm": [0.9999999999999998, 0.058400576178700654, 0.058400576178700654, 0.9999999999999998], "evs_rna_gpm": -0.45830700648996947, "mse_rna_gpm": 7.800299646759847, "msle_rna_gpm": 0.26909144879404895, "msle_sispi_gpm": 0.17037554442356911}