{"mae_rna_gpm": 0.6395412960609911, "evs_rna_gpm": 2.817353079320739e-05, "evs_sispi_gpm": 0.039813910657991, "mse_sispi_gpm": 0.7022327890724269, "med_ae_sispi_gpm": 0.0, "med_ae_rna_gpm": 0.588, "msle_sispi_gpm": 0.03694316530602025, "mae_sispi_gpm": 0.08157687420584497, "msle_rna_gpm": 0.23128770154950243, "corrcoef_rna_gpm": [1.0, 0.19500527375834983, 0.1950052737583498, 1.0], "mse_rna_gpm": 0.9875569237611183, "r2_rna_gpm": -0.35757884216357305, "r2_sispi_gpm": 0.03465172104970626, "corrcoef_sispi_gpm": [1.0, 0.2067385318173683, 0.20673853181736826, 1.0]}