{"mae_rna_gpm": 0.5269415501905972, "evs_rna_gpm": -0.7927708772636402, "evs_sispi_gpm": 0.032673849184786, "mse_sispi_gpm": 0.001300269377382465, "med_ae_sispi_gpm": 0.0, "med_ae_rna_gpm": 0.532, "msle_sispi_gpm": 0.0008402822541387361, "mae_sispi_gpm": 0.0038754764930114356, "msle_rna_gpm": 0.17958613885358218, "corrcoef_rna_gpm": [1.0, 0.0003032469594215506, 0.0003032469594215505, 1.0], "mse_rna_gpm": 0.27954939390088956, "r2_rna_gpm": -207.9371653377832, "r2_sispi_gpm": 0.028169605038975476, "corrcoef_sispi_gpm": [1.0, 0.21150478033344516, 0.21150478033344516, 1.0]}