{"mae_sispi_gpm": 0.39893900889453626, "r2_sispi_gpm": -0.6399548614623529, "corrcoef_rna_gpm": [1.0, -0.13692337474465874, -0.13692337474465874, 1.0], "r2_rna_gpm": -0.19040413765948738, "med_ae_rna_gpm": 0.79, "evs_sispi_gpm": -0.6355376396501513, "mae_rna_gpm": 0.9284841168996186, "med_ae_sispi_gpm": 0.0, "mse_sispi_gpm": 2.9071217420584503, "corrcoef_sispi_gpm": [1.0, 0.23790619270197735, 0.23790619270197735, 1.0], "evs_rna_gpm": -0.07369751831906024, "mse_rna_gpm": 2.1102103672172805, "msle_rna_gpm": 0.38950070695584876, "msle_sispi_gpm": 0.18233100487032958}