{"mae_sispi_gpm": 0.4027649301143583, "r2_sispi_gpm": -0.5402253500371079, "corrcoef_rna_gpm": [1.0, -0.10211061851854271, -0.10211061851854271, 1.0], "r2_rna_gpm": -0.009169827092684546, "med_ae_rna_gpm": 0.378, "evs_sispi_gpm": -0.519354503910596, "mae_rna_gpm": 0.6264193138500636, "med_ae_sispi_gpm": 0.0, "mse_sispi_gpm": 4.284404968233799, "corrcoef_sispi_gpm": [1.0, 0.07307777988148917, 0.07307777988148917, 1.0], "evs_rna_gpm": -0.00910362270191345, "mse_rna_gpm": 2.8071815730622616, "msle_rna_gpm": 0.21810033199361475, "msle_sispi_gpm": 0.19399395478544243}