{"mae_rna_gpm": 0.4111016518424397, "evs_rna_gpm": -0.006298304698623136, "evs_sispi_gpm": -0.013664432537878524, "mse_sispi_gpm": 1.2273389809402795, "med_ae_sispi_gpm": 0.0, "med_ae_rna_gpm": 0.264, "msle_sispi_gpm": 0.11961840558590706, "mae_sispi_gpm": 0.22585514612452348, "msle_rna_gpm": 0.13178527270840973, "corrcoef_rna_gpm": [1.0, -0.05032220839605641, -0.05032220839605641, 0.9999999999999998], "mse_rna_gpm": 1.1862752998729351, "r2_rna_gpm": -0.008396841937649002, "r2_sispi_gpm": -0.04330314598956697, "corrcoef_sispi_gpm": [1.0, 0.04346734045076188, 0.04346734045076188, 0.9999999999999998]}