{"mae_rna_gpm": 0.5684815756035578, "evs_rna_gpm": -0.004001287014375077, "evs_sispi_gpm": 0.00935874313389562, "mse_sispi_gpm": 2.6573938411689966, "med_ae_sispi_gpm": 0.0, "med_ae_rna_gpm": 0.353, "msle_sispi_gpm": 0.15184304705809556, "mae_sispi_gpm": 0.29673824650571795, "msle_rna_gpm": 0.1868889463483863, "corrcoef_rna_gpm": [1.0, 0.015600635830089866, 0.015600635830089863, 1.0], "mse_rna_gpm": 2.6358979453621343, "r2_rna_gpm": -0.0065182530074352485, "r2_sispi_gpm": -0.014726465898386332, "corrcoef_sispi_gpm": [1.0, 0.12801770911818883, 0.12801770911818885, 1.0]}