{"mae_rna_gpm": 1.4103049555273193, "evs_rna_gpm": -198.42293025309206, "evs_sispi_gpm": 0.04270648971252944, "mse_sispi_gpm": 0.0003267141041931385, "med_ae_sispi_gpm": 0.0, "med_ae_rna_gpm": 1.367, "msle_sispi_gpm": 0.0002457247718611219, "mae_sispi_gpm": 0.001789072426937738, "msle_rna_gpm": 0.7715018381009799, "corrcoef_rna_gpm": [1.0, 0.2609067567735657, 0.2609067567735656, 1.0], "mse_rna_gpm": 2.0567045311308765, "r2_rna_gpm": -6053.428993812125, "r2_sispi_gpm": 0.0382345567028749, "corrcoef_sispi_gpm": [0.9999999999999999, 0.20708859143467773, 0.20708859143467773, 1.0]}