{"mae_sispi_gpm": 0.0027776365946632782, "r2_sispi_gpm": -35.27700351015589, "corrcoef_rna_gpm": [1.0, 0.2548323663066898, 0.2548323663066899, 1.0], "r2_rna_gpm": -8203.41166698316, "med_ae_rna_gpm": 0.519, "evs_sispi_gpm": -35.12853851484161, "mae_rna_gpm": 0.5189555273189327, "med_ae_sispi_gpm": 0.0, "mse_sispi_gpm": 0.0012164853875476494, "corrcoef_sispi_gpm": [1.0, 0.3876939300334721, 0.387693930033472, 1.0], "evs_rna_gpm": -172.36713734520058, "mse_rna_gpm": 0.2751204879288437, "msle_rna_gpm": 0.17595977272183033, "msle_sispi_gpm": 0.000661014177760031}