{"mae_sispi_gpm": 0.001789072426937738, "r2_sispi_gpm": 0.0382345567028749, "corrcoef_rna_gpm": [1.0, -0.16091918869656963, -0.16091918869656963, 1.0], "r2_rna_gpm": -0.004803328483170555, "med_ae_rna_gpm": 0.002, "evs_sispi_gpm": 0.04270648971252944, "mae_rna_gpm": 0.0035628970775095302, "med_ae_sispi_gpm": 0.0, "mse_sispi_gpm": 0.0003267141041931385, "corrcoef_sispi_gpm": [0.9999999999999999, 0.20708859143467773, 0.20708859143467773, 1.0], "evs_rna_gpm": -0.004436011158568398, "mse_rna_gpm": 0.0003413341804320204, "msle_rna_gpm": 0.00025926515810333224, "msle_sispi_gpm": 0.0002457247718611219}