{"mae_sispi_gpm": 0.34999491740787797, "r2_sispi_gpm": -1.0111769078778634, "corrcoef_rna_gpm": [0.9999999999999998, 0.09225283641274837, 0.09225283641274838, 1.0], "r2_rna_gpm": -12.50821993695816, "med_ae_rna_gpm": 0.258, "evs_sispi_gpm": -1.0052007510332883, "mae_rna_gpm": 0.8342960609911053, "med_ae_sispi_gpm": 0.0, "mse_sispi_gpm": 4.23086831003812, "corrcoef_sispi_gpm": [1.0, 0.02705885670908267, 0.027058856709082667, 1.0], "evs_rna_gpm": -12.43032565274451, "mse_rna_gpm": 28.416943050825918, "msle_rna_gpm": 0.23290473770076336, "msle_sispi_gpm": 0.17097518832896885}