{"mae_rna_gpm": 0.6278907242693773, "evs_rna_gpm": -4.544114134278426, "evs_sispi_gpm": -0.0072483754753767116, "mse_sispi_gpm": 1.3668216670902158, "med_ae_sispi_gpm": 0.0, "med_ae_rna_gpm": 0.334, "msle_sispi_gpm": 0.1171061960958469, "mae_sispi_gpm": 0.2507039390088945, "msle_rna_gpm": 0.18297415389354366, "corrcoef_rna_gpm": [1.0, 0.10588340583796288, 0.10588340583796288, 1.0], "mse_rna_gpm": 7.437923237611184, "r2_rna_gpm": -4.5952888445973485, "r2_sispi_gpm": -0.028212013233958277, "corrcoef_sispi_gpm": [0.9999999999999998, 0.2256571340713333, 0.2256571340713333, 1.0]}