{"mae_sispi_gpm": 0.2507039390088945, "r2_sispi_gpm": -0.028212013233958277, "corrcoef_rna_gpm": [1.0, 0.10588340583796288, 0.10588340583796288, 1.0], "r2_rna_gpm": -4.5952888445973485, "med_ae_rna_gpm": 0.334, "evs_sispi_gpm": -0.0072483754753767116, "mae_rna_gpm": 0.6278907242693773, "med_ae_sispi_gpm": 0.0, "mse_sispi_gpm": 1.3668216670902158, "corrcoef_sispi_gpm": [0.9999999999999998, 0.2256571340713333, 0.2256571340713333, 1.0], "evs_rna_gpm": -4.544114134278426, "mse_rna_gpm": 7.437923237611184, "msle_rna_gpm": 0.18297415389354366, "msle_sispi_gpm": 0.1171061960958469}