{"mae_rna_gpm": 0.7623964421855144, "evs_rna_gpm": -5.967417671115527e-10, "evs_sispi_gpm": -0.0006942850003093248, "mse_sispi_gpm": 4.293915273189327, "med_ae_sispi_gpm": 0.0, "med_ae_rna_gpm": 0.598, "msle_sispi_gpm": 0.08979415153670318, "mae_sispi_gpm": 0.20007623888182974, "msle_rna_gpm": 0.271852463648905, "corrcoef_rna_gpm": [0.9999999999999999, 0.0, 0.0, 0.9999999999999998], "mse_rna_gpm": 4.42115871664549, "r2_rna_gpm": -0.03816658489791114, "r2_sispi_gpm": -0.008287564575436779, "corrcoef_sispi_gpm": [0.9999999999999998, 0.03434950690756995, 0.03434950690756995, 0.9999999999999998]}