{"mae_sispi_gpm": 0.16637738246505718, "r2_sispi_gpm": 0.03593911974423458, "corrcoef_rna_gpm": [1.0, -0.08008616141371776, -0.08008616141371776, 0.9999999999999999], "r2_rna_gpm": -0.02898871381621726, "med_ae_rna_gpm": 0.426, "evs_sispi_gpm": 0.04106653776467273, "mae_rna_gpm": 0.5586823379923761, "med_ae_sispi_gpm": 0.0, "mse_sispi_gpm": 2.477680405336721, "corrcoef_sispi_gpm": [1.0, 0.21154063995364414, 0.2115406399536441, 0.9999999999999999], "evs_rna_gpm": -0.00042045866636408746, "mse_rna_gpm": 2.644547897077509, "msle_rna_gpm": 0.17687167033010323, "msle_sispi_gpm": 0.0634195226510932}