{"mae_sispi_gpm": 0.47924650571791616, "r2_sispi_gpm": -1.1227268632240692, "corrcoef_rna_gpm": [0.9999999999999998, 0.048409898756416624, 0.048409898756416624, 0.9999999999999999], "r2_rna_gpm": -0.014882096157009972, "med_ae_rna_gpm": 0.367, "evs_sispi_gpm": -1.119478479866979, "mae_rna_gpm": 0.6203405336721729, "med_ae_sispi_gpm": 0.0, "mse_sispi_gpm": 5.482963777636595, "corrcoef_sispi_gpm": [0.9999999999999999, 0.15451767677746683, 0.15451767677746683, 0.9999999999999999], "evs_rna_gpm": -0.013565879041865347, "mse_rna_gpm": 2.6214214688691233, "msle_rna_gpm": 0.2078939330721854, "msle_sispi_gpm": 0.21625352692304733}