{"mae_sispi_gpm": 0.002209656925031766, "r2_sispi_gpm": -0.0017058461158767635, "corrcoef_rna_gpm": [1.0, -0.17504367717468214, -0.17504367717468217, 0.9999999999999998], "r2_rna_gpm": -221.27242621883804, "med_ae_rna_gpm": 0.298, "evs_sispi_gpm": 0.003934879248258971, "mae_rna_gpm": 0.2904574332909784, "med_ae_sispi_gpm": 0.0, "mse_sispi_gpm": 0.0003864739517153748, "corrcoef_sispi_gpm": [1.0, 0.09828267023488675, 0.09828267023488675, 0.9999999999999998], "evs_rna_gpm": -3.330965297830681, "mse_rna_gpm": 0.08575621601016517, "msle_rna_gpm": 0.0657410384030415, "msle_sispi_gpm": 0.0002994880268348079}