{"mae_rna_gpm": 0.37480813214739517, "evs_rna_gpm": -0.0242964745566574, "evs_sispi_gpm": -1.1526664408538938, "mse_sispi_gpm": 2.002050027954257, "med_ae_sispi_gpm": 0.0, "med_ae_rna_gpm": 0.242, "msle_sispi_gpm": 0.11949683839924564, "mae_sispi_gpm": 0.26841677255400254, "msle_rna_gpm": 0.12385573796367254, "corrcoef_rna_gpm": [1.0, -0.18086342165251856, -0.18086342165251854, 1.0], "mse_rna_gpm": 0.948455288437103, "r2_rna_gpm": -0.024827573918978718, "r2_sispi_gpm": -1.1632607230159877, "corrcoef_sispi_gpm": [1.0, 0.21862153183213015, 0.21862153183213015, 1.0]}