{"mae_sispi_gpm": 0.06563786531130876, "r2_sispi_gpm": -1.9164344410917074, "corrcoef_rna_gpm": [1.0, -0.36268656919411896, -0.362686569194119, 1.0], "r2_rna_gpm": -3.8704469102629897, "med_ae_rna_gpm": 0.871, "evs_sispi_gpm": -1.9141037782265489, "mae_rna_gpm": 0.8844447268106738, "med_ae_sispi_gpm": 0.0, "mse_sispi_gpm": 0.5311989440914867, "corrcoef_sispi_gpm": [1.0, 0.3897920343215137, 0.3897920343215137, 1.0], "evs_rna_gpm": -0.06164582327295509, "mse_rna_gpm": 0.8871024904701398, "msle_rna_gpm": 0.394307032845321, "msle_sispi_gpm": 0.022564802884585882}