{"mae_rna_gpm": 0.6313418043202033, "evs_rna_gpm": 0.005066097701900474, "evs_sispi_gpm": -0.31169656616522157, "mse_sispi_gpm": 4.622230015247776, "med_ae_sispi_gpm": 0.0, "med_ae_rna_gpm": 0.352, "msle_sispi_gpm": 0.19420335106098577, "mae_sispi_gpm": 0.41140025412960607, "msle_rna_gpm": 0.2103978678799312, "corrcoef_rna_gpm": [1.0, 0.08247011378248639, 0.08247011378248639, 0.9999999999999999], "mse_rna_gpm": 3.4628899898348164, "r2_rna_gpm": 0.005063514066635744, "r2_sispi_gpm": -0.3280310093725247, "corrcoef_sispi_gpm": [0.9999999999999999, 0.17430412746446639, 0.17430412746446639, 0.9999999999999999]}