{"mae_rna_gpm": 0.5403735705209656, "evs_rna_gpm": 0.0441062395001125, "evs_sispi_gpm": -0.2762455808105051, "mse_sispi_gpm": 1.706677254129606, "med_ae_sispi_gpm": 0.0, "med_ae_rna_gpm": 0.347, "msle_sispi_gpm": 0.14265596416232926, "mae_sispi_gpm": 0.2912109275730623, "msle_rna_gpm": 0.18068758731068818, "corrcoef_rna_gpm": [1.0, 0.2155672791567036, 0.2155672791567036, 0.9999999999999998], "mse_rna_gpm": 1.2664843481575603, "r2_rna_gpm": 0.03566820587689867, "r2_sispi_gpm": -0.2995053123697511, "corrcoef_sispi_gpm": [1.0, 0.3130053850206825, 0.3130053850206825, 0.9999999999999998]}