{"msle_sispi_gpm": 0.599371093699963, "mse_sispi_gpm": 10.829417114666667, "mse_rna_gpm": 5.912982293333334, "corrcoef_sispi_gpm": [1.0, 0.051268887215178666, 0.05126888721517867, 1.0], "corrcoef_rna_gpm": [0.9999999999999999, 0.7329386514479982, 0.7329386514479982, 1.0], "r2_sispi_gpm": -0.1097104716419024, "mae_sispi_gpm": 1.0710453333333334, "r2_rna_gpm": 0.39408572963189226, "evs_sispi_gpm": 0.002478809557067141, "med_ae_sispi_gpm": 0.0, "med_ae_rna_gpm": 0.0, "evs_rna_gpm": 0.4569516127195057, "msle_rna_gpm": 0.3142973095726011, "mae_rna_gpm": 0.7897226666666667}