{"mae_rna_gpm": 0.5312236340533671, "evs_rna_gpm": 0.10379426660916269, "evs_sispi_gpm": -0.3844098750492795, "mse_sispi_gpm": 3.153654869123253, "med_ae_sispi_gpm": 0.0, "med_ae_rna_gpm": 0.282, "msle_sispi_gpm": 0.18702004994216026, "mae_sispi_gpm": 0.4101473951715374, "msle_rna_gpm": 0.16533849222366911, "corrcoef_rna_gpm": [1.0, 0.3367375036581397, 0.3367375036581397, 1.0], "mse_rna_gpm": 2.039738039390089, "r2_rna_gpm": 0.10240767774004034, "r2_sispi_gpm": -0.38777448030982886, "corrcoef_sispi_gpm": [1.0, 0.2500710827268726, 0.2500710827268726, 1.0]}