{"mae_sispi_gpm": 0.4101473951715374, "r2_sispi_gpm": -0.38777448030982886, "corrcoef_rna_gpm": [1.0, 0.3367375036581397, 0.3367375036581397, 1.0], "r2_rna_gpm": 0.10240767774004034, "med_ae_rna_gpm": 0.282, "evs_sispi_gpm": -0.3844098750492795, "mae_rna_gpm": 0.5312236340533671, "med_ae_sispi_gpm": 0.0, "mse_sispi_gpm": 3.153654869123253, "corrcoef_sispi_gpm": [1.0, 0.2500710827268726, 0.2500710827268726, 1.0], "evs_rna_gpm": 0.10379426660916269, "mse_rna_gpm": 2.039738039390089, "msle_rna_gpm": 0.16533849222366911, "msle_sispi_gpm": 0.18702004994216026}