{"mae_rna_gpm": 0.6349148665819568, "evs_rna_gpm": 0.0069461923614586585, "evs_sispi_gpm": 0.039813910657991, "mse_sispi_gpm": 0.7022327890724269, "med_ae_sispi_gpm": 0.0, "med_ae_rna_gpm": 0.583, "msle_sispi_gpm": 0.03694316530602025, "mae_sispi_gpm": 0.08157687420584497, "msle_rna_gpm": 0.22826940117639058, "corrcoef_rna_gpm": [1.0, 0.41783311908093085, 0.41783311908093085, 1.0], "mse_rna_gpm": 0.9782866073697587, "r2_rna_gpm": -0.3448350852314246, "r2_sispi_gpm": 0.03465172104970626, "corrcoef_sispi_gpm": [1.0, 0.2067385318173683, 0.20673853181736826, 1.0]}