{"mae_rna_gpm": 0.7277700127064805, "evs_rna_gpm": 1.0403053554153274e-06, "evs_sispi_gpm": -0.0006942850003093248, "mse_sispi_gpm": 4.293915273189327, "med_ae_sispi_gpm": 0.0, "med_ae_rna_gpm": 0.562, "msle_sispi_gpm": 0.08979415153670318, "mae_sispi_gpm": 0.20007623888182974, "msle_rna_gpm": 0.25289430931067247, "corrcoef_rna_gpm": [0.9999999999999998, 0.013529137995023944, 0.013529137995023942, 0.9999999999999998], "mse_rna_gpm": 4.393427513341804, "r2_rna_gpm": -0.03165480586575242, "r2_sispi_gpm": -0.008287564575436779, "corrcoef_sispi_gpm": [0.9999999999999998, 0.03434950690756995, 0.03434950690756995, 0.9999999999999998]}