{"mae_sispi_gpm": 0.41867090216010167, "r2_sispi_gpm": -0.09306982672996034, "corrcoef_rna_gpm": [0.9999999999999999, 0.2862884077119741, 0.2862884077119741, 0.9999999999999999], "r2_rna_gpm": 0.08048015761167548, "med_ae_rna_gpm": 0.263, "evs_sispi_gpm": -0.07675013054407653, "mae_rna_gpm": 0.5827878017789073, "med_ae_sispi_gpm": 0.0, "mse_sispi_gpm": 3.4801839440914866, "corrcoef_sispi_gpm": [1.0, 0.2337818381832458, 0.2337818381832458, 0.9999999999999999], "evs_rna_gpm": 0.08079305318956664, "mse_rna_gpm": 2.9276246709021603, "msle_rna_gpm": 0.19646801872085787, "msle_sispi_gpm": 0.19782264060734842}