{"mae_sispi_gpm": 0.4931041931385006, "r2_sispi_gpm": -0.02834571110453199, "corrcoef_rna_gpm": [0.9999999999999999, -0.14658873069302766, -0.1465887306930277, 0.9999999999999999], "r2_rna_gpm": -0.014305381293319819, "med_ae_rna_gpm": 0.128, "evs_sispi_gpm": -0.011893371615204762, "mae_rna_gpm": 0.5501677255400255, "med_ae_sispi_gpm": 0.0, "mse_sispi_gpm": 10.27728087801779, "corrcoef_sispi_gpm": [1.0, 0.07440674570254163, 0.07440674570254163, 0.9999999999999999], "evs_rna_gpm": -0.002560868965090224, "mse_rna_gpm": 10.136961905972047, "msle_rna_gpm": 0.1999075600422438, "msle_sispi_gpm": 0.20446950861379243}