{"mae_sispi_gpm": 0.0027776365946632782, "r2_sispi_gpm": -35.27700351015589, "corrcoef_rna_gpm": [0.9999999999999999, -0.3548138509633035, -0.3548138509633035, 1.0], "r2_rna_gpm": -19867.85681713833, "med_ae_rna_gpm": 0.819, "evs_sispi_gpm": -35.12853851484161, "mae_rna_gpm": 0.8149059720457432, "med_ae_sispi_gpm": 0.0, "mse_sispi_gpm": 0.0012164853875476494, "corrcoef_sispi_gpm": [1.0, 0.3876939300334721, 0.387693930033472, 1.0], "evs_rna_gpm": -67.43236247780875, "mse_rna_gpm": 0.6662671016518423, "msle_rna_gpm": 0.35562053848886593, "msle_sispi_gpm": 0.000661014177760031}