{"mae_rna_gpm": 0.3826269035532995, "evs_rna_gpm": -4.9697087479039226e-05, "evs_sispi_gpm": -0.005876317691719146, "mse_sispi_gpm": 0.013666172588832487, "med_ae_sispi_gpm": 0.0, "med_ae_rna_gpm": 0.379, "msle_sispi_gpm": 0.004611281584402039, "mae_sispi_gpm": 0.009208121827411167, "msle_rna_gpm": 0.10457246828634068, "corrcoef_rna_gpm": [1.0, -0.01428131976958515, -0.014281319769585151, 1.0], "mse_rna_gpm": 0.15094065736040604, "r2_rna_gpm": -10.155563755695326, "r2_sispi_gpm": -0.010025146816722064, "corrcoef_sispi_gpm": [1.0, -0.007627744616977156, -0.007627744616977155, 1.0]}