{"mae_rna_gpm": 0.5287789072426938, "evs_rna_gpm": 0.034034248079262364, "evs_sispi_gpm": -0.03209227353018829, "mse_sispi_gpm": 2.1039838869123253, "med_ae_sispi_gpm": 0.0, "med_ae_rna_gpm": 0.315, "msle_sispi_gpm": 0.15100661683097522, "mae_sispi_gpm": 0.30042312579415503, "msle_rna_gpm": 0.17046181997995577, "corrcoef_rna_gpm": [1.0, 0.1880670971245334, 0.1880670971245334, 0.9999999999999999], "mse_rna_gpm": 1.9228540012706479, "r2_rna_gpm": 0.03230931809356985, "r2_sispi_gpm": -0.05884565385666796, "corrcoef_sispi_gpm": [0.9999999999999998, 0.16040850376073396, 0.16040850376073396, 0.9999999999999999]}