{"mae_rna_gpm": 0.3855837563451777, "evs_rna_gpm": -3.3905520735455497e-05, "evs_sispi_gpm": -0.005876317691719146, "mse_sispi_gpm": 0.013666172588832487, "med_ae_sispi_gpm": 0.0, "med_ae_rna_gpm": 0.382, "msle_sispi_gpm": 0.004611281584402039, "mae_sispi_gpm": 0.009208121827411167, "msle_rna_gpm": 0.10594593575599723, "corrcoef_rna_gpm": [1.0, -0.009754454584842389, -0.009754454584842389, 1.0], "mse_rna_gpm": 0.1531640862944162, "r2_rna_gpm": -10.319890608800142, "r2_sispi_gpm": -0.010025146816722064, "corrcoef_sispi_gpm": [1.0, -0.007627744616977156, -0.007627744616977155, 1.0]}