{"mae_sispi_gpm": 0.006791878172588833, "r2_sispi_gpm": -23.406878950455067, "corrcoef_rna_gpm": [1.0, -0.012053318930670739, -0.012053318930670737, 1.0], "r2_rna_gpm": -631.619550163992, "med_ae_rna_gpm": 0.274, "evs_sispi_gpm": -23.18178196746239, "mae_rna_gpm": 0.2737106598984772, "med_ae_sispi_gpm": 0.0, "mse_sispi_gpm": 0.002895380710659899, "corrcoef_sispi_gpm": [1.0, -0.008517934729095096, -0.008517934729095098, 1.0], "evs_rna_gpm": -0.09535524229457604, "mse_rna_gpm": 0.07504746700507617, "msle_rna_gpm": 0.05858127969750478, "msle_sispi_gpm": 0.0018379197395735356}