{"mae_sispi_gpm": 0.5288271918678527, "r2_sispi_gpm": -0.323326484097864, "corrcoef_rna_gpm": [0.9999999999999999, 0.17663304006487057, 0.17663304006487057, 1.0], "r2_rna_gpm": 0.030258717330404084, "med_ae_rna_gpm": 0.418, "evs_sispi_gpm": -0.31290461154893756, "mae_rna_gpm": 0.7684002541296061, "med_ae_sispi_gpm": 0.0, "mse_sispi_gpm": 7.508623764930115, "corrcoef_sispi_gpm": [1.0, 0.1655090633249102, 0.16550906332491017, 1.0], "evs_rna_gpm": 0.03027326012231657, "mse_rna_gpm": 5.502362817026684, "msle_rna_gpm": 0.2692715851840053, "msle_sispi_gpm": 0.2354885047093225}