{"mae_sispi_gpm": 0.015040609137055839, "r2_sispi_gpm": -0.3182828222980405, "corrcoef_rna_gpm": [1.0, -0.011250447560873806, -0.011250447560873808, 0.9999999999999999], "r2_rna_gpm": -6.648008600856303, "med_ae_rna_gpm": 0.314, "evs_sispi_gpm": -0.3181629775680641, "mae_rna_gpm": 0.3182969543147208, "med_ae_sispi_gpm": 0.0, "mse_sispi_gpm": 0.018575355329949243, "corrcoef_sispi_gpm": [1.0, -0.006437901136219788, -0.006437901136219788, 0.9999999999999999], "evs_rna_gpm": -0.0003976481093508344, "mse_rna_gpm": 0.10776479441624365, "msle_rna_gpm": 0.07642519341405403, "msle_sispi_gpm": 0.006932368266958242}