{"mae_sispi_gpm": 0.37646124523506985, "r2_sispi_gpm": -0.597775811382597, "corrcoef_rna_gpm": [0.9999999999999999, -0.19466834472150096, -0.19466834472150096, 1.0], "r2_rna_gpm": -0.01881594931048869, "med_ae_rna_gpm": 0.248, "evs_sispi_gpm": -0.5813461007875993, "mae_rna_gpm": 0.4959199491740788, "med_ae_sispi_gpm": 0.0, "mse_sispi_gpm": 3.095556453621347, "corrcoef_sispi_gpm": [1.0, 0.18464094172002332, 0.1846409417200233, 1.0], "evs_rna_gpm": -0.015279534840940023, "mse_rna_gpm": 1.9738703418043204, "msle_rna_gpm": 0.18317915333677612, "msle_sispi_gpm": 0.17362545523593625}