{"mae_sispi_gpm": 0.48449936467598476, "r2_sispi_gpm": -0.14013332723827654, "corrcoef_rna_gpm": [1.0, 0.1471100669408497, 0.1471100669408497, 1.0], "r2_rna_gpm": 0.020030342254786615, "med_ae_rna_gpm": 0.292, "evs_sispi_gpm": -0.12985680265127586, "mae_rna_gpm": 0.6648551461245235, "med_ae_sispi_gpm": 0.0, "mse_sispi_gpm": 7.391155228716645, "corrcoef_sispi_gpm": [1.0, 0.12272694288150296, 0.12272694288150295, 1.0], "evs_rna_gpm": 0.020648726185798938, "mse_rna_gpm": 6.352860395171535, "msle_rna_gpm": 0.21549978199300732, "msle_sispi_gpm": 0.21665039652107673}