{"mae_rna_gpm": 0.7383659466327827, "evs_rna_gpm": -0.5490222476143689, "evs_sispi_gpm": -0.5784615135629869, "mse_sispi_gpm": 7.1249690368487935, "med_ae_sispi_gpm": 0.0, "med_ae_rna_gpm": 0.321, "msle_sispi_gpm": 0.28007096598522696, "mae_sispi_gpm": 0.5729961880559087, "msle_rna_gpm": 0.26179045593283223, "corrcoef_rna_gpm": [1.0, -0.005139116262686125, -0.0051391162626861255, 0.9999999999999998], "mse_rna_gpm": 6.899089804320203, "r2_rna_gpm": -0.5509404692793025, "r2_sispi_gpm": -0.6017189419234719, "corrcoef_sispi_gpm": [1.0, 0.005493042183289205, 0.005493042183289205, 0.9999999999999998]}