{"mae_rna_gpm": 0.9186302414231258, "evs_rna_gpm": -0.06490650204992687, "evs_sispi_gpm": -0.8502944917515718, "mse_sispi_gpm": 5.029213256670902, "med_ae_sispi_gpm": 0.0, "med_ae_rna_gpm": 0.767, "msle_sispi_gpm": 0.1576854921242525, "mae_sispi_gpm": 0.34812833545108, "msle_rna_gpm": 0.36036528224719755, "corrcoef_rna_gpm": [1.0, 0.0251651256418565, 0.0251651256418565, 1.0], "mse_rna_gpm": 3.17289263278272, "r2_rna_gpm": -0.17228048378486083, "r2_sispi_gpm": -0.8581304922432071, "corrcoef_sispi_gpm": [1.0, 0.012167316598382617, 0.012167316598382617, 1.0]}