{"mae_sispi_gpm": 0.0901092757306226, "r2_sispi_gpm": 0.002118012364207944, "corrcoef_rna_gpm": [1.0, -0.12773125581512906, -0.12773125581512906, 1.0], "r2_rna_gpm": -0.2879989285731692, "med_ae_rna_gpm": 0.53, "evs_sispi_gpm": 0.008790052386011826, "mae_rna_gpm": 0.5843278271918679, "med_ae_sispi_gpm": 0.0, "mse_sispi_gpm": 0.6975826861499365, "corrcoef_sispi_gpm": [1.0, 0.09711072433171393, 0.09711072433171394, 1.0], "evs_rna_gpm": -0.00011248229199822823, "mse_rna_gpm": 0.9003927954256669, "msle_rna_gpm": 0.20157427698200572, "msle_sispi_gpm": 0.044319539245402245}