{"mae_rna_gpm": 0.962891994917408, "evs_rna_gpm": -0.00013022515581284644, "evs_sispi_gpm": 0.028797210862901323, "mse_sispi_gpm": 6.836234594663277, "med_ae_sispi_gpm": 0.0, "med_ae_rna_gpm": 0.609, "msle_sispi_gpm": 0.1964269346210836, "mae_sispi_gpm": 0.49236086404066076, "msle_rna_gpm": 0.3416718496231159, "corrcoef_rna_gpm": [1.0, -0.13606643805190033, -0.13606643805190033, 1.0], "mse_rna_gpm": 6.986865567979671, "r2_rna_gpm": -0.002725406792102536, "r2_sispi_gpm": 0.018892513650847542, "corrcoef_sispi_gpm": [1.0, 0.3378632528892378, 0.3378632528892378, 1.0]}