{"mae_sispi_gpm": 0.009208121827411167, "r2_sispi_gpm": -0.010025146816722064, "corrcoef_rna_gpm": [1.0, -0.011658560214899692, -0.011658560214899692, 1.0], "r2_rna_gpm": -1.8147334703564013, "med_ae_rna_gpm": 0.165, "evs_sispi_gpm": -0.005876317691719146, "mae_rna_gpm": 0.17088324873096447, "med_ae_sispi_gpm": 0.0, "mse_sispi_gpm": 0.013666172588832487, "corrcoef_sispi_gpm": [1.0, -0.007627744616977156, -0.007627744616977155, 1.0], "evs_rna_gpm": -6.223693120288587e-05, "mse_rna_gpm": 0.03808482741116752, "msle_rna_gpm": 0.026334054539896266, "msle_sispi_gpm": 0.004611281584402039}