{"mae_rna_gpm": 0.4623151207115627, "evs_rna_gpm": -1.663506062998728, "evs_sispi_gpm": 0.032673849184786, "mse_sispi_gpm": 0.001300269377382465, "med_ae_sispi_gpm": 0.0, "med_ae_rna_gpm": 0.47, "msle_sispi_gpm": 0.0008402822541387361, "mae_sispi_gpm": 0.0038754764930114356, "msle_rna_gpm": 0.1449343451106434, "corrcoef_rna_gpm": [1.0, -0.3068708451508883, -0.3068708451508883, 1.0], "mse_rna_gpm": 0.21554024650571785, "r2_rna_gpm": -160.09628245904207, "r2_sispi_gpm": 0.028169605038975476, "corrcoef_sispi_gpm": [1.0, 0.21150478033344516, 0.21150478033344516, 1.0]}