{"mae_rna_gpm": 1.6425628970775097, "evs_rna_gpm": -517.4189904252614, "evs_sispi_gpm": 0.032673849184786, "mse_sispi_gpm": 0.001300269377382465, "med_ae_sispi_gpm": 0.0, "med_ae_rna_gpm": 1.635, "msle_sispi_gpm": 0.0008402822541387361, "mae_sispi_gpm": 0.0038754764930114356, "msle_rna_gpm": 0.9346644766858974, "corrcoef_rna_gpm": [0.9999999999999999, -0.03887708872051151, -0.03887708872051151, 1.0], "mse_rna_gpm": 3.390133790343074, "r2_rna_gpm": -2532.8096226430866, "r2_sispi_gpm": 0.028169605038975476, "corrcoef_sispi_gpm": [1.0, 0.21150478033344516, 0.21150478033344516, 1.0]}