{"mae_sispi_gpm": 0.004104060913705584, "r2_sispi_gpm": -0.9343684238894787, "corrcoef_rna_gpm": [1.0, -0.006866886526512054, -0.006866886526512054, 0.9999999999999999], "r2_rna_gpm": -218.68819649552995, "med_ae_rna_gpm": 0.42, "evs_sispi_gpm": -0.9333431238390371, "mae_rna_gpm": 0.41917512690355335, "med_ae_sispi_gpm": 0.0, "mse_sispi_gpm": 0.0015489314720812187, "corrcoef_sispi_gpm": [1.0, -0.00520585160741406, -0.00520585160741406, 0.9999999999999999], "evs_rna_gpm": -0.000593874216538337, "mse_rna_gpm": 0.17591372842639588, "msle_rna_gpm": 0.12258696943888232, "msle_sispi_gpm": 0.0010291673442051209}