{"mae_rna_gpm": 0.28261753494282094, "evs_rna_gpm": -1.919975695585722, "evs_sispi_gpm": 0.003934879248258971, "mse_sispi_gpm": 0.0003864739517153748, "med_ae_sispi_gpm": 0.0, "med_ae_rna_gpm": 0.281, "msle_sispi_gpm": 0.0002994880268348079, "mae_sispi_gpm": 0.002209656925031766, "msle_rna_gpm": 0.06221199514359629, "corrcoef_rna_gpm": [0.9999999999999999, 0.07737966704365701, 0.07737966704365701, 0.9999999999999998], "mse_rna_gpm": 0.08081548665819571, "r2_rna_gpm": -208.46649853864858, "r2_sispi_gpm": -0.0017058461158767635, "corrcoef_sispi_gpm": [1.0, 0.09828267023488675, 0.09828267023488675, 0.9999999999999998]}