{"mae_rna_gpm": 0.7424777636594664, "evs_rna_gpm": -3.6989516257378767, "evs_sispi_gpm": -0.7087041708683011, "mse_sispi_gpm": 1.4412752490470138, "med_ae_sispi_gpm": 0.0, "med_ae_rna_gpm": 0.475, "msle_sispi_gpm": 0.13390295386033255, "mae_sispi_gpm": 0.2579911054637865, "msle_rna_gpm": 0.26298244077752714, "corrcoef_rna_gpm": [0.9999999999999999, 0.14041805555806655, 0.14041805555806655, 1.0], "mse_rna_gpm": 4.14676289707751, "r2_rna_gpm": -3.9454495186117686, "r2_sispi_gpm": -0.7188718437724029, "corrcoef_sispi_gpm": [0.9999999999999999, 0.13653723934964695, 0.13653723934964695, 1.0]}