{"mae_rna_gpm": 0.501722998729352, "evs_rna_gpm": -3.853275484533292e-05, "evs_sispi_gpm": 0.04106653776467273, "mse_sispi_gpm": 2.477680405336721, "med_ae_sispi_gpm": 0.0, "med_ae_rna_gpm": 0.367, "msle_sispi_gpm": 0.0634195226510932, "mae_sispi_gpm": 0.16637738246505718, "msle_rna_gpm": 0.15166083614403345, "corrcoef_rna_gpm": [0.9999999999999999, -0.15759556731910712, -0.15759556731910712, 0.9999999999999999], "mse_rna_gpm": 2.615050907242693, "r2_rna_gpm": -0.01751148942367764, "r2_sispi_gpm": 0.03593911974423458, "corrcoef_sispi_gpm": [1.0, 0.21154063995364414, 0.2115406399536441, 0.9999999999999999]}