{"mae_sispi_gpm": 0.16637738246505718, "r2_sispi_gpm": 0.03593911974423458, "corrcoef_rna_gpm": [1.0, 0.24089071533003242, 0.24089071533003245, 0.9999999999999999], "r2_rna_gpm": -0.0228630342385443, "med_ae_rna_gpm": 0.399, "evs_sispi_gpm": 0.04106653776467273, "mae_rna_gpm": 0.5324942820838628, "med_ae_sispi_gpm": 0.0, "mse_sispi_gpm": 2.477680405336721, "corrcoef_sispi_gpm": [1.0, 0.21154063995364414, 0.2115406399536441, 0.9999999999999999], "evs_rna_gpm": 0.0003117241642106583, "mse_rna_gpm": 2.628804621346888, "msle_rna_gpm": 0.16481969528753695, "msle_sispi_gpm": 0.0634195226510932}