{"mae_sispi_gpm": 0.06563786531130876, "r2_sispi_gpm": -1.9164344410917074, "corrcoef_rna_gpm": [1.0, -0.056866851776553755, -0.05686685177655376, 1.0], "r2_rna_gpm": -4.5173001427189625, "med_ae_rna_gpm": 0.926, "evs_sispi_gpm": -1.9141037782265489, "mae_rna_gpm": 0.946040660736976, "med_ae_sispi_gpm": 0.0, "mse_sispi_gpm": 0.5311989440914867, "corrcoef_sispi_gpm": [1.0, 0.3897920343215137, 0.3897920343215137, 1.0], "evs_rna_gpm": -0.1016557517396981, "mse_rna_gpm": 1.004920243964422, "msle_rna_gpm": 0.43517227076387355, "msle_sispi_gpm": 0.022564802884585882}