{"mae_sispi_gpm": 0.4560393900889454, "r2_sispi_gpm": 0.0031374734397435766, "corrcoef_rna_gpm": [1.0, 0.08979879301479289, 0.08979879301479289, 0.9999999999999999], "r2_rna_gpm": -1.2953267179255294, "med_ae_rna_gpm": 0.087, "evs_sispi_gpm": 0.020332713320680762, "mae_rna_gpm": 0.714786531130877, "med_ae_sispi_gpm": 0.0, "mse_sispi_gpm": 7.387991124523507, "corrcoef_sispi_gpm": [1.0, 0.16517502592671215, 0.16517502592671215, 0.9999999999999999], "evs_rna_gpm": -1.29446659072953, "mse_rna_gpm": 17.011225688691233, "msle_rna_gpm": 0.24040092888503006, "msle_sispi_gpm": 0.18738497322447667}