{"mae_rna_gpm": 0.714786531130877, "evs_rna_gpm": -1.29446659072953, "evs_sispi_gpm": 0.020332713320680762, "mse_sispi_gpm": 7.387991124523507, "med_ae_sispi_gpm": 0.0, "med_ae_rna_gpm": 0.087, "msle_sispi_gpm": 0.18738497322447667, "mae_sispi_gpm": 0.4560393900889454, "msle_rna_gpm": 0.24040092888503006, "corrcoef_rna_gpm": [1.0, 0.08979879301479289, 0.08979879301479289, 0.9999999999999999], "mse_rna_gpm": 17.011225688691233, "r2_rna_gpm": -1.2953267179255294, "r2_sispi_gpm": 0.0031374734397435766, "corrcoef_sispi_gpm": [1.0, 0.16517502592671215, 0.16517502592671215, 0.9999999999999999]}