{"mae_rna_gpm": 0.41922842639593905, "evs_rna_gpm": -0.0010071107871751916, "evs_sispi_gpm": -0.9333431238390371, "mse_sispi_gpm": 0.0015489314720812187, "med_ae_sispi_gpm": 0.0, "med_ae_rna_gpm": 0.42, "msle_sispi_gpm": 0.0010291673442051209, "mae_sispi_gpm": 0.004104060913705584, "msle_rna_gpm": 0.12261334763165337, "corrcoef_rna_gpm": [1.0, -0.010024911761744587, -0.010024911761744588, 0.9999999999999999], "mse_rna_gpm": 0.17595867005076138, "r2_rna_gpm": -218.74432141819943, "r2_sispi_gpm": -0.9343684238894787, "corrcoef_sispi_gpm": [1.0, -0.00520585160741406, -0.00520585160741406, 0.9999999999999999]}