{"mae_sispi_gpm": 0.4344104193138501, "r2_sispi_gpm": -0.25047961218929116, "corrcoef_rna_gpm": [1.0, -0.006598526763990845, -0.006598526763990845, 1.0], "r2_rna_gpm": -0.44137990149789674, "med_ae_rna_gpm": 0.318, "evs_sispi_gpm": -0.24028673659225896, "mae_rna_gpm": 0.694533672172808, "med_ae_sispi_gpm": 0.0, "mse_sispi_gpm": 6.981796504447269, "corrcoef_sispi_gpm": [1.0, 0.09597558228532925, 0.09597558228532926, 1.0], "evs_rna_gpm": -0.4413788064184292, "mse_rna_gpm": 8.047649125794155, "msle_rna_gpm": 0.23616406124496814, "msle_sispi_gpm": 0.19475544090738803}