{"mae_rna_gpm": 0.7132071156289707, "evs_rna_gpm": 0.0018676584615990866, "evs_sispi_gpm": 0.04106653776467273, "mse_sispi_gpm": 2.477680405336721, "med_ae_sispi_gpm": 0.0, "med_ae_rna_gpm": 0.587, "msle_sispi_gpm": 0.0634195226510932, "mae_sispi_gpm": 0.16637738246505718, "msle_rna_gpm": 0.25538887331159504, "corrcoef_rna_gpm": [1.0, 0.11171242017086666, 0.11171242017086665, 0.9999999999999999], "mse_rna_gpm": 2.752392551461245, "r2_rna_gpm": -0.07095087011858903, "r2_sispi_gpm": 0.03593911974423458, "corrcoef_sispi_gpm": [1.0, 0.21154063995364414, 0.2115406399536441, 0.9999999999999999]}