{"mae_sispi_gpm": 0.06563786531130876, "r2_sispi_gpm": -1.9164344410917074, "corrcoef_rna_gpm": [1.0, 0.08553342205234701, 0.08553342205234701, 1.0], "r2_rna_gpm": -1.2544731537937248, "med_ae_rna_gpm": 0.516, "evs_sispi_gpm": -1.9141037782265489, "mae_rna_gpm": 0.5352337992376112, "med_ae_sispi_gpm": 0.0, "mse_sispi_gpm": 0.5311989440914867, "corrcoef_sispi_gpm": [1.0, 0.3897920343215137, 0.3897920343215137, 1.0], "evs_rna_gpm": 0.0002963035968210903, "mse_rna_gpm": 0.41062941168996187, "msle_rna_gpm": 0.1800021674548381, "msle_sispi_gpm": 0.022564802884585882}