{"mae_sispi_gpm": 0.08157687420584497, "r2_sispi_gpm": 0.03465172104970626, "corrcoef_rna_gpm": [0.9999999999999998, -1.349668517343899e-16, -1.349668517343899e-16, 1.0], "r2_rna_gpm": -0.7146826691932775, "med_ae_rna_gpm": 0.799, "evs_sispi_gpm": 0.039813910657991, "mae_rna_gpm": 0.8446442185514614, "med_ae_sispi_gpm": 0.0, "mse_sispi_gpm": 0.7022327890724269, "corrcoef_sispi_gpm": [1.0, 0.2067385318173683, 0.20673853181736826, 1.0], "evs_rna_gpm": -2.220446049250313e-16, "mse_rna_gpm": 1.2473284714104191, "msle_rna_gpm": 0.3555404363751165, "msle_sispi_gpm": 0.03694316530602025}