{"mae_rna_gpm": 0.27409148665819577, "evs_rna_gpm": -5.404340881278237, "evs_sispi_gpm": 0.003934879248258971, "mse_sispi_gpm": 0.0003864739517153748, "med_ae_sispi_gpm": 0.0, "med_ae_rna_gpm": 0.269, "msle_sispi_gpm": 0.0002994880268348079, "mae_sispi_gpm": 0.002209656925031766, "msle_rna_gpm": 0.059458882910938635, "corrcoef_rna_gpm": [1.0, 0.09122924095013692, 0.09122924095013692, 0.9999999999999998], "mse_rna_gpm": 0.07740491486658196, "r2_rna_gpm": -199.62660211847935, "r2_sispi_gpm": -0.0017058461158767635, "corrcoef_sispi_gpm": [1.0, 0.09828267023488675, 0.09828267023488675, 0.9999999999999998]}