{"mae_rna_gpm": 0.5617763659466328, "evs_rna_gpm": -0.0005062573267518022, "evs_sispi_gpm": 0.039813910657991, "mse_sispi_gpm": 0.7022327890724269, "med_ae_sispi_gpm": 0.0, "med_ae_rna_gpm": 0.508, "msle_sispi_gpm": 0.03694316530602025, "mae_sispi_gpm": 0.08157687420584497, "msle_rna_gpm": 0.18896838189717172, "corrcoef_rna_gpm": [1.0, -0.46384330982699895, -0.46384330982699895, 1.0], "mse_rna_gpm": 0.9126775069885642, "r2_rna_gpm": -0.25464329538332797, "r2_sispi_gpm": 0.03465172104970626, "corrcoef_sispi_gpm": [1.0, 0.2067385318173683, 0.20673853181736826, 1.0]}