{"mae_rna_gpm": 0.5302236340533673, "evs_rna_gpm": -0.04148991267391211, "evs_sispi_gpm": -0.04486618413287058, "mse_sispi_gpm": 1.8152289047013979, "med_ae_sispi_gpm": 0.0, "med_ae_rna_gpm": 0.373, "msle_sispi_gpm": 0.14489080338124866, "mae_sispi_gpm": 0.29470139771283355, "msle_rna_gpm": 0.19181720992315746, "corrcoef_rna_gpm": [1.0, -0.2001003247137992, -0.20010032471379924, 0.9999999999999998], "mse_rna_gpm": 1.7776582465057178, "r2_rna_gpm": -0.04391304782365135, "r2_sispi_gpm": -0.06597606268204004, "corrcoef_sispi_gpm": [1.0, 0.1664896102707176, 0.16648961027071757, 0.9999999999999998]}