{"mae_rna_gpm": 0.5499631512071157, "evs_rna_gpm": 0.06942134036278469, "evs_sispi_gpm": -0.8280457604563873, "mse_sispi_gpm": 4.056457121982211, "med_ae_sispi_gpm": 0.0, "med_ae_rna_gpm": 0.29, "msle_sispi_gpm": 0.1730377860557444, "mae_sispi_gpm": 0.40699745870393905, "msle_rna_gpm": 0.17692187544401558, "corrcoef_rna_gpm": [1.0, 0.2700634530855161, 0.2700634530855161, 1.0], "mse_rna_gpm": 2.0675195057179163, "r2_rna_gpm": 0.06617697176429971, "r2_sispi_gpm": -0.8321534878300307, "corrcoef_sispi_gpm": [1.0, 0.2075723111830406, 0.2075723111830406, 1.0]}