{"mae_rna_gpm": 0.6439491740787802, "evs_rna_gpm": 0.030430447320732523, "evs_sispi_gpm": -0.4939435270643113, "mse_sispi_gpm": 6.809539435832274, "med_ae_sispi_gpm": 0.0, "med_ae_rna_gpm": 0.331, "msle_sispi_gpm": 0.24429529648365336, "mae_sispi_gpm": 0.5420991105463786, "msle_rna_gpm": 0.21235659297222942, "corrcoef_rna_gpm": [0.9999999999999998, 0.18633754106746642, 0.18633754106746642, 1.0], "mse_rna_gpm": 4.411268592121981, "r2_rna_gpm": 0.030338041535532767, "r2_sispi_gpm": -0.49683729469165794, "corrcoef_sispi_gpm": [0.9999999999999999, 0.14513519349831006, 0.14513519349831003, 1.0]}