{"mae_rna_gpm": 0.6115603557814485, "evs_rna_gpm": -0.17312436496403572, "evs_sispi_gpm": -0.09467340518684564, "mse_sispi_gpm": 2.9095188157560354, "med_ae_sispi_gpm": 0.0, "med_ae_rna_gpm": 0.275, "msle_sispi_gpm": 0.20233855830070444, "mae_sispi_gpm": 0.4007725540025413, "msle_rna_gpm": 0.20771823695766037, "corrcoef_rna_gpm": [1.0, 0.3272365629614423, 0.3272365629614423, 0.9999999999999999], "mse_rna_gpm": 3.062695565438373, "r2_rna_gpm": -0.17363604385776021, "r2_sispi_gpm": -0.11493815806824093, "corrcoef_sispi_gpm": [1.0, 0.14361643567069463, 0.14361643567069463, 0.9999999999999999]}