{"mae_rna_gpm": 1.275781448538755, "evs_rna_gpm": -0.014330009174534641, "evs_sispi_gpm": -0.0009892268980045138, "mse_sispi_gpm": 6.488722514612452, "med_ae_sispi_gpm": 0.0, "med_ae_rna_gpm": 1.086, "msle_sispi_gpm": 0.17568381101519343, "mae_sispi_gpm": 0.3980876747141042, "msle_rna_gpm": 0.5603730274871817, "corrcoef_rna_gpm": [1.0, -0.10571616498465572, -0.10571616498465572, 1.0], "mse_rna_gpm": 6.920847811944091, "r2_rna_gpm": -0.0860013722354005, "r2_sispi_gpm": -0.018193398612590173, "corrcoef_sispi_gpm": [1.0, 0.1137534580705603, 0.11375345807056028, 1.0]}