{"mae_rna_gpm": 0.5495717916137229, "evs_rna_gpm": 0.018286409107395873, "evs_sispi_gpm": -2.1861256421571365, "mse_sispi_gpm": 5.418043917407878, "med_ae_sispi_gpm": 0.0, "med_ae_rna_gpm": 0.35, "msle_sispi_gpm": 0.21033903807123938, "mae_sispi_gpm": 0.4727534942820839, "msle_rna_gpm": 0.17795923749347808, "corrcoef_rna_gpm": [1.0, 0.1393634931522308, 0.13936349315223082, 1.0], "mse_rna_gpm": 1.6790643672172811, "r2_rna_gpm": 0.012459044696238597, "r2_sispi_gpm": -2.186620102564726, "corrcoef_sispi_gpm": [1.0, 0.15130136910246464, 0.15130136910246464, 1.0]}