{"mae_sispi_gpm": 0.002209656925031766, "r2_sispi_gpm": -0.0017058461158767635, "corrcoef_rna_gpm": [1.0, -0.03759234296302835, -0.03759234296302835, 0.9999999999999998], "r2_rna_gpm": -418.4816389654552, "med_ae_rna_gpm": 0.401, "evs_sispi_gpm": 0.003934879248258971, "mae_rna_gpm": 0.4010825921219821, "med_ae_sispi_gpm": 0.0, "mse_sispi_gpm": 0.0003864739517153748, "corrcoef_sispi_gpm": [1.0, 0.09828267023488675, 0.09828267023488675, 0.9999999999999998], "evs_rna_gpm": -1.5757074570474603, "mse_rna_gpm": 0.16184264803049556, "msle_rna_gpm": 0.11395739895696759, "msle_sispi_gpm": 0.0002994880268348079}