{"mae_rna_gpm": 0.4230634517766498, "evs_rna_gpm": 5.859018326703769e-05, "evs_sispi_gpm": -0.9333431238390371, "mse_sispi_gpm": 0.0015489314720812187, "med_ae_sispi_gpm": 0.0, "med_ae_rna_gpm": 0.424, "msle_sispi_gpm": 0.0010291673442051209, "mae_sispi_gpm": 0.004104060913705584, "msle_rna_gpm": 0.12451503466249028, "corrcoef_rna_gpm": [1.0, 0.007664372199863865, 0.007664372199863865, 0.9999999999999999], "mse_rna_gpm": 0.17919972842639592, "r2_rna_gpm": -222.79188652667136, "r2_sispi_gpm": -0.9343684238894787, "corrcoef_sispi_gpm": [1.0, -0.00520585160741406, -0.00520585160741406, 0.9999999999999999]}