{"mae_rna_gpm": 0.3747331639135959, "evs_rna_gpm": 0.0, "evs_sispi_gpm": 0.039813910657991, "mse_sispi_gpm": 0.7022327890724269, "med_ae_sispi_gpm": 0.0, "med_ae_rna_gpm": 0.315, "msle_sispi_gpm": 0.03694316530602025, "mae_sispi_gpm": 0.08157687420584497, "msle_rna_gpm": 0.10253612005611593, "corrcoef_rna_gpm": [0.9999999999999998, 1.349668517343899e-16, 1.349668517343899e-16, 1.0], "mse_rna_gpm": 0.7836244917407877, "r2_rna_gpm": -0.0772361618780053, "r2_sispi_gpm": 0.03465172104970626, "corrcoef_sispi_gpm": [1.0, 0.2067385318173683, 0.20673853181736826, 1.0]}