{"mae_sispi_gpm": 0.42913087674714107, "r2_sispi_gpm": -0.8663241302629863, "corrcoef_rna_gpm": [0.9999999999999999, 0.028650358734010187, 0.028650358734010187, 1.0], "r2_rna_gpm": -6.502046901946555, "med_ae_rna_gpm": 0.529, "evs_sispi_gpm": -0.8605245749723791, "mae_rna_gpm": 0.9398653113087675, "med_ae_sispi_gpm": 0.0, "mse_sispi_gpm": 3.241642729351969, "corrcoef_sispi_gpm": [1.0, 0.07806173148810314, 0.07806173148810314, 1.0], "evs_rna_gpm": -6.379536815860494, "mse_rna_gpm": 13.030403133418039, "msle_rna_gpm": 0.31267299879724725, "msle_sispi_gpm": 0.21135546190182417}