{"mae_sispi_gpm": 0.34722490470139766, "r2_sispi_gpm": -0.33032142219151495, "corrcoef_rna_gpm": [1.0, 0.3423696063864574, 0.3423696063864574, 1.0], "r2_rna_gpm": 0.10284543846575522, "med_ae_rna_gpm": 0.229, "evs_sispi_gpm": -0.310243533502091, "mae_rna_gpm": 0.48701397712833544, "med_ae_sispi_gpm": 0.0, "mse_sispi_gpm": 2.9635682210927574, "corrcoef_sispi_gpm": [1.0, 0.22116207928390288, 0.22116207928390286, 1.0], "evs_rna_gpm": 0.10327827460208872, "mse_rna_gpm": 1.9985987623888184, "msle_rna_gpm": 0.15746195396307994, "msle_sispi_gpm": 0.1644713724635352}