{"mae_sispi_gpm": 0.28257814485387545, "r2_sispi_gpm": -0.05216552577822564, "corrcoef_rna_gpm": [1.0, 0.13064185650216262, 0.13064185650216262, 1.0], "r2_rna_gpm": -1.0239039362349347, "med_ae_rna_gpm": 0.232, "evs_sispi_gpm": -0.023889874435839342, "mae_rna_gpm": 0.49566963151207116, "med_ae_sispi_gpm": 0.0, "mse_sispi_gpm": 1.8179245095298602, "corrcoef_sispi_gpm": [1.0, 0.17654915388812978, 0.17654915388812975, 1.0], "evs_rna_gpm": -1.0236203045289183, "mse_rna_gpm": 3.496887590851334, "msle_rna_gpm": 0.156997042130873, "msle_sispi_gpm": 0.1381792646439807}