{"mae_rna_gpm": 0.39349809402795427, "evs_rna_gpm": 0.00014877369429067144, "evs_sispi_gpm": 0.008790052386011826, "mse_sispi_gpm": 0.6975826861499365, "med_ae_sispi_gpm": 0.0, "med_ae_rna_gpm": 0.332, "msle_sispi_gpm": 0.044319539245402245, "mae_sispi_gpm": 0.0901092757306226, "msle_rna_gpm": 0.11064835020326165, "corrcoef_rna_gpm": [1.0, 0.17247391177272794, 0.17247391177272792, 1.0], "mse_rna_gpm": 0.7618442706480307, "r2_rna_gpm": -0.08980725892012087, "r2_sispi_gpm": 0.002118012364207944, "corrcoef_sispi_gpm": [1.0, 0.09711072433171393, 0.09711072433171394, 1.0]}