{"mae_rna_gpm": 0.8229949174078779, "evs_rna_gpm": 2.7625072396286754e-06, "evs_sispi_gpm": -0.0006942850003093248, "mse_sispi_gpm": 4.293915273189327, "med_ae_sispi_gpm": 0.0, "med_ae_rna_gpm": 0.661, "msle_sispi_gpm": 0.08979415153670318, "mae_sispi_gpm": 0.20007623888182974, "msle_rna_gpm": 0.30640033588692545, "corrcoef_rna_gpm": [0.9999999999999999, 0.05662737507147837, 0.05662737507147837, 0.9999999999999998], "mse_rna_gpm": 4.4759163316391355, "r2_rna_gpm": -0.051024645374473154, "r2_sispi_gpm": -0.008287564575436779, "corrcoef_sispi_gpm": [0.9999999999999998, 0.03434950690756995, 0.03434950690756995, 0.9999999999999998]}