{"mae_rna_gpm": 0.20141041931385006, "evs_rna_gpm": -3.9515074324343784, "evs_sispi_gpm": 0.003934879248258971, "mse_sispi_gpm": 0.0003864739517153748, "med_ae_sispi_gpm": 0.0, "med_ae_rna_gpm": 0.196, "msle_sispi_gpm": 0.0002994880268348079, "mae_sispi_gpm": 0.002209656925031766, "msle_rna_gpm": 0.034502967172742205, "corrcoef_rna_gpm": [1.0, 0.15377711815564823, 0.15377711815564823, 0.9999999999999998], "mse_rna_gpm": 0.042271026683608645, "r2_rna_gpm": -108.56271273225502, "r2_sispi_gpm": -0.0017058461158767635, "corrcoef_sispi_gpm": [1.0, 0.09828267023488675, 0.09828267023488675, 0.9999999999999998]}