{"mae_sispi_gpm": 0.30711054637865315, "r2_sispi_gpm": -0.2583899762361177, "corrcoef_rna_gpm": [1.0, 0.05134499313245734, 0.05134499313245734, 1.0], "r2_rna_gpm": -0.2931296884753718, "med_ae_rna_gpm": 0.46, "evs_sispi_gpm": -0.23769519320345744, "mae_rna_gpm": 0.663536213468869, "med_ae_sispi_gpm": 0.0, "mse_sispi_gpm": 1.9138159745870398, "corrcoef_sispi_gpm": [1.0, 0.07885940101341682, 0.07885940101341682, 1.0], "evs_rna_gpm": -0.2554814497058293, "mse_rna_gpm": 1.9666496886912328, "msle_rna_gpm": 0.22858304918704664, "msle_sispi_gpm": 0.15795614904023492}