{"mae_sispi_gpm": 0.16637738246505718, "r2_sispi_gpm": 0.03593911974423458, "corrcoef_rna_gpm": [1.0, 0.16454525054806368, 0.1645452505480637, 0.9999999999999999], "r2_rna_gpm": -0.044818001593290635, "med_ae_rna_gpm": 0.525, "evs_sispi_gpm": 0.04106653776467273, "mae_rna_gpm": 0.6562541296060992, "med_ae_sispi_gpm": 0.0, "mse_sispi_gpm": 2.477680405336721, "corrcoef_sispi_gpm": [1.0, 0.21154063995364414, 0.2115406399536441, 0.9999999999999999], "evs_rna_gpm": 0.010394326263719611, "mse_rna_gpm": 2.685229888182973, "msle_rna_gpm": 0.22297639328202573, "msle_sispi_gpm": 0.0634195226510932}