{"mae_rna_gpm": 14.017393900889454, "evs_rna_gpm": -11402.317543193143, "evs_sispi_gpm": 0.032673849184786, "mse_sispi_gpm": 0.001300269377382465, "med_ae_sispi_gpm": 0.0, "med_ae_rna_gpm": 13.877, "msle_sispi_gpm": 0.0008402822541387361, "mae_sispi_gpm": 0.0038754764930114356, "msle_rna_gpm": 7.237071814848862, "corrcoef_rna_gpm": [1.0, 0.0027377291293932925, 0.0027377291293932925, 1.0], "mse_rna_gpm": 211.74450491613723, "r2_rna_gpm": -158258.31874034097, "r2_sispi_gpm": 0.028169605038975476, "corrcoef_sispi_gpm": [1.0, 0.21150478033344516, 0.21150478033344516, 1.0]}