{"mae_rna_gpm": 0.5312249047013976, "evs_rna_gpm": 0.012850002895642754, "evs_sispi_gpm": -0.1920624790299852, "mse_sispi_gpm": 4.64046625794155, "med_ae_sispi_gpm": 0.0, "med_ae_rna_gpm": 0.282, "msle_sispi_gpm": 0.16859656904180623, "mae_sispi_gpm": 0.349284625158831, "msle_rna_gpm": 0.17006967056374261, "corrcoef_rna_gpm": [1.0, 0.12481265664183949, 0.12481265664183949, 0.9999999999999999], "mse_rna_gpm": 3.817862462515884, "r2_rna_gpm": 0.012606713604971675, "r2_sispi_gpm": -0.20013889285438946, "corrcoef_sispi_gpm": [1.0, 0.10048823962495883, 0.10048823962495883, 0.9999999999999999]}