{"mae_rna_gpm": 0.47067090216010166, "evs_rna_gpm": -0.3799885819868225, "evs_sispi_gpm": -0.07263543671994799, "mse_sispi_gpm": 3.948654451080051, "med_ae_sispi_gpm": 0.0, "med_ae_rna_gpm": 0.183, "msle_sispi_gpm": 0.14970669787331503, "mae_sispi_gpm": 0.3201130876747141, "msle_rna_gpm": 0.14690211463928426, "corrcoef_rna_gpm": [1.0, 0.09082917244123904, 0.09082917244123904, 1.0], "mse_rna_gpm": 5.010665705209656, "r2_rna_gpm": -0.3805995713793058, "r2_sispi_gpm": -0.08798131094997963, "corrcoef_sispi_gpm": [1.0, 0.07631866652402214, 0.07631866652402214, 1.0]}