{"mae_sispi_gpm": 0.006791878172588833, "r2_sispi_gpm": -23.406878950455067, "corrcoef_rna_gpm": [0.9999999999999998, -0.01108625135502614, -0.01108625135502614, 1.0], "r2_rna_gpm": -463.6295641738527, "med_ae_rna_gpm": 0.235, "evs_sispi_gpm": -23.18178196746239, "mae_rna_gpm": 0.2345101522842639, "med_ae_sispi_gpm": 0.0, "mse_sispi_gpm": 0.002895380710659899, "corrcoef_sispi_gpm": [1.0, -0.008517934729095096, -0.008517934729095098, 1.0], "evs_rna_gpm": -0.044038369643128794, "mse_rna_gpm": 0.05511886548223348, "msle_rna_gpm": 0.044446124345016325, "msle_sispi_gpm": 0.0018379197395735356}