{"mae_rna_gpm": 0.5892515883100382, "evs_rna_gpm": 0.021783481774528157, "evs_sispi_gpm": -0.1363896485934275, "mse_sispi_gpm": 3.3275028919949174, "med_ae_sispi_gpm": 0.0, "med_ae_rna_gpm": 0.277, "msle_sispi_gpm": 0.20825912818717315, "mae_sispi_gpm": 0.4057458703939009, "msle_rna_gpm": 0.20212725179075855, "corrcoef_rna_gpm": [1.0, 0.15046299889930967, 0.15046299889930964, 1.0], "mse_rna_gpm": 2.8148459377382467, "r2_rna_gpm": 0.021633852524017505, "r2_sispi_gpm": -0.1565521727175212, "corrcoef_sispi_gpm": [1.0, 0.15733678487935357, 0.15733678487935357, 1.0]}