{"mae_rna_gpm": 0.7510203303684879, "evs_rna_gpm": 0.01251997309730879, "evs_sispi_gpm": 0.026468928639789113, "mse_sispi_gpm": 6.236441105463786, "med_ae_sispi_gpm": 0.0, "med_ae_rna_gpm": 0.314, "msle_sispi_gpm": 0.24918700929824, "mae_sispi_gpm": 0.5173722998729352, "msle_rna_gpm": 0.2587681722868492, "corrcoef_rna_gpm": [1.0, 0.11304676818108386, 0.11304676818108386, 1.0], "mse_rna_gpm": 6.174496125794154, "r2_rna_gpm": 0.009349161731160405, "r2_sispi_gpm": -0.0005894380810427258, "corrcoef_sispi_gpm": [0.9999999999999998, 0.1800176665267589, 0.1800176665267589, 1.0]}