{"mae_rna_gpm": 1.2094396442185515, "evs_rna_gpm": -0.008399974922993492, "evs_sispi_gpm": -0.31880336223973904, "mse_sispi_gpm": 7.6626408564167745, "med_ae_sispi_gpm": 0.0, "med_ae_rna_gpm": 0.954, "msle_sispi_gpm": 0.2331275713672588, "mae_sispi_gpm": 0.5239771283354511, "msle_rna_gpm": 0.5028131604932967, "corrcoef_rna_gpm": [1.0, 0.03432993171338655, 0.034329931713386545, 1.0], "mse_rna_gpm": 6.105030003811944, "r2_rna_gpm": -0.06111585072894066, "r2_sispi_gpm": -0.3318443424700792, "corrcoef_sispi_gpm": [1.0, 0.07025416685337961, 0.07025416685337961, 1.0]}