{"mae_sispi_gpm": 0.001789072426937738, "r2_sispi_gpm": 0.0382345567028749, "corrcoef_rna_gpm": [1.0, 0.39390475861514135, 0.3939047586151413, 1.0], "r2_rna_gpm": -70.47407747477313, "med_ae_rna_gpm": 0.156, "evs_sispi_gpm": 0.04270648971252944, "mae_rna_gpm": 0.15558068614993645, "med_ae_sispi_gpm": 0.0, "mse_sispi_gpm": 0.0003267141041931385, "corrcoef_sispi_gpm": [0.9999999999999999, 0.20708859143467773, 0.20708859143467773, 1.0], "evs_rna_gpm": 0.09080634261069598, "mse_rna_gpm": 0.024279921219822108, "msle_rna_gpm": 0.020929186663569493, "msle_sispi_gpm": 0.0002457247718611219}