{"mae_rna_gpm": 0.5734371029224904, "evs_rna_gpm": -0.029584931954774518, "evs_sispi_gpm": -0.265811099111106, "mse_sispi_gpm": 3.4089729567979665, "med_ae_sispi_gpm": 0.0, "med_ae_rna_gpm": 0.324, "msle_sispi_gpm": 0.18832898279214583, "mae_sispi_gpm": 0.37106099110546376, "msle_rna_gpm": 0.19421769229006627, "corrcoef_rna_gpm": [1.0, 0.023260700546754224, 0.023260700546754224, 1.0], "mse_rna_gpm": 2.7464386111817025, "r2_rna_gpm": -0.03146814285291155, "r2_sispi_gpm": -0.2802933189434269, "corrcoef_sispi_gpm": [1.0, 0.03421473123131723, 0.03421473123131723, 1.0]}