{"mae_rna_gpm": 0.2133527918781726, "evs_rna_gpm": -3.7590965522582565e-05, "evs_sispi_gpm": -0.005876317691719146, "mse_sispi_gpm": 0.013666172588832487, "med_ae_sispi_gpm": 0.0, "med_ae_rna_gpm": 0.208, "msle_sispi_gpm": 0.004611281584402039, "mae_sispi_gpm": 0.009208121827411167, "msle_rna_gpm": 0.03834665273706406, "corrcoef_rna_gpm": [0.9999999999999999, -0.009736908371574557, -0.009736908371574557, 1.0], "mse_rna_gpm": 0.05340220558375633, "r2_rna_gpm": -2.946794187214212, "r2_sispi_gpm": -0.010025146816722064, "corrcoef_sispi_gpm": [1.0, -0.007627744616977156, -0.007627744616977155, 1.0]}