{"mae_sispi_gpm": 0.004104060913705584, "r2_sispi_gpm": -0.9343684238894787, "corrcoef_rna_gpm": [1.0, 0.003315460424724353, 0.003315460424724353, 0.9999999999999999], "r2_rna_gpm": -4971.127926721646, "med_ae_rna_gpm": 2.0, "evs_sispi_gpm": -0.9333431238390371, "mae_rna_gpm": 1.9931015228426396, "med_ae_sispi_gpm": 0.0, "mse_sispi_gpm": 0.0015489314720812187, "corrcoef_sispi_gpm": [1.0, -0.00520585160741406, -0.00520585160741406, 0.9999999999999999], "evs_rna_gpm": -10.166707228482412, "mse_rna_gpm": 3.981395340101522, "msle_rna_gpm": 1.2007903579622692, "msle_sispi_gpm": 0.0010291673442051209}