{"mae_rna_gpm": 1.411794416243655, "evs_rna_gpm": -6.48272400508109, "evs_sispi_gpm": -0.9333431238390371, "mse_sispi_gpm": 0.0015489314720812187, "med_ae_sispi_gpm": 0.0, "med_ae_rna_gpm": 1.419, "msle_sispi_gpm": 0.0010291673442051209, "mae_sispi_gpm": 0.004104060913705584, "msle_rna_gpm": 0.774750792578351, "corrcoef_rna_gpm": [0.9999999999999998, 0.004389583450038567, 0.004389583450038567, 0.9999999999999999], "mse_rna_gpm": 1.9991552106598982, "r2_rna_gpm": -2495.626082985196, "r2_sispi_gpm": -0.9343684238894787, "corrcoef_sispi_gpm": [1.0, -0.00520585160741406, -0.00520585160741406, 0.9999999999999999]}