{"mae_sispi_gpm": 0.0038754764930114356, "r2_sispi_gpm": 0.028169605038975476, "corrcoef_rna_gpm": [0.9999999999999998, 0.05243883068794611, 0.05243883068794611, 1.0], "r2_rna_gpm": -12.199336240430991, "med_ae_rna_gpm": 0.123, "evs_sispi_gpm": 0.032673849184786, "mae_rna_gpm": 0.12699364675984753, "med_ae_sispi_gpm": 0.0, "mse_sispi_gpm": 0.001300269377382465, "corrcoef_sispi_gpm": [1.0, 0.21150478033344516, 0.21150478033344516, 1.0], "evs_rna_gpm": -0.7655422653573647, "mse_rna_gpm": 0.01766017280813215, "msle_rna_gpm": 0.014983686337481704, "msle_sispi_gpm": 0.0008402822541387361}