{"mae_sispi_gpm": 0.001789072426937738, "r2_sispi_gpm": 0.0382345567028749, "corrcoef_rna_gpm": [1.0, -0.3799622644547426, -0.3799622644547426, 1.0], "r2_rna_gpm": -116670.65634546995, "med_ae_rna_gpm": 6.479, "evs_sispi_gpm": 0.04270648971252944, "mae_rna_gpm": 6.1810368487928855, "med_ae_sispi_gpm": 0.0, "mse_sispi_gpm": 0.0003267141041931385, "corrcoef_sispi_gpm": [0.9999999999999999, 0.20708859143467773, 0.20708859143467773, 1.0], "evs_rna_gpm": -4210.430261875333, "mse_rna_gpm": 39.63365075476492, "msle_rna_gpm": 3.8594938640019176, "msle_sispi_gpm": 0.0002457247718611219}