{"mae_sispi_gpm": 0.35709656925031763, "r2_sispi_gpm": -0.07076271055759897, "corrcoef_rna_gpm": [1.0, 0.010356504436236405, 0.010356504436236405, 1.0], "r2_rna_gpm": -1.2126142411176257, "med_ae_rna_gpm": 0.249, "evs_sispi_gpm": -0.05231922483300555, "mae_rna_gpm": 0.5803405336721729, "med_ae_sispi_gpm": 0.0, "mse_sispi_gpm": 2.6322648983481574, "corrcoef_sispi_gpm": [0.9999999999999998, 0.1411817488814196, 0.14118174888141957, 1.0], "evs_rna_gpm": -1.212264994034845, "mse_rna_gpm": 5.439288035578145, "msle_rna_gpm": 0.19759598364752387, "msle_sispi_gpm": 0.17426857574448454}