{"mae_sispi_gpm": 0.001789072426937738, "r2_sispi_gpm": 0.0382345567028749, "corrcoef_rna_gpm": [1.0, -0.12685057052778867, -0.12685057052778867, 1.0], "r2_rna_gpm": -134.6483969786025, "med_ae_rna_gpm": 0.214, "evs_sispi_gpm": 0.04270648971252944, "mae_rna_gpm": 0.21342566709021601, "med_ae_sispi_gpm": 0.0, "mse_sispi_gpm": 0.0003267141041931385, "corrcoef_sispi_gpm": [0.9999999999999999, 0.20708859143467773, 0.20708859143467773, 1.0], "evs_rna_gpm": -1.8173242409130173, "mse_rna_gpm": 0.046080096569250314, "msle_rna_gpm": 0.037674541875475503, "msle_sispi_gpm": 0.0002457247718611219}