{"mae_rna_gpm": 0.5887674714104193, "evs_rna_gpm": -5.525952981329227, "evs_sispi_gpm": 0.04270648971252944, "mse_sispi_gpm": 0.0003267141041931385, "med_ae_sispi_gpm": 0.0, "med_ae_rna_gpm": 0.596, "msle_sispi_gpm": 0.0002457247718611219, "mae_sispi_gpm": 0.001789072426937738, "msle_rna_gpm": 0.21480376229086046, "corrcoef_rna_gpm": [1.0, -0.1806381057579883, -0.1806381057579883, 1.0], "mse_rna_gpm": 0.34886401778907244, "r2_rna_gpm": -1025.9693056194967, "r2_sispi_gpm": 0.0382345567028749, "corrcoef_sispi_gpm": [0.9999999999999999, 0.20708859143467773, 0.20708859143467773, 1.0]}