{"mae_sispi_gpm": 0.43778017789072426, "r2_sispi_gpm": -0.8896036204475106, "corrcoef_rna_gpm": [1.0, -0.12603055879215427, -0.1260305587921543, 0.9999999999999999], "r2_rna_gpm": -0.05690198097887178, "med_ae_rna_gpm": 0.583, "evs_sispi_gpm": -0.8847582550479871, "mae_rna_gpm": 0.7507928843710292, "med_ae_sispi_gpm": 0.0, "mse_sispi_gpm": 4.2255690609911065, "corrcoef_sispi_gpm": [0.9999999999999999, 0.03968968398652478, 0.03968968398652478, 0.9999999999999999], "evs_rna_gpm": -0.02754823206562884, "mse_rna_gpm": 2.3634651537484115, "msle_rna_gpm": 0.2784094789065031, "msle_sispi_gpm": 0.22077269448443385}