{"mae_rna_gpm": 0.7610343074968233, "evs_rna_gpm": 0.0, "evs_sispi_gpm": 0.04106653776467273, "mse_sispi_gpm": 2.477680405336721, "med_ae_sispi_gpm": 0.0, "med_ae_rna_gpm": 0.636, "msle_sispi_gpm": 0.0634195226510932, "mae_sispi_gpm": 0.16637738246505718, "msle_rna_gpm": 0.2828849170874421, "corrcoef_rna_gpm": [NaN, NaN, NaN, 0.9999999999999999], "mse_rna_gpm": 2.8013515781448532, "r2_rna_gpm": -0.09000073718756263, "r2_sispi_gpm": 0.03593911974423458, "corrcoef_sispi_gpm": [1.0, 0.21154063995364414, 0.2115406399536441, 0.9999999999999999]}