{"mae_sispi_gpm": 0.015040609137055839, "r2_sispi_gpm": -0.3182828222980405, "corrcoef_rna_gpm": [1.0, -0.013197789201604053, -0.013197789201604053, 0.9999999999999999], "r2_rna_gpm": -6.539523685042582, "med_ae_rna_gpm": 0.311, "evs_sispi_gpm": -0.3181629775680641, "mae_rna_gpm": 0.3157893401015228, "med_ae_sispi_gpm": 0.0, "mse_sispi_gpm": 0.018575355329949243, "corrcoef_sispi_gpm": [1.0, -0.006437901136219788, -0.006437901136219788, 0.9999999999999999], "evs_rna_gpm": -0.0017115787242696356, "mse_rna_gpm": 0.10623618020304569, "msle_rna_gpm": 0.07539954049650675, "msle_sispi_gpm": 0.006932368266958242}