{"mae_rna_gpm": 0.5190444726810673, "evs_rna_gpm": 0.000557314928128827, "evs_sispi_gpm": -0.02498879985763547, "mse_sispi_gpm": 4.03443207750953, "med_ae_sispi_gpm": 0.0, "med_ae_rna_gpm": 0.243, "msle_sispi_gpm": 0.1724691024473172, "mae_sispi_gpm": 0.35691867852604825, "msle_rna_gpm": 0.1715150304486291, "corrcoef_rna_gpm": [0.9999999999999999, 0.11452736071657056, 0.11452736071657056, 1.0], "mse_rna_gpm": 3.8725959949174067, "r2_rna_gpm": -4.264762456518412e-05, "r2_sispi_gpm": -0.04183450629741037, "corrcoef_sispi_gpm": [1.0, 0.1256386305525092, 0.12563863055250923, 1.0]}