{"mae_rna_gpm": 0.0015989847715736044, "evs_rna_gpm": 0.0, "evs_sispi_gpm": -0.9333431238390371, "mse_sispi_gpm": 0.0015489314720812187, "med_ae_sispi_gpm": 0.0, "med_ae_rna_gpm": 0.0, "msle_sispi_gpm": 0.0010291673442051209, "mae_sispi_gpm": 0.004104060913705584, "msle_rna_gpm": 0.0005089291974580659, "corrcoef_rna_gpm": [NaN, NaN, NaN, 0.9999999999999999], "mse_rna_gpm": 0.0008032994923857869, "r2_rna_gpm": -0.003192975935629505, "r2_sispi_gpm": -0.9343684238894787, "corrcoef_sispi_gpm": [1.0, -0.00520585160741406, -0.00520585160741406, 0.9999999999999999]}