{"mae_rna_gpm": 0.5313367217280813, "evs_rna_gpm": 0.03732457600583461, "evs_sispi_gpm": -0.3914026367295942, "mse_sispi_gpm": 2.540276119440915, "med_ae_sispi_gpm": 0.0, "med_ae_rna_gpm": 0.281, "msle_sispi_gpm": 0.17275849094845752, "mae_sispi_gpm": 0.3491689961880558, "msle_rna_gpm": 0.17570449284203565, "corrcoef_rna_gpm": [0.9999999999999998, 0.19349620023576358, 0.19349620023576355, 0.9999999999999999], "mse_rna_gpm": 1.7395917534942822, "r2_rna_gpm": 0.03601723110598287, "r2_sispi_gpm": -0.40767648642572807, "corrcoef_sispi_gpm": [0.9999999999999998, 0.16206639110734097, 0.16206639110734097, 0.9999999999999999]}