{"mae_rna_gpm": 0.714725540025413, "evs_rna_gpm": 0.0013183898063753308, "evs_sispi_gpm": -1.9141037782265489, "mse_sispi_gpm": 0.5311989440914867, "med_ae_sispi_gpm": 0.0, "med_ae_rna_gpm": 0.7, "msle_sispi_gpm": 0.022564802884585882, "mae_sispi_gpm": 0.06563786531130876, "msle_rna_gpm": 0.2845340294672027, "corrcoef_rna_gpm": [1.0, 0.316325934063519, 0.316325934063519, 1.0], "mse_rna_gpm": 0.6202497166454891, "r2_rna_gpm": -2.40534870376311, "r2_sispi_gpm": -1.9164344410917074, "corrcoef_sispi_gpm": [1.0, 0.3897920343215137, 0.3897920343215137, 1.0]}