{"mae_rna_gpm": 0.7593176620076239, "evs_rna_gpm": -0.006168121404755311, "evs_sispi_gpm": -0.004449915088355905, "mse_sispi_gpm": 8.59339139898348, "med_ae_sispi_gpm": 0.0, "med_ae_rna_gpm": 0.465, "msle_sispi_gpm": 0.18562806328963508, "mae_sispi_gpm": 0.3998208386277001, "msle_rna_gpm": 0.2570871234733006, "corrcoef_rna_gpm": [1.0, -0.006643976911126622, -0.006643976911126623, 1.0], "mse_rna_gpm": 8.518968562897074, "r2_rna_gpm": -0.006910156878284779, "r2_sispi_gpm": -0.0157066571829656, "corrcoef_sispi_gpm": [1.0, 0.08032635484478164, 0.08032635484478164, 1.0]}