{"mae_sispi_gpm": 0.08157687420584497, "r2_sispi_gpm": 0.03465172104970626, "corrcoef_rna_gpm": [0.9999999999999998, 0.39287860213234654, 0.3928786021323465, 1.0], "r2_rna_gpm": -0.28120438690687544, "med_ae_rna_gpm": 0.54, "evs_sispi_gpm": 0.039813910657991, "mae_rna_gpm": 0.593725540025413, "med_ae_sispi_gpm": 0.0, "mse_sispi_gpm": 0.7022327890724269, "corrcoef_sispi_gpm": [1.0, 0.2067385318173683, 0.20673853181736826, 1.0], "evs_rna_gpm": 0.014451705054187247, "mse_rna_gpm": 0.9319991029224904, "msle_rna_gpm": 0.2051872014039672, "msle_sispi_gpm": 0.03694316530602025}