{"mae_sispi_gpm": 0.0901092757306226, "r2_sispi_gpm": 0.002118012364207944, "corrcoef_rna_gpm": [0.9999999999999998, -2.429627725050665e-16, -2.429627725050665e-16, 1.0], "r2_rna_gpm": -0.08494112497740258, "med_ae_rna_gpm": 0.325, "evs_sispi_gpm": 0.008790052386011826, "mae_rna_gpm": 0.38668996188055915, "med_ae_sispi_gpm": 0.0, "mse_sispi_gpm": 0.6975826861499365, "corrcoef_sispi_gpm": [1.0, 0.09711072433171393, 0.09711072433171394, 1.0], "evs_rna_gpm": 0.0, "mse_rna_gpm": 0.7584425349428205, "msle_rna_gpm": 0.10793330512263268, "msle_sispi_gpm": 0.044319539245402245}