{"mae_rna_gpm": 0.4364510800508259, "evs_rna_gpm": -0.7920870570574428, "evs_sispi_gpm": -0.02090713426107227, "mse_sispi_gpm": 0.0008145171537484115, "med_ae_sispi_gpm": 0.0, "med_ae_rna_gpm": 0.439, "msle_sispi_gpm": 0.0005719261146479861, "mae_sispi_gpm": 0.0029491740787801783, "msle_rna_gpm": 0.13136744672308034, "corrcoef_rna_gpm": [1.0, -0.029596635367139287, -0.029596635367139287, 1.0], "mse_rna_gpm": 0.19158283481575603, "r2_rna_gpm": -240.53607448744438, "r2_sispi_gpm": -0.02689406443054554, "corrcoef_sispi_gpm": [1.0, 0.03358157778466294, 0.03358157778466295, 1.0]}