{"mae_rna_gpm": 0.5539402795425667, "evs_rna_gpm": -126.97283438290918, "evs_sispi_gpm": 0.04270648971252944, "mse_sispi_gpm": 0.0003267141041931385, "med_ae_sispi_gpm": 0.0, "med_ae_rna_gpm": 0.516, "msle_sispi_gpm": 0.0002457247718611219, "mae_sispi_gpm": 0.001789072426937738, "msle_rna_gpm": 0.1973015058142259, "corrcoef_rna_gpm": [1.0, 0.42434120638170236, 0.4243412063817023, 1.0], "mse_rna_gpm": 0.3503225222363405, "r2_rna_gpm": -1030.2627816533575, "r2_sispi_gpm": 0.0382345567028749, "corrcoef_sispi_gpm": [0.9999999999999999, 0.20708859143467773, 0.20708859143467773, 1.0]}