{"mae_sispi_gpm": 0.4789479034307497, "r2_sispi_gpm": -0.9285438854042698, "corrcoef_rna_gpm": [1.0, 0.08563381456779931, 0.08563381456779932, 1.0], "r2_rna_gpm": 0.005848478328308926, "med_ae_rna_gpm": 0.311, "evs_sispi_gpm": -0.9186828513653547, "mae_rna_gpm": 0.603869123252859, "med_ae_sispi_gpm": 0.0, "mse_sispi_gpm": 7.253918022871664, "corrcoef_sispi_gpm": [0.9999999999999999, 0.029196832065018274, 0.02919683206501827, 1.0], "evs_rna_gpm": 0.00585689085513208, "mse_rna_gpm": 3.7393464027954257, "msle_rna_gpm": 0.20143384233981274, "msle_sispi_gpm": 0.22201529077822404}