{"mae_rna_gpm": 0.5771372299872936, "evs_rna_gpm": 0.0329222469134125, "evs_sispi_gpm": 0.008860394756259105, "mse_sispi_gpm": 7.912895905972046, "med_ae_sispi_gpm": 0.0, "med_ae_rna_gpm": 0.281, "msle_sispi_gpm": 0.1730780298430914, "mae_sispi_gpm": 0.4100508259212199, "msle_rna_gpm": 0.1676652664660137, "corrcoef_rna_gpm": [1.0, 0.1998710369663273, 0.19987103696632727, 0.9999999999999999], "mse_rna_gpm": 7.685587988564168, "r2_rna_gpm": 0.03289544851357462, "r2_sispi_gpm": 0.004292494277521874, "corrcoef_sispi_gpm": [1.0, 0.15747849863840763, 0.15747849863840763, 0.9999999999999999]}