{"mae_rna_gpm": 1.8293875476493013, "evs_rna_gpm": -1.4933421086969725, "evs_sispi_gpm": -0.07062719211352908, "mse_sispi_gpm": 2.7032076454892, "med_ae_sispi_gpm": 0.0, "med_ae_rna_gpm": 1.672, "msle_sispi_gpm": 0.20223612436363939, "mae_sispi_gpm": 0.3734879288437103, "msle_rna_gpm": 0.9413125736452932, "corrcoef_rna_gpm": [1.0, -0.0037074844916418935, -0.003707484491641893, 1.0], "mse_rna_gpm": 7.972201763659467, "r2_rna_gpm": -2.24618417586133, "r2_sispi_gpm": -0.10071347201157366, "corrcoef_sispi_gpm": [1.0, 0.058007364926995084, 0.058007364926995084, 1.0]}