{"mae_sispi_gpm": 0.4586925031766201, "r2_sispi_gpm": -0.6659105443178117, "corrcoef_rna_gpm": [0.9999999999999999, 0.08309711022663281, 0.0830971102266328, 1.0], "r2_rna_gpm": -0.00758829636877012, "med_ae_rna_gpm": 0.273, "evs_sispi_gpm": -0.662237436437205, "mae_rna_gpm": 0.5472388818297332, "med_ae_sispi_gpm": 0.0, "mse_sispi_gpm": 5.636048059720458, "corrcoef_sispi_gpm": [1.0, 0.030579129665000638, 0.030579129665000638, 1.0], "evs_rna_gpm": -0.007044282987787032, "mse_rna_gpm": 3.4088361359593384, "msle_rna_gpm": 0.18326017317346316, "msle_sispi_gpm": 0.22304809144054277}