{"mae_sispi_gpm": 0.16637738246505718, "r2_sispi_gpm": 0.03593911974423458, "corrcoef_rna_gpm": [1.0, -0.0985444422576921, -0.0985444422576921, 0.9999999999999999], "r2_rna_gpm": -0.08021670581044282, "med_ae_rna_gpm": 0.606, "evs_sispi_gpm": 0.04106653776467273, "mae_rna_gpm": 0.7319428208386277, "med_ae_sispi_gpm": 0.0, "mse_sispi_gpm": 2.477680405336721, "corrcoef_sispi_gpm": [1.0, 0.21154063995364414, 0.2115406399536441, 0.9999999999999999], "evs_rna_gpm": -0.0014648156592946826, "mse_rna_gpm": 2.776206171537485, "msle_rna_gpm": 0.2668561620689494, "msle_sispi_gpm": 0.0634195226510932}