{"mae_rna_gpm": 0.5653595933926303, "evs_rna_gpm": 0.05257406445923751, "evs_sispi_gpm": -0.25811031049540367, "mse_sispi_gpm": 2.9154560686149935, "med_ae_sispi_gpm": 0.0, "med_ae_rna_gpm": 0.333, "msle_sispi_gpm": 0.16330290728573674, "mae_sispi_gpm": 0.35738246505717913, "msle_rna_gpm": 0.18566896402860902, "corrcoef_rna_gpm": [0.9999999999999999, 0.23233908759986716, 0.23233908759986716, 1.0], "mse_rna_gpm": 2.1742803811944085, "r2_rna_gpm": 0.0518723652988855, "r2_sispi_gpm": -0.2713284313831035, "corrcoef_sispi_gpm": [1.0, 0.3155643862787372, 0.3155643862787372, 1.0]}