{"mae_rna_gpm": 0.46962261753494283, "evs_rna_gpm": -0.006235848625016249, "evs_sispi_gpm": -0.33453951298330087, "mse_sispi_gpm": 3.7442629504447273, "med_ae_sispi_gpm": 0.0, "med_ae_rna_gpm": 0.23, "msle_sispi_gpm": 0.15392050867931678, "mae_sispi_gpm": 0.3483176620076239, "msle_rna_gpm": 0.16035632603531985, "corrcoef_rna_gpm": [1.0, -0.008036968826258959, -0.008036968826258959, 1.0], "mse_rna_gpm": 2.7925314243964423, "r2_rna_gpm": -0.008169130150802228, "r2_sispi_gpm": -0.3517664613645686, "corrcoef_sispi_gpm": [1.0, 0.10782855957318636, 0.10782855957318639, 1.0]}